// Generated Font Arrays for STM32 - Derived from Hooge
#include "fonts.h"

// @10x8 pixel layout for Hooge
const uint8_t Font_Hooge_8_Table[] = {
    // ' ' (ASCII 32)
    0x00, 0x00, 
    0x00, 0x00, 
    0x00, 0x00, 
    0x00, 0x00, 
    0x00, 0x00, 
    0x00, 0x00, 
    0x00, 0x00, 
    0x00, 0x00, 
    // '!' (ASCII 33)
    0x00, 0x00, 
    0x00, 0x00, 
    0x20, 0x00, 
    0x20, 0x00, 
    0x20, 0x00, 
    0x00, 0x00, 
    0x20, 0x00, 
    0x00, 0x00, 
    // '"' (ASCII 34)
    0x00, 0x00, 
    0x00, 0x00, 
    0x50, 0x00, 
    0x50, 0x00, 
    0x00, 0x00, 
    0x00, 0x00, 
    0x00, 0x00, 
    0x00, 0x00, 
    // '#' (ASCII 35)
    0x00, 0x00, 
    0x00, 0x00, 
    0x28, 0x00, 
    0x7C, 0x00, 
    0x28, 0x00, 
    0x7C, 0x00, 
    0x28, 0x00, 
    0x00, 0x00, 
    // '$' (ASCII 36)
    0x00, 0x00, 
    0x10, 0x00, 
    0x7C, 0x00, 
    0x40, 0x00, 
    0x7C, 0x00, 
    0x04, 0x00, 
    0x7C, 0x00, 
    0x10, 0x00, 
    // '%' (ASCII 37)
    0x00, 0x00, 
    0x00, 0x00, 
    0x44, 0x00, 
    0x08, 0x00, 
    0x10, 0x00, 
    0x20, 0x00, 
    0x44, 0x00, 
    0x00, 0x00, 
    // '&' (ASCII 38)
    0x00, 0x00, 
    0x00, 0x00, 
    0x3C, 0x00, 
    0x24, 0x00, 
    0x7C, 0x00, 
    0x42, 0x00, 
    0x7C, 0x00, 
    0x00, 0x00, 
    // ''' (ASCII 39)
    0x00, 0x00, 
    0x00, 0x00, 
    0x40, 0x00, 
    0x40, 0x00, 
    0x00, 0x00, 
    0x00, 0x00, 
    0x00, 0x00, 
    0x00, 0x00, 
    // '(' (ASCII 40)
    0x00, 0x00, 
    0x20, 0x00, 
    0x40, 0x00, 
    0x40, 0x00, 
    0x40, 0x00, 
    0x40, 0x00, 
    0x40, 0x00, 
    0x20, 0x00, 
    // ')' (ASCII 41)
    0x00, 0x00, 
    0x40, 0x00, 
    0x20, 0x00, 
    0x20, 0x00, 
    0x20, 0x00, 
    0x20, 0x00, 
    0x20, 0x00, 
    0x40, 0x00, 
    // '*' (ASCII 42)
    0x00, 0x00, 
    0x00, 0x00, 
    0x28, 0x00, 
    0x10, 0x00, 
    0x7C, 0x00, 
    0x10, 0x00, 
    0x28, 0x00, 
    0x00, 0x00, 
    // '+' (ASCII 43)
    0x00, 0x00, 
    0x00, 0x00, 
    0x10, 0x00, 
    0x10, 0x00, 
    0x7C, 0x00, 
    0x10, 0x00, 
    0x10, 0x00, 
    0x00, 0x00, 
    // ',' (ASCII 44)
    0x00, 0x00, 
    0x00, 0x00, 
    0x00, 0x00, 
    0x00, 0x00, 
    0x00, 0x00, 
    0x00, 0x00, 
    0x20, 0x00, 
    0x20, 0x00, 
    // '-' (ASCII 45)
    0x00, 0x00, 
    0x00, 0x00, 
    0x00, 0x00, 
    0x00, 0x00, 
    0x70, 0x00, 
    0x00, 0x00, 
    0x00, 0x00, 
    0x00, 0x00, 
    // '.' (ASCII 46)
    0x00, 0x00, 
    0x00, 0x00, 
    0x00, 0x00, 
    0x00, 0x00, 
    0x00, 0x00, 
    0x00, 0x00, 
    0x40, 0x00, 
    0x00, 0x00, 
    // '/' (ASCII 47)
    0x00, 0x00, 
    0x00, 0x00, 
    0x04, 0x00, 
    0x08, 0x00, 
    0x10, 0x00, 
    0x20, 0x00, 
    0x40, 0x00, 
    0x00, 0x00, 
    // '0' (ASCII 48)
    0x00, 0x00, 
    0x00, 0x00, 
    0x7C, 0x00, 
    0x44, 0x00, 
    0x44, 0x00, 
    0x44, 0x00, 
    0x7C, 0x00, 
    0x00, 0x00, 
    // '1' (ASCII 49)
    0x00, 0x00, 
    0x00, 0x00, 
    0x60, 0x00, 
    0x20, 0x00, 
    0x20, 0x00, 
    0x20, 0x00, 
    0x20, 0x00, 
    0x00, 0x00, 
    // '2' (ASCII 50)
    0x00, 0x00, 
    0x00, 0x00, 
    0x7C, 0x00, 
    0x04, 0x00, 
    0x7C, 0x00, 
    0x40, 0x00, 
    0x7C, 0x00, 
    0x00, 0x00, 
    // '3' (ASCII 51)
    0x00, 0x00, 
    0x00, 0x00, 
    0x7C, 0x00, 
    0x04, 0x00, 
    0x3C, 0x00, 
    0x04, 0x00, 
    0x7C, 0x00, 
    0x00, 0x00, 
    // '4' (ASCII 52)
    0x00, 0x00, 
    0x00, 0x00, 
    0x44, 0x00, 
    0x44, 0x00, 
    0x7C, 0x00, 
    0x04, 0x00, 
    0x04, 0x00, 
    0x00, 0x00, 
    // '5' (ASCII 53)
    0x00, 0x00, 
    0x00, 0x00, 
    0x7C, 0x00, 
    0x40, 0x00, 
    0x7C, 0x00, 
    0x04, 0x00, 
    0x7C, 0x00, 
    0x00, 0x00, 
    // '6' (ASCII 54)
    0x00, 0x00, 
    0x00, 0x00, 
    0x7C, 0x00, 
    0x40, 0x00, 
    0x7C, 0x00, 
    0x44, 0x00, 
    0x7C, 0x00, 
    0x00, 0x00, 
    // '7' (ASCII 55)
    0x00, 0x00, 
    0x00, 0x00, 
    0x78, 0x00, 
    0x08, 0x00, 
    0x08, 0x00, 
    0x08, 0x00, 
    0x08, 0x00, 
    0x00, 0x00, 
    // '8' (ASCII 56)
    0x00, 0x00, 
    0x00, 0x00, 
    0x7C, 0x00, 
    0x44, 0x00, 
    0x7C, 0x00, 
    0x44, 0x00, 
    0x7C, 0x00, 
    0x00, 0x00, 
    // '9' (ASCII 57)
    0x00, 0x00, 
    0x00, 0x00, 
    0x7C, 0x00, 
    0x44, 0x00, 
    0x7C, 0x00, 
    0x04, 0x00, 
    0x7C, 0x00, 
    0x00, 0x00, 
    // ':' (ASCII 58)
    0x00, 0x00, 
    0x00, 0x00, 
    0x00, 0x00, 
    0x20, 0x00, 
    0x00, 0x00, 
    0x20, 0x00, 
    0x00, 0x00, 
    0x00, 0x00, 
    // ';' (ASCII 59)
    0x00, 0x00, 
    0x00, 0x00, 
    0x00, 0x00, 
    0x20, 0x00, 
    0x00, 0x00, 
    0x00, 0x00, 
    0x20, 0x00, 
    0x20, 0x00, 
    // '<' (ASCII 60)
    0x00, 0x00, 
    0x00, 0x00, 
    0x10, 0x00, 
    0x20, 0x00, 
    0x40, 0x00, 
    0x20, 0x00, 
    0x10, 0x00, 
    0x00, 0x00, 
    // '=' (ASCII 61)
    0x00, 0x00, 
    0x00, 0x00, 
    0x00, 0x00, 
    0x7C, 0x00, 
    0x00, 0x00, 
    0x7C, 0x00, 
    0x00, 0x00, 
    0x00, 0x00, 
    // '>' (ASCII 62)
    0x00, 0x00, 
    0x00, 0x00, 
    0x40, 0x00, 
    0x20, 0x00, 
    0x10, 0x00, 
    0x20, 0x00, 
    0x40, 0x00, 
    0x00, 0x00, 
    // '?' (ASCII 63)
    0x00, 0x00, 
    0x00, 0x00, 
    0x78, 0x00, 
    0x08, 0x00, 
    0x38, 0x00, 
    0x00, 0x00, 
    0x20, 0x00, 
    0x00, 0x00, 
    // '@' (ASCII 64)
    0x00, 0x00, 
    0x00, 0x00, 
    0x7C, 0x00, 
    0x44, 0x00, 
    0x5C, 0x00, 
    0x40, 0x00, 
    0x7C, 0x00, 
    0x00, 0x00, 
    // 'A' (ASCII 65)
    0x00, 0x00, 
    0x00, 0x00, 
    0x7C, 0x00, 
    0x44, 0x00, 
    0x7C, 0x00, 
    0x44, 0x00, 
    0x44, 0x00, 
    0x00, 0x00, 
    // 'B' (ASCII 66)
    0x00, 0x00, 
    0x00, 0x00, 
    0x7C, 0x00, 
    0x44, 0x00, 
    0x78, 0x00, 
    0x44, 0x00, 
    0x7C, 0x00, 
    0x00, 0x00, 
    // 'C' (ASCII 67)
    0x00, 0x00, 
    0x00, 0x00, 
    0x7C, 0x00, 
    0x40, 0x00, 
    0x40, 0x00, 
    0x40, 0x00, 
    0x7C, 0x00, 
    0x00, 0x00, 
    // 'D' (ASCII 68)
    0x00, 0x00, 
    0x00, 0x00, 
    0x78, 0x00, 
    0x44, 0x00, 
    0x44, 0x00, 
    0x44, 0x00, 
    0x78, 0x00, 
    0x00, 0x00, 
    // 'E' (ASCII 69)
    0x00, 0x00, 
    0x00, 0x00, 
    0x7C, 0x00, 
    0x40, 0x00, 
    0x78, 0x00, 
    0x40, 0x00, 
    0x7C, 0x00, 
    0x00, 0x00, 
    // 'F' (ASCII 70)
    0x00, 0x00, 
    0x00, 0x00, 
    0x7C, 0x00, 
    0x40, 0x00, 
    0x78, 0x00, 
    0x40, 0x00, 
    0x40, 0x00, 
    0x00, 0x00, 
    // 'G' (ASCII 71)
    0x00, 0x00, 
    0x00, 0x00, 
    0x7C, 0x00, 
    0x40, 0x00, 
    0x5C, 0x00, 
    0x44, 0x00, 
    0x7C, 0x00, 
    0x00, 0x00, 
    // 'H' (ASCII 72)
    0x00, 0x00, 
    0x00, 0x00, 
    0x44, 0x00, 
    0x44, 0x00, 
    0x7C, 0x00, 
    0x44, 0x00, 
    0x44, 0x00, 
    0x00, 0x00, 
    // 'I' (ASCII 73)
    0x00, 0x00, 
    0x00, 0x00, 
    0x40, 0x00, 
    0x40, 0x00, 
    0x40, 0x00, 
    0x40, 0x00, 
    0x40, 0x00, 
    0x00, 0x00, 
    // 'J' (ASCII 74)
    0x00, 0x00, 
    0x00, 0x00, 
    0x08, 0x00, 
    0x08, 0x00, 
    0x08, 0x00, 
    0x08, 0x00, 
    0x78, 0x00, 
    0x00, 0x00, 
    // 'K' (ASCII 75)
    0x00, 0x00, 
    0x00, 0x00, 
    0x44, 0x00, 
    0x44, 0x00, 
    0x78, 0x00, 
    0x44, 0x00, 
    0x44, 0x00, 
    0x00, 0x00, 
    // 'L' (ASCII 76)
    0x00, 0x00, 
    0x00, 0x00, 
    0x40, 0x00, 
    0x40, 0x00, 
    0x40, 0x00, 
    0x40, 0x00, 
    0x78, 0x00, 
    0x00, 0x00, 
    // 'M' (ASCII 77)
    0x00, 0x00, 
    0x00, 0x00, 
    0x7F, 0x00, 
    0x49, 0x00, 
    0x49, 0x00, 
    0x49, 0x00, 
    0x49, 0x00, 
    0x00, 0x00, 
    // 'N' (ASCII 78)
    0x00, 0x00, 
    0x00, 0x00, 
    0x7C, 0x00, 
    0x44, 0x00, 
    0x44, 0x00, 
    0x44, 0x00, 
    0x44, 0x00, 
    0x00, 0x00, 
    // 'O' (ASCII 79)
    0x00, 0x00, 
    0x00, 0x00, 
    0x7C, 0x00, 
    0x44, 0x00, 
    0x44, 0x00, 
    0x44, 0x00, 
    0x7C, 0x00, 
    0x00, 0x00, 
    // 'P' (ASCII 80)
    0x00, 0x00, 
    0x00, 0x00, 
    0x7C, 0x00, 
    0x44, 0x00, 
    0x7C, 0x00, 
    0x40, 0x00, 
    0x40, 0x00, 
    0x00, 0x00, 
    // 'Q' (ASCII 81)
    0x00, 0x00, 
    0x00, 0x00, 
    0x7C, 0x00, 
    0x44, 0x00, 
    0x44, 0x00, 
    0x44, 0x00, 
    0x7C, 0x00, 
    0x10, 0x00, 
    // 'R' (ASCII 82)
    0x00, 0x00, 
    0x00, 0x00, 
    0x7C, 0x00, 
    0x44, 0x00, 
    0x78, 0x00, 
    0x44, 0x00, 
    0x44, 0x00, 
    0x00, 0x00, 
    // 'S' (ASCII 83)
    0x00, 0x00, 
    0x00, 0x00, 
    0x7C, 0x00, 
    0x40, 0x00, 
    0x7C, 0x00, 
    0x04, 0x00, 
    0x7C, 0x00, 
    0x00, 0x00, 
    // 'T' (ASCII 84)
    0x00, 0x00, 
    0x00, 0x00, 
    0x7C, 0x00, 
    0x10, 0x00, 
    0x10, 0x00, 
    0x10, 0x00, 
    0x10, 0x00, 
    0x00, 0x00, 
    // 'U' (ASCII 85)
    0x00, 0x00, 
    0x00, 0x00, 
    0x44, 0x00, 
    0x44, 0x00, 
    0x44, 0x00, 
    0x44, 0x00, 
    0x7C, 0x00, 
    0x00, 0x00, 
    // 'V' (ASCII 86)
    0x00, 0x00, 
    0x00, 0x00, 
    0x44, 0x00, 
    0x44, 0x00, 
    0x44, 0x00, 
    0x44, 0x00, 
    0x38, 0x00, 
    0x00, 0x00, 
    // 'W' (ASCII 87)
    0x00, 0x00, 
    0x00, 0x00, 
    0x49, 0x00, 
    0x49, 0x00, 
    0x49, 0x00, 
    0x49, 0x00, 
    0x7F, 0x00, 
    0x00, 0x00, 
    // 'X' (ASCII 88)
    0x00, 0x00, 
    0x00, 0x00, 
    0x44, 0x00, 
    0x44, 0x00, 
    0x38, 0x00, 
    0x44, 0x00, 
    0x44, 0x00, 
    0x00, 0x00, 
    // 'Y' (ASCII 89)
    0x00, 0x00, 
    0x00, 0x00, 
    0x44, 0x00, 
    0x44, 0x00, 
    0x7C, 0x00, 
    0x10, 0x00, 
    0x10, 0x00, 
    0x00, 0x00, 
    // 'Z' (ASCII 90)
    0x00, 0x00, 
    0x00, 0x00, 
    0x7C, 0x00, 
    0x04, 0x00, 
    0x38, 0x00, 
    0x40, 0x00, 
    0x7C, 0x00, 
    0x00, 0x00, 
    // '[' (ASCII 91)
    0x00, 0x00, 
    0x60, 0x00, 
    0x40, 0x00, 
    0x40, 0x00, 
    0x40, 0x00, 
    0x40, 0x00, 
    0x40, 0x00, 
    0x60, 0x00, 
    // '\' (ASCII 92)
    0x00, 0x00, 
    0x00, 0x00, 
    0x40, 0x00, 
    0x20, 0x00, 
    0x10, 0x00, 
    0x08, 0x00, 
    0x04, 0x00, 
    0x00, 0x00, 
    // ']' (ASCII 93)
    0x00, 0x00, 
    0x60, 0x00, 
    0x20, 0x00, 
    0x20, 0x00, 
    0x20, 0x00, 
    0x20, 0x00, 
    0x20, 0x00, 
    0x60, 0x00, 
    // '^' (ASCII 94)
    0x00, 0x00, 
    0x00, 0x00, 
    0x20, 0x00, 
    0x50, 0x00, 
    0x00, 0x00, 
    0x00, 0x00, 
    0x00, 0x00, 
    0x00, 0x00, 
    // '_' (ASCII 95)
    0x00, 0x00, 
    0x00, 0x00, 
    0x00, 0x00, 
    0x00, 0x00, 
    0x00, 0x00, 
    0x00, 0x00, 
    0x00, 0x00, 
    0x7C, 0x00, 
    // '`' (ASCII 96)
    0x00, 0x00, 
    0x00, 0x00, 
    0x40, 0x00, 
    0x20, 0x00, 
    0x00, 0x00, 
    0x00, 0x00, 
    0x00, 0x00, 
    0x00, 0x00, 
    // 'a' (ASCII 97)
    0x00, 0x00, 
    0x00, 0x00, 
    0x00, 0x00, 
    0x38, 0x00, 
    0x48, 0x00, 
    0x48, 0x00, 
    0x78, 0x00, 
    0x00, 0x00, 
    // 'b' (ASCII 98)
    0x00, 0x00, 
    0x00, 0x00, 
    0x40, 0x00, 
    0x78, 0x00, 
    0x48, 0x00, 
    0x48, 0x00, 
    0x78, 0x00, 
    0x00, 0x00, 
    // 'c' (ASCII 99)
    0x00, 0x00, 
    0x00, 0x00, 
    0x00, 0x00, 
    0x78, 0x00, 
    0x40, 0x00, 
    0x40, 0x00, 
    0x78, 0x00, 
    0x00, 0x00, 
    // 'd' (ASCII 100)
    0x00, 0x00, 
    0x00, 0x00, 
    0x08, 0x00, 
    0x78, 0x00, 
    0x48, 0x00, 
    0x48, 0x00, 
    0x78, 0x00, 
    0x00, 0x00, 
    // 'e' (ASCII 101)
    0x00, 0x00, 
    0x00, 0x00, 
    0x00, 0x00, 
    0x78, 0x00, 
    0x48, 0x00, 
    0x50, 0x00, 
    0x78, 0x00, 
    0x00, 0x00, 
    // 'f' (ASCII 102)
    0x00, 0x00, 
    0x00, 0x00, 
    0x60, 0x00, 
    0x40, 0x00, 
    0x60, 0x00, 
    0x40, 0x00, 
    0x40, 0x00, 
    0x00, 0x00, 
    // 'g' (ASCII 103)
    0x00, 0x00, 
    0x00, 0x00, 
    0x00, 0x00, 
    0x78, 0x00, 
    0x48, 0x00, 
    0x48, 0x00, 
    0x78, 0x00, 
    0x08, 0x00, 
    // 'h' (ASCII 104)
    0x00, 0x00, 
    0x00, 0x00, 
    0x40, 0x00, 
    0x78, 0x00, 
    0x48, 0x00, 
    0x48, 0x00, 
    0x48, 0x00, 
    0x00, 0x00, 
    // 'i' (ASCII 105)
    0x00, 0x00, 
    0x00, 0x00, 
    0x40, 0x00, 
    0x00, 0x00, 
    0x40, 0x00, 
    0x40, 0x00, 
    0x40, 0x00, 
    0x00, 0x00, 
    // 'j' (ASCII 106)
    0x00, 0x00, 
    0x00, 0x00, 
    0x20, 0x00, 
    0x00, 0x00, 
    0x20, 0x00, 
    0x20, 0x00, 
    0x20, 0x00, 
    0x20, 0x00, 
    // 'k' (ASCII 107)
    0x00, 0x00, 
    0x00, 0x00, 
    0x40, 0x00, 
    0x48, 0x00, 
    0x70, 0x00, 
    0x48, 0x00, 
    0x48, 0x00, 
    0x00, 0x00, 
    // 'l' (ASCII 108)
    0x00, 0x00, 
    0x00, 0x00, 
    0x40, 0x00, 
    0x40, 0x00, 
    0x40, 0x00, 
    0x40, 0x00, 
    0x40, 0x00, 
    0x00, 0x00, 
    // 'm' (ASCII 109)
    0x00, 0x00, 
    0x00, 0x00, 
    0x00, 0x00, 
    0x7F, 0x00, 
    0x49, 0x00, 
    0x49, 0x00, 
    0x49, 0x00, 
    0x00, 0x00, 
    // 'n' (ASCII 110)
    0x00, 0x00, 
    0x00, 0x00, 
    0x00, 0x00, 
    0x78, 0x00, 
    0x48, 0x00, 
    0x48, 0x00, 
    0x48, 0x00, 
    0x00, 0x00, 
    // 'o' (ASCII 111)
    0x00, 0x00, 
    0x00, 0x00, 
    0x00, 0x00, 
    0x78, 0x00, 
    0x48, 0x00, 
    0x48, 0x00, 
    0x78, 0x00, 
    0x00, 0x00, 
    // 'p' (ASCII 112)
    0x00, 0x00, 
    0x00, 0x00, 
    0x00, 0x00, 
    0x78, 0x00, 
    0x48, 0x00, 
    0x48, 0x00, 
    0x78, 0x00, 
    0x40, 0x00, 
    // 'q' (ASCII 113)
    0x00, 0x00, 
    0x00, 0x00, 
    0x00, 0x00, 
    0x78, 0x00, 
    0x48, 0x00, 
    0x48, 0x00, 
    0x78, 0x00, 
    0x08, 0x00, 
    // 'r' (ASCII 114)
    0x00, 0x00, 
    0x00, 0x00, 
    0x00, 0x00, 
    0x70, 0x00, 
    0x40, 0x00, 
    0x40, 0x00, 
    0x40, 0x00, 
    0x00, 0x00, 
    // 's' (ASCII 115)
    0x00, 0x00, 
    0x00, 0x00, 
    0x00, 0x00, 
    0x38, 0x00, 
    0x60, 0x00, 
    0x18, 0x00, 
    0x70, 0x00, 
    0x00, 0x00, 
    // 't' (ASCII 116)
    0x00, 0x00, 
    0x00, 0x00, 
    0x20, 0x00, 
    0x70, 0x00, 
    0x20, 0x00, 
    0x20, 0x00, 
    0x20, 0x00, 
    0x00, 0x00, 
    // 'u' (ASCII 117)
    0x00, 0x00, 
    0x00, 0x00, 
    0x00, 0x00, 
    0x48, 0x00, 
    0x48, 0x00, 
    0x48, 0x00, 
    0x78, 0x00, 
    0x00, 0x00, 
    // 'v' (ASCII 118)
    0x00, 0x00, 
    0x00, 0x00, 
    0x00, 0x00, 
    0x48, 0x00, 
    0x48, 0x00, 
    0x48, 0x00, 
    0x30, 0x00, 
    0x00, 0x00, 
    // 'w' (ASCII 119)
    0x00, 0x00, 
    0x00, 0x00, 
    0x00, 0x00, 
    0x49, 0x00, 
    0x49, 0x00, 
    0x49, 0x00, 
    0x7F, 0x00, 
    0x00, 0x00, 
    // 'x' (ASCII 120)
    0x00, 0x00, 
    0x00, 0x00, 
    0x00, 0x00, 
    0x48, 0x00, 
    0x30, 0x00, 
    0x30, 0x00, 
    0x48, 0x00, 
    0x00, 0x00, 
    // 'y' (ASCII 121)
    0x00, 0x00, 
    0x00, 0x00, 
    0x00, 0x00, 
    0x48, 0x00, 
    0x48, 0x00, 
    0x48, 0x00, 
    0x78, 0x00, 
    0x08, 0x00, 
    // 'z' (ASCII 122)
    0x00, 0x00, 
    0x00, 0x00, 
    0x00, 0x00, 
    0x78, 0x00, 
    0x10, 0x00, 
    0x20, 0x00, 
    0x78, 0x00, 
    0x00, 0x00, 
    // '{' (ASCII 123)
    0x00, 0x00, 
    0x10, 0x00, 
    0x20, 0x00, 
    0x20, 0x00, 
    0x40, 0x00, 
    0x20, 0x00, 
    0x20, 0x00, 
    0x10, 0x00, 
    // '|' (ASCII 124)
    0x00, 0x00, 
    0x20, 0x00, 
    0x20, 0x00, 
    0x20, 0x00, 
    0x20, 0x00, 
    0x20, 0x00, 
    0x20, 0x00, 
    0x20, 0x00, 
    // '}' (ASCII 125)
    0x00, 0x00, 
    0x40, 0x00, 
    0x20, 0x00, 
    0x20, 0x00, 
    0x10, 0x00, 
    0x20, 0x00, 
    0x20, 0x00, 
    0x40, 0x00, 
    // '~' (ASCII 126)
    0x00, 0x00, 
    0x00, 0x00, 
    0x00, 0x00, 
    0x28, 0x00, 
    0x50, 0x00, 
    0x00, 0x00, 
    0x00, 0x00, 
    0x00, 0x00, 
};

sFONT Font_Hooge_8 = {
  Font_Hooge_8_Table,
  10, // Width
  8  // Height
};

// @14x12 pixel layout for Hooge
const uint8_t Font_Hooge_12_Table[] = {
    // ' ' (ASCII 32)
    0x00, 0x00, 
    0x00, 0x00, 
    0x00, 0x00, 
    0x00, 0x00, 
    0x00, 0x00, 
    0x00, 0x00, 
    0x00, 0x00, 
    0x00, 0x00, 
    0x00, 0x00, 
    0x00, 0x00, 
    0x00, 0x00, 
    0x00, 0x00, 
    // '!' (ASCII 33)
    0x00, 0x00, 
    0x00, 0x00, 
    0x00, 0x00, 
    0x10, 0x00, 
    0x30, 0x00, 
    0x30, 0x00, 
    0x30, 0x00, 
    0x00, 0x00, 
    0x00, 0x00, 
    0x30, 0x00, 
    0x10, 0x00, 
    0x00, 0x00, 
    // '"' (ASCII 34)
    0x00, 0x00, 
    0x00, 0x00, 
    0x00, 0x00, 
    0x48, 0x00, 
    0x6C, 0x00, 
    0x48, 0x00, 
    0x00, 0x00, 
    0x00, 0x00, 
    0x00, 0x00, 
    0x00, 0x00, 
    0x00, 0x00, 
    0x00, 0x00, 
    // '#' (ASCII 35)
    0x00, 0x00, 
    0x00, 0x00, 
    0x00, 0x00, 
    0x12, 0x00, 
    0x3F, 0x00, 
    0x7F, 0x80, 
    0x32, 0x00, 
    0x3F, 0x00, 
    0x7F, 0x80, 
    0x36, 0x00, 
    0x00, 0x00, 
    0x00, 0x00, 
    // '$' (ASCII 36)
    0x00, 0x00, 
    0x00, 0x00, 
    0x0C, 0x00, 
    0x7F, 0x80, 
    0x60, 0x00, 
    0x40, 0x00, 
    0x7F, 0x00, 
    0x0F, 0x80, 
    0x01, 0x80, 
    0x7F, 0x80, 
    0x3C, 0x00, 
    0x08, 0x00, 
    // '%' (ASCII 37)
    0x00, 0x00, 
    0x00, 0x00, 
    0x00, 0x00, 
    0x61, 0x80, 
    0x43, 0x00, 
    0x06, 0x00, 
    0x0C, 0x00, 
    0x18, 0x00, 
    0x30, 0x00, 
    0x61, 0x80, 
    0x41, 0x00, 
    0x00, 0x00, 
    // '&' (ASCII 38)
    0x00, 0x00, 
    0x00, 0x00, 
    0x00, 0x00, 
    0x1F, 0x00, 
    0x3F, 0x80, 
    0x31, 0x80, 
    0x7F, 0x00, 
    0x6C, 0xC0, 
    0x40, 0xC0, 
    0x7F, 0x80, 
    0x1F, 0x00, 
    0x00, 0x00, 
    // ''' (ASCII 39)
    0x00, 0x00, 
    0x00, 0x00, 
    0x00, 0x00, 
    0x40, 0x00, 
    0x60, 0x00, 
    0x40, 0x00, 
    0x00, 0x00, 
    0x00, 0x00, 
    0x00, 0x00, 
    0x00, 0x00, 
    0x00, 0x00, 
    0x00, 0x00, 
    // '(' (ASCII 40)
    0x00, 0x00, 
    0x10, 0x00, 
    0x30, 0x00, 
    0x60, 0x00, 
    0x60, 0x00, 
    0x60, 0x00, 
    0x60, 0x00, 
    0x60, 0x00, 
    0x60, 0x00, 
    0x60, 0x00, 
    0x30, 0x00, 
    0x30, 0x00, 
    // ')' (ASCII 41)
    0x00, 0x00, 
    0x40, 0x00, 
    0x60, 0x00, 
    0x30, 0x00, 
    0x30, 0x00, 
    0x30, 0x00, 
    0x30, 0x00, 
    0x30, 0x00, 
    0x30, 0x00, 
    0x30, 0x00, 
    0x60, 0x00, 
    0x60, 0x00, 
    // '*' (ASCII 42)
    0x00, 0x00, 
    0x00, 0x00, 
    0x00, 0x00, 
    0x32, 0x00, 
    0x1E, 0x00, 
    0x0C, 0x00, 
    0x7F, 0x80, 
    0x3D, 0x00, 
    0x08, 0x00, 
    0x36, 0x00, 
    0x12, 0x00, 
    0x00, 0x00, 
    // '+' (ASCII 43)
    0x00, 0x00, 
    0x00, 0x00, 
    0x00, 0x00, 
    0x08, 0x00, 
    0x0C, 0x00, 
    0x0C, 0x00, 
    0x7F, 0x80, 
    0x3F, 0x00, 
    0x08, 0x00, 
    0x0C, 0x00, 
    0x00, 0x00, 
    0x00, 0x00, 
    // ',' (ASCII 44)
    0x00, 0x00, 
    0x00, 0x00, 
    0x00, 0x00, 
    0x00, 0x00, 
    0x00, 0x00, 
    0x00, 0x00, 
    0x00, 0x00, 
    0x00, 0x00, 
    0x00, 0x00, 
    0x10, 0x00, 
    0x30, 0x00, 
    0x30, 0x00, 
    // '-' (ASCII 45)
    0x00, 0x00, 
    0x00, 0x00, 
    0x00, 0x00, 
    0x00, 0x00, 
    0x00, 0x00, 
    0x00, 0x00, 
    0x7C, 0x00, 
    0x38, 0x00, 
    0x00, 0x00, 
    0x00, 0x00, 
    0x00, 0x00, 
    0x00, 0x00, 
    // '.' (ASCII 46)
    0x00, 0x00, 
    0x00, 0x00, 
    0x00, 0x00, 
    0x00, 0x00, 
    0x00, 0x00, 
    0x00, 0x00, 
    0x00, 0x00, 
    0x00, 0x00, 
    0x00, 0x00, 
    0x60, 0x00, 
    0x40, 0x00, 
    0x00, 0x00, 
    // '/' (ASCII 47)
    0x00, 0x00, 
    0x00, 0x00, 
    0x00, 0x00, 
    0x01, 0x80, 
    0x03, 0x00, 
    0x06, 0x00, 
    0x0C, 0x00, 
    0x18, 0x00, 
    0x30, 0x00, 
    0x60, 0x00, 
    0x40, 0x00, 
    0x00, 0x00, 
    // '0' (ASCII 48)
    0x00, 0x00, 
    0x00, 0x00, 
    0x00, 0x00, 
    0x7F, 0x00, 
    0x7F, 0x80, 
    0x41, 0x80, 
    0x61, 0x80, 
    0x61, 0x80, 
    0x61, 0x80, 
    0x7F, 0x80, 
    0x1C, 0x00, 
    0x00, 0x00, 
    // '1' (ASCII 49)
    0x00, 0x00, 
    0x00, 0x00, 
    0x00, 0x00, 
    0x70, 0x00, 
    0x30, 0x00, 
    0x10, 0x00, 
    0x30, 0x00, 
    0x30, 0x00, 
    0x30, 0x00, 
    0x30, 0x00, 
    0x00, 0x00, 
    0x00, 0x00, 
    // '2' (ASCII 50)
    0x00, 0x00, 
    0x00, 0x00, 
    0x00, 0x00, 
    0x7F, 0x00, 
    0x2F, 0x80, 
    0x01, 0x80, 
    0x7F, 0x80, 
    0x6C, 0x00, 
    0x40, 0x00, 
    0x7F, 0x80, 
    0x1F, 0x00, 
    0x00, 0x00, 
    // '3' (ASCII 51)
    0x00, 0x00, 
    0x00, 0x00, 
    0x00, 0x00, 
    0x7F, 0x00, 
    0x2F, 0x80, 
    0x01, 0x80, 
    0x3F, 0x80, 
    0x17, 0x80, 
    0x01, 0x80, 
    0x7F, 0x80, 
    0x3C, 0x00, 
    0x00, 0x00, 
    // '4' (ASCII 52)
    0x00, 0x00, 
    0x00, 0x00, 
    0x00, 0x00, 
    0x41, 0x00, 
    0x61, 0x80, 
    0x61, 0x80, 
    0x7F, 0x80, 
    0x3F, 0x80, 
    0x01, 0x80, 
    0x01, 0x80, 
    0x00, 0x00, 
    0x00, 0x00, 
    // '5' (ASCII 53)
    0x00, 0x00, 
    0x00, 0x00, 
    0x00, 0x00, 
    0x7F, 0x80, 
    0x6D, 0x00, 
    0x40, 0x00, 
    0x7F, 0x00, 
    0x0F, 0x80, 
    0x01, 0x80, 
    0x7F, 0x80, 
    0x3C, 0x00, 
    0x00, 0x00, 
    // '6' (ASCII 54)
    0x00, 0x00, 
    0x00, 0x00, 
    0x00, 0x00, 
    0x7F, 0x80, 
    0x6D, 0x00, 
    0x40, 0x00, 
    0x7F, 0x00, 
    0x6F, 0x80, 
    0x41, 0x80, 
    0x7F, 0x80, 
    0x1C, 0x00, 
    0x00, 0x00, 
    // '7' (ASCII 55)
    0x00, 0x00, 
    0x00, 0x00, 
    0x00, 0x00, 
    0x7E, 0x00, 
    0x3E, 0x00, 
    0x02, 0x00, 
    0x06, 0x00, 
    0x06, 0x00, 
    0x06, 0x00, 
    0x06, 0x00, 
    0x00, 0x00, 
    0x00, 0x00, 
    // '8' (ASCII 56)
    0x00, 0x00, 
    0x00, 0x00, 
    0x00, 0x00, 
    0x7F, 0x00, 
    0x6F, 0x80, 
    0x41, 0x80, 
    0x7F, 0x80, 
    0x6F, 0x80, 
    0x41, 0x80, 
    0x7F, 0x80, 
    0x3C, 0x00, 
    0x00, 0x00, 
    // '9' (ASCII 57)
    0x00, 0x00, 
    0x00, 0x00, 
    0x00, 0x00, 
    0x7F, 0x00, 
    0x6F, 0x80, 
    0x41, 0x80, 
    0x7F, 0x80, 
    0x0F, 0x80, 
    0x01, 0x80, 
    0x7F, 0x80, 
    0x3C, 0x00, 
    0x00, 0x00, 
    // ':' (ASCII 58)
    0x00, 0x00, 
    0x00, 0x00, 
    0x00, 0x00, 
    0x00, 0x00, 
    0x10, 0x00, 
    0x30, 0x00, 
    0x00, 0x00, 
    0x10, 0x00, 
    0x30, 0x00, 
    0x00, 0x00, 
    0x00, 0x00, 
    0x00, 0x00, 
    // ';' (ASCII 59)
    0x00, 0x00, 
    0x00, 0x00, 
    0x00, 0x00, 
    0x00, 0x00, 
    0x10, 0x00, 
    0x30, 0x00, 
    0x00, 0x00, 
    0x00, 0x00, 
    0x00, 0x00, 
    0x10, 0x00, 
    0x30, 0x00, 
    0x30, 0x00, 
    // '<' (ASCII 60)
    0x00, 0x00, 
    0x00, 0x00, 
    0x00, 0x00, 
    0x0C, 0x00, 
    0x18, 0x00, 
    0x30, 0x00, 
    0x60, 0x00, 
    0x60, 0x00, 
    0x10, 0x00, 
    0x0C, 0x00, 
    0x08, 0x00, 
    0x00, 0x00, 
    // '=' (ASCII 61)
    0x00, 0x00, 
    0x00, 0x00, 
    0x00, 0x00, 
    0x00, 0x00, 
    0x3F, 0x00, 
    0x7F, 0x80, 
    0x00, 0x00, 
    0x2D, 0x00, 
    0x7F, 0x80, 
    0x00, 0x00, 
    0x00, 0x00, 
    0x00, 0x00, 
    // '>' (ASCII 62)
    0x00, 0x00, 
    0x00, 0x00, 
    0x00, 0x00, 
    0x40, 0x00, 
    0x70, 0x00, 
    0x10, 0x00, 
    0x0C, 0x00, 
    0x18, 0x00, 
    0x30, 0x00, 
    0x60, 0x00, 
    0x40, 0x00, 
    0x00, 0x00, 
    // '?' (ASCII 63)
    0x00, 0x00, 
    0x00, 0x00, 
    0x00, 0x00, 
    0x7E, 0x00, 
    0x36, 0x00, 
    0x02, 0x00, 
    0x3E, 0x00, 
    0x0C, 0x00, 
    0x00, 0x00, 
    0x30, 0x00, 
    0x10, 0x00, 
    0x00, 0x00, 
    // '@' (ASCII 64)
    0x00, 0x00, 
    0x00, 0x00, 
    0x00, 0x00, 
    0x7F, 0x00, 
    0x7F, 0x80, 
    0x41, 0x80, 
    0x6F, 0x80, 
    0x64, 0x00, 
    0x60, 0x00, 
    0x7F, 0x80, 
    0x1F, 0x00, 
    0x00, 0x00, 
    // 'A' (ASCII 65)
    0x00, 0x00, 
    0x00, 0x00, 
    0x00, 0x00, 
    0x7F, 0x00, 
    0x6F, 0x80, 
    0x41, 0x80, 
    0x7F, 0x80, 
    0x7F, 0x80, 
    0x41, 0x80, 
    0x61, 0x80, 
    0x00, 0x00, 
    0x00, 0x00, 
    // 'B' (ASCII 66)
    0x00, 0x00, 
    0x00, 0x00, 
    0x00, 0x00, 
    0x7F, 0x00, 
    0x6F, 0x80, 
    0x41, 0x00, 
    0x7E, 0x00, 
    0x6F, 0x00, 
    0x41, 0x80, 
    0x7F, 0x80, 
    0x1C, 0x00, 
    0x00, 0x00, 
    // 'C' (ASCII 67)
    0x00, 0x00, 
    0x00, 0x00, 
    0x00, 0x00, 
    0x7F, 0x80, 
    0x7F, 0x00, 
    0x40, 0x00, 
    0x60, 0x00, 
    0x60, 0x00, 
    0x60, 0x00, 
    0x7F, 0x80, 
    0x1F, 0x00, 
    0x00, 0x00, 
    // 'D' (ASCII 68)
    0x00, 0x00, 
    0x00, 0x00, 
    0x00, 0x00, 
    0x7E, 0x00, 
    0x7F, 0x00, 
    0x41, 0x80, 
    0x61, 0x00, 
    0x61, 0x80, 
    0x61, 0x00, 
    0x7E, 0x00, 
    0x1C, 0x00, 
    0x00, 0x00, 
    // 'E' (ASCII 69)
    0x00, 0x00, 
    0x00, 0x00, 
    0x00, 0x00, 
    0x7F, 0x80, 
    0x6D, 0x00, 
    0x40, 0x00, 
    0x7E, 0x00, 
    0x6C, 0x00, 
    0x40, 0x00, 
    0x7F, 0x80, 
    0x1F, 0x00, 
    0x00, 0x00, 
    // 'F' (ASCII 70)
    0x00, 0x00, 
    0x00, 0x00, 
    0x00, 0x00, 
    0x7F, 0x80, 
    0x6D, 0x00, 
    0x40, 0x00, 
    0x7E, 0x00, 
    0x7C, 0x00, 
    0x40, 0x00, 
    0x60, 0x00, 
    0x00, 0x00, 
    0x00, 0x00, 
    // 'G' (ASCII 71)
    0x00, 0x00, 
    0x00, 0x00, 
    0x00, 0x00, 
    0x7F, 0x80, 
    0x7D, 0x00, 
    0x40, 0x00, 
    0x6F, 0x00, 
    0x67, 0x80, 
    0x61, 0x80, 
    0x7F, 0x80, 
    0x1C, 0x00, 
    0x00, 0x00, 
    // 'H' (ASCII 72)
    0x00, 0x00, 
    0x00, 0x00, 
    0x00, 0x00, 
    0x41, 0x00, 
    0x61, 0x80, 
    0x61, 0x80, 
    0x7F, 0x80, 
    0x7F, 0x80, 
    0x41, 0x80, 
    0x61, 0x80, 
    0x00, 0x00, 
    0x00, 0x00, 
    // 'I' (ASCII 73)
    0x00, 0x00, 
    0x00, 0x00, 
    0x00, 0x00, 
    0x40, 0x00, 
    0x60, 0x00, 
    0x60, 0x00, 
    0x60, 0x00, 
    0x60, 0x00, 
    0x60, 0x00, 
    0x60, 0x00, 
    0x00, 0x00, 
    0x00, 0x00, 
    // 'J' (ASCII 74)
    0x00, 0x00, 
    0x00, 0x00, 
    0x00, 0x00, 
    0x02, 0x00, 
    0x06, 0x00, 
    0x06, 0x00, 
    0x06, 0x00, 
    0x06, 0x00, 
    0x06, 0x00, 
    0x7E, 0x00, 
    0x38, 0x00, 
    0x00, 0x00, 
    // 'K' (ASCII 75)
    0x00, 0x00, 
    0x00, 0x00, 
    0x00, 0x00, 
    0x41, 0x00, 
    0x61, 0x80, 
    0x61, 0x00, 
    0x7E, 0x00, 
    0x7F, 0x00, 
    0x41, 0x80, 
    0x61, 0x80, 
    0x00, 0x00, 
    0x00, 0x00, 
    // 'L' (ASCII 76)
    0x00, 0x00, 
    0x00, 0x00, 
    0x00, 0x00, 
    0x40, 0x00, 
    0x60, 0x00, 
    0x60, 0x00, 
    0x60, 0x00, 
    0x60, 0x00, 
    0x60, 0x00, 
    0x7E, 0x00, 
    0x1C, 0x00, 
    0x00, 0x00, 
    // 'M' (ASCII 77)
    0x00, 0x00, 
    0x00, 0x00, 
    0x00, 0x00, 
    0x7F, 0xE0, 
    0x7F, 0xF0, 
    0x42, 0x30, 
    0x66, 0x30, 
    0x66, 0x30, 
    0x66, 0x30, 
    0x66, 0x30, 
    0x00, 0x00, 
    0x00, 0x00, 
    // 'N' (ASCII 78)
    0x00, 0x00, 
    0x00, 0x00, 
    0x00, 0x00, 
    0x7F, 0x00, 
    0x7F, 0x80, 
    0x41, 0x80, 
    0x61, 0x80, 
    0x61, 0x80, 
    0x61, 0x80, 
    0x61, 0x80, 
    0x00, 0x00, 
    0x00, 0x00, 
    // 'O' (ASCII 79)
    0x00, 0x00, 
    0x00, 0x00, 
    0x00, 0x00, 
    0x7F, 0x00, 
    0x7F, 0x80, 
    0x41, 0x80, 
    0x61, 0x80, 
    0x61, 0x80, 
    0x61, 0x80, 
    0x7F, 0x80, 
    0x1C, 0x00, 
    0x00, 0x00, 
    // 'P' (ASCII 80)
    0x00, 0x00, 
    0x00, 0x00, 
    0x00, 0x00, 
    0x7F, 0x00, 
    0x6F, 0x80, 
    0x41, 0x80, 
    0x7F, 0x80, 
    0x7F, 0x00, 
    0x40, 0x00, 
    0x60, 0x00, 
    0x00, 0x00, 
    0x00, 0x00, 
    // 'Q' (ASCII 81)
    0x00, 0x00, 
    0x00, 0x00, 
    0x00, 0x00, 
    0x7F, 0x00, 
    0x7F, 0x80, 
    0x41, 0x80, 
    0x61, 0x80, 
    0x61, 0x80, 
    0x61, 0x80, 
    0x7F, 0x80, 
    0x1C, 0x00, 
    0x08, 0x00, 
    // 'R' (ASCII 82)
    0x00, 0x00, 
    0x00, 0x00, 
    0x00, 0x00, 
    0x7F, 0x00, 
    0x6F, 0x80, 
    0x41, 0x00, 
    0x7E, 0x00, 
    0x7F, 0x00, 
    0x41, 0x80, 
    0x61, 0x80, 
    0x00, 0x00, 
    0x00, 0x00, 
    // 'S' (ASCII 83)
    0x00, 0x00, 
    0x00, 0x00, 
    0x00, 0x00, 
    0x7F, 0x80, 
    0x6D, 0x00, 
    0x40, 0x00, 
    0x7F, 0x00, 
    0x0F, 0x80, 
    0x01, 0x80, 
    0x7F, 0x80, 
    0x3C, 0x00, 
    0x00, 0x00, 
    // 'T' (ASCII 84)
    0x00, 0x00, 
    0x00, 0x00, 
    0x00, 0x00, 
    0x7F, 0x80, 
    0x3F, 0x00, 
    0x08, 0x00, 
    0x0C, 0x00, 
    0x0C, 0x00, 
    0x0C, 0x00, 
    0x0C, 0x00, 
    0x00, 0x00, 
    0x00, 0x00, 
    // 'U' (ASCII 85)
    0x00, 0x00, 
    0x00, 0x00, 
    0x00, 0x00, 
    0x41, 0x00, 
    0x61, 0x80, 
    0x61, 0x80, 
    0x61, 0x80, 
    0x61, 0x80, 
    0x61, 0x80, 
    0x7F, 0x80, 
    0x1C, 0x00, 
    0x00, 0x00, 
    // 'V' (ASCII 86)
    0x00, 0x00, 
    0x00, 0x00, 
    0x00, 0x00, 
    0x41, 0x00, 
    0x61, 0x80, 
    0x61, 0x80, 
    0x61, 0x80, 
    0x61, 0x80, 
    0x61, 0x00, 
    0x3E, 0x00, 
    0x14, 0x00, 
    0x00, 0x00, 
    // 'W' (ASCII 87)
    0x00, 0x00, 
    0x00, 0x00, 
    0x00, 0x00, 
    0x42, 0x20, 
    0x66, 0x30, 
    0x66, 0x30, 
    0x66, 0x30, 
    0x66, 0x30, 
    0x66, 0x30, 
    0x7F, 0xF0, 
    0x19, 0x80, 
    0x00, 0x00, 
    // 'X' (ASCII 88)
    0x00, 0x00, 
    0x00, 0x00, 
    0x00, 0x00, 
    0x41, 0x00, 
    0x61, 0x80, 
    0x61, 0x00, 
    0x3E, 0x00, 
    0x3F, 0x00, 
    0x61, 0x80, 
    0x61, 0x80, 
    0x00, 0x00, 
    0x00, 0x00, 
    // 'Y' (ASCII 89)
    0x00, 0x00, 
    0x00, 0x00, 
    0x00, 0x00, 
    0x41, 0x00, 
    0x61, 0x80, 
    0x61, 0x80, 
    0x7F, 0x80, 
    0x3F, 0x00, 
    0x08, 0x00, 
    0x0C, 0x00, 
    0x00, 0x00, 
    0x00, 0x00, 
    // 'Z' (ASCII 90)
    0x00, 0x00, 
    0x00, 0x00, 
    0x00, 0x00, 
    0x7F, 0x00, 
    0x2F, 0x80, 
    0x01, 0x00, 
    0x1E, 0x00, 
    0x34, 0x00, 
    0x60, 0x00, 
    0x7F, 0x80, 
    0x1F, 0x00, 
    0x00, 0x00, 
    // '[' (ASCII 91)
    0x00, 0x00, 
    0x00, 0x00, 
    0x70, 0x00, 
    0x60, 0x00, 
    0x60, 0x00, 
    0x60, 0x00, 
    0x60, 0x00, 
    0x60, 0x00, 
    0x60, 0x00, 
    0x40, 0x00, 
    0x60, 0x00, 
    0x70, 0x00, 
    // '\' (ASCII 92)
    0x00, 0x00, 
    0x00, 0x00, 
    0x00, 0x00, 
    0x40, 0x00, 
    0x70, 0x00, 
    0x10, 0x00, 
    0x08, 0x00, 
    0x0E, 0x00, 
    0x02, 0x00, 
    0x01, 0x80, 
    0x01, 0x00, 
    0x00, 0x00, 
    // ']' (ASCII 93)
    0x00, 0x00, 
    0x00, 0x00, 
    0x70, 0x00, 
    0x30, 0x00, 
    0x30, 0x00, 
    0x30, 0x00, 
    0x30, 0x00, 
    0x30, 0x00, 
    0x30, 0x00, 
    0x10, 0x00, 
    0x30, 0x00, 
    0x70, 0x00, 
    // '^' (ASCII 94)
    0x00, 0x00, 
    0x00, 0x00, 
    0x00, 0x00, 
    0x10, 0x00, 
    0x38, 0x00, 
    0x6C, 0x00, 
    0x00, 0x00, 
    0x00, 0x00, 
    0x00, 0x00, 
    0x00, 0x00, 
    0x00, 0x00, 
    0x00, 0x00, 
    // '_' (ASCII 95)
    0x00, 0x00, 
    0x00, 0x00, 
    0x00, 0x00, 
    0x00, 0x00, 
    0x00, 0x00, 
    0x00, 0x00, 
    0x00, 0x00, 
    0x00, 0x00, 
    0x00, 0x00, 
    0x00, 0x00, 
    0x3F, 0x00, 
    0x7F, 0x80, 
    // '`' (ASCII 96)
    0x00, 0x00, 
    0x00, 0x00, 
    0x00, 0x00, 
    0x40, 0x00, 
    0x70, 0x00, 
    0x10, 0x00, 
    0x00, 0x00, 
    0x00, 0x00, 
    0x00, 0x00, 
    0x00, 0x00, 
    0x00, 0x00, 
    0x00, 0x00, 
    // 'a' (ASCII 97)
    0x00, 0x00, 
    0x00, 0x00, 
    0x00, 0x00, 
    0x00, 0x00, 
    0x1C, 0x00, 
    0x3E, 0x00, 
    0x66, 0x00, 
    0x66, 0x00, 
    0x66, 0x00, 
    0x7E, 0x00, 
    0x18, 0x00, 
    0x00, 0x00, 
    // 'b' (ASCII 98)
    0x00, 0x00, 
    0x00, 0x00, 
    0x00, 0x00, 
    0x40, 0x00, 
    0x7C, 0x00, 
    0x7E, 0x00, 
    0x66, 0x00, 
    0x66, 0x00, 
    0x66, 0x00, 
    0x7E, 0x00, 
    0x18, 0x00, 
    0x00, 0x00, 
    // 'c' (ASCII 99)
    0x00, 0x00, 
    0x00, 0x00, 
    0x00, 0x00, 
    0x00, 0x00, 
    0x3C, 0x00, 
    0x7E, 0x00, 
    0x60, 0x00, 
    0x60, 0x00, 
    0x60, 0x00, 
    0x7E, 0x00, 
    0x1C, 0x00, 
    0x00, 0x00, 
    // 'd' (ASCII 100)
    0x00, 0x00, 
    0x00, 0x00, 
    0x00, 0x00, 
    0x02, 0x00, 
    0x3E, 0x00, 
    0x7E, 0x00, 
    0x66, 0x00, 
    0x66, 0x00, 
    0x66, 0x00, 
    0x7E, 0x00, 
    0x18, 0x00, 
    0x00, 0x00, 
    // 'e' (ASCII 101)
    0x00, 0x00, 
    0x00, 0x00, 
    0x00, 0x00, 
    0x00, 0x00, 
    0x3C, 0x00, 
    0x7E, 0x00, 
    0x66, 0x00, 
    0x44, 0x00, 
    0x6C, 0x00, 
    0x7E, 0x00, 
    0x10, 0x00, 
    0x00, 0x00, 
    // 'f' (ASCII 102)
    0x00, 0x00, 
    0x00, 0x00, 
    0x00, 0x00, 
    0x70, 0x00, 
    0x60, 0x00, 
    0x40, 0x00, 
    0x70, 0x00, 
    0x60, 0x00, 
    0x40, 0x00, 
    0x60, 0x00, 
    0x00, 0x00, 
    0x00, 0x00, 
    // 'g' (ASCII 103)
    0x00, 0x00, 
    0x00, 0x00, 
    0x00, 0x00, 
    0x00, 0x00, 
    0x3C, 0x00, 
    0x7E, 0x00, 
    0x66, 0x00, 
    0x66, 0x00, 
    0x66, 0x00, 
    0x7E, 0x00, 
    0x1E, 0x00, 
    0x02, 0x00, 
    // 'h' (ASCII 104)
    0x00, 0x00, 
    0x00, 0x00, 
    0x00, 0x00, 
    0x40, 0x00, 
    0x7C, 0x00, 
    0x7E, 0x00, 
    0x66, 0x00, 
    0x66, 0x00, 
    0x66, 0x00, 
    0x66, 0x00, 
    0x00, 0x00, 
    0x00, 0x00, 
    // 'i' (ASCII 105)
    0x00, 0x00, 
    0x00, 0x00, 
    0x00, 0x00, 
    0x60, 0x00, 
    0x00, 0x00, 
    0x00, 0x00, 
    0x40, 0x00, 
    0x60, 0x00, 
    0x60, 0x00, 
    0x60, 0x00, 
    0x00, 0x00, 
    0x00, 0x00, 
    // 'j' (ASCII 106)
    0x00, 0x00, 
    0x00, 0x00, 
    0x00, 0x00, 
    0x30, 0x00, 
    0x10, 0x00, 
    0x00, 0x00, 
    0x10, 0x00, 
    0x30, 0x00, 
    0x30, 0x00, 
    0x30, 0x00, 
    0x30, 0x00, 
    0x30, 0x00, 
    // 'k' (ASCII 107)
    0x00, 0x00, 
    0x00, 0x00, 
    0x00, 0x00, 
    0x40, 0x00, 
    0x62, 0x00, 
    0x66, 0x00, 
    0x78, 0x00, 
    0x7C, 0x00, 
    0x46, 0x00, 
    0x66, 0x00, 
    0x00, 0x00, 
    0x00, 0x00, 
    // 'l' (ASCII 108)
    0x00, 0x00, 
    0x00, 0x00, 
    0x00, 0x00, 
    0x40, 0x00, 
    0x60, 0x00, 
    0x60, 0x00, 
    0x60, 0x00, 
    0x60, 0x00, 
    0x60, 0x00, 
    0x60, 0x00, 
    0x00, 0x00, 
    0x00, 0x00, 
    // 'm' (ASCII 109)
    0x00, 0x00, 
    0x00, 0x00, 
    0x00, 0x00, 
    0x00, 0x00, 
    0x3F, 0xE0, 
    0x7F, 0xF0, 
    0x66, 0x30, 
    0x66, 0x30, 
    0x66, 0x30, 
    0x66, 0x30, 
    0x00, 0x00, 
    0x00, 0x00, 
    // 'n' (ASCII 110)
    0x00, 0x00, 
    0x00, 0x00, 
    0x00, 0x00, 
    0x00, 0x00, 
    0x3C, 0x00, 
    0x7E, 0x00, 
    0x66, 0x00, 
    0x66, 0x00, 
    0x66, 0x00, 
    0x66, 0x00, 
    0x00, 0x00, 
    0x00, 0x00, 
    // 'o' (ASCII 111)
    0x00, 0x00, 
    0x00, 0x00, 
    0x00, 0x00, 
    0x00, 0x00, 
    0x3C, 0x00, 
    0x7E, 0x00, 
    0x66, 0x00, 
    0x66, 0x00, 
    0x66, 0x00, 
    0x7E, 0x00, 
    0x18, 0x00, 
    0x00, 0x00, 
    // 'p' (ASCII 112)
    0x00, 0x00, 
    0x00, 0x00, 
    0x00, 0x00, 
    0x00, 0x00, 
    0x3C, 0x00, 
    0x7E, 0x00, 
    0x66, 0x00, 
    0x66, 0x00, 
    0x66, 0x00, 
    0x7E, 0x00, 
    0x78, 0x00, 
    0x40, 0x00, 
    // 'q' (ASCII 113)
    0x00, 0x00, 
    0x00, 0x00, 
    0x00, 0x00, 
    0x00, 0x00, 
    0x3C, 0x00, 
    0x7E, 0x00, 
    0x66, 0x00, 
    0x66, 0x00, 
    0x66, 0x00, 
    0x7E, 0x00, 
    0x1E, 0x00, 
    0x02, 0x00, 
    // 'r' (ASCII 114)
    0x00, 0x00, 
    0x00, 0x00, 
    0x00, 0x00, 
    0x00, 0x00, 
    0x38, 0x00, 
    0x7C, 0x00, 
    0x60, 0x00, 
    0x60, 0x00, 
    0x60, 0x00, 
    0x60, 0x00, 
    0x00, 0x00, 
    0x00, 0x00, 
    // 's' (ASCII 115)
    0x00, 0x00, 
    0x00, 0x00, 
    0x00, 0x00, 
    0x00, 0x00, 
    0x1C, 0x00, 
    0x3E, 0x00, 
    0x70, 0x00, 
    0x00, 0x00, 
    0x0E, 0x00, 
    0x7C, 0x00, 
    0x20, 0x00, 
    0x00, 0x00, 
    // 't' (ASCII 116)
    0x00, 0x00, 
    0x00, 0x00, 
    0x00, 0x00, 
    0x10, 0x00, 
    0x38, 0x00, 
    0x7C, 0x00, 
    0x30, 0x00, 
    0x30, 0x00, 
    0x30, 0x00, 
    0x30, 0x00, 
    0x00, 0x00, 
    0x00, 0x00, 
    // 'u' (ASCII 117)
    0x00, 0x00, 
    0x00, 0x00, 
    0x00, 0x00, 
    0x00, 0x00, 
    0x02, 0x00, 
    0x66, 0x00, 
    0x66, 0x00, 
    0x66, 0x00, 
    0x66, 0x00, 
    0x7E, 0x00, 
    0x18, 0x00, 
    0x00, 0x00, 
    // 'v' (ASCII 118)
    0x00, 0x00, 
    0x00, 0x00, 
    0x00, 0x00, 
    0x00, 0x00, 
    0x02, 0x00, 
    0x66, 0x00, 
    0x66, 0x00, 
    0x66, 0x00, 
    0x66, 0x00, 
    0x3C, 0x00, 
    0x18, 0x00, 
    0x00, 0x00, 
    // 'w' (ASCII 119)
    0x00, 0x00, 
    0x00, 0x00, 
    0x00, 0x00, 
    0x00, 0x00, 
    0x02, 0x20, 
    0x66, 0x30, 
    0x66, 0x30, 
    0x66, 0x30, 
    0x66, 0x30, 
    0x7F, 0xF0, 
    0x19, 0x80, 
    0x00, 0x00, 
    // 'x' (ASCII 120)
    0x00, 0x00, 
    0x00, 0x00, 
    0x00, 0x00, 
    0x00, 0x00, 
    0x42, 0x00, 
    0x66, 0x00, 
    0x18, 0x00, 
    0x3C, 0x00, 
    0x18, 0x00, 
    0x66, 0x00, 
    0x42, 0x00, 
    0x00, 0x00, 
    // 'y' (ASCII 121)
    0x00, 0x00, 
    0x00, 0x00, 
    0x00, 0x00, 
    0x00, 0x00, 
    0x02, 0x00, 
    0x66, 0x00, 
    0x66, 0x00, 
    0x66, 0x00, 
    0x66, 0x00, 
    0x7E, 0x00, 
    0x1E, 0x00, 
    0x02, 0x00, 
    // 'z' (ASCII 122)
    0x00, 0x00, 
    0x00, 0x00, 
    0x00, 0x00, 
    0x00, 0x00, 
    0x34, 0x00, 
    0x7E, 0x00, 
    0x0C, 0x00, 
    0x18, 0x00, 
    0x30, 0x00, 
    0x7E, 0x00, 
    0x0C, 0x00, 
    0x00, 0x00, 
    // '{' (ASCII 123)
    0x00, 0x00, 
    0x08, 0x00, 
    0x0C, 0x00, 
    0x10, 0x00, 
    0x30, 0x00, 
    0x30, 0x00, 
    0x60, 0x00, 
    0x60, 0x00, 
    0x30, 0x00, 
    0x30, 0x00, 
    0x18, 0x00, 
    0x0C, 0x00, 
    // '|' (ASCII 124)
    0x00, 0x00, 
    0x00, 0x00, 
    0x30, 0x00, 
    0x30, 0x00, 
    0x30, 0x00, 
    0x30, 0x00, 
    0x30, 0x00, 
    0x30, 0x00, 
    0x30, 0x00, 
    0x30, 0x00, 
    0x30, 0x00, 
    0x30, 0x00, 
    // '}' (ASCII 125)
    0x00, 0x00, 
    0x40, 0x00, 
    0x60, 0x00, 
    0x30, 0x00, 
    0x30, 0x00, 
    0x10, 0x00, 
    0x0C, 0x00, 
    0x18, 0x00, 
    0x30, 0x00, 
    0x30, 0x00, 
    0x60, 0x00, 
    0x60, 0x00, 
    // '~' (ASCII 126)
    0x00, 0x00, 
    0x00, 0x00, 
    0x00, 0x00, 
    0x00, 0x00, 
    0x12, 0x00, 
    0x36, 0x00, 
    0x6C, 0x00, 
    0x48, 0x00, 
    0x00, 0x00, 
    0x00, 0x00, 
    0x00, 0x00, 
    0x00, 0x00, 
};

sFONT Font_Hooge_12 = {
  Font_Hooge_12_Table,
  14, // Width
  12  // Height
};

// @18x16 pixel layout for Hooge
const uint8_t Font_Hooge_16_Table[] = {
    // ' ' (ASCII 32)
    0x00, 0x00, 0x00, 
    0x00, 0x00, 0x00, 
    0x00, 0x00, 0x00, 
    0x00, 0x00, 0x00, 
    0x00, 0x00, 0x00, 
    0x00, 0x00, 0x00, 
    0x00, 0x00, 0x00, 
    0x00, 0x00, 0x00, 
    0x00, 0x00, 0x00, 
    0x00, 0x00, 0x00, 
    0x00, 0x00, 0x00, 
    0x00, 0x00, 0x00, 
    0x00, 0x00, 0x00, 
    0x00, 0x00, 0x00, 
    0x00, 0x00, 0x00, 
    0x00, 0x00, 0x00, 
    // '!' (ASCII 33)
    0x00, 0x00, 0x00, 
    0x00, 0x00, 0x00, 
    0x00, 0x00, 0x00, 
    0x00, 0x00, 0x00, 
    0x18, 0x00, 0x00, 
    0x18, 0x00, 0x00, 
    0x18, 0x00, 0x00, 
    0x18, 0x00, 0x00, 
    0x18, 0x00, 0x00, 
    0x18, 0x00, 0x00, 
    0x00, 0x00, 0x00, 
    0x00, 0x00, 0x00, 
    0x18, 0x00, 0x00, 
    0x18, 0x00, 0x00, 
    0x00, 0x00, 0x00, 
    0x00, 0x00, 0x00, 
    // '"' (ASCII 34)
    0x00, 0x00, 0x00, 
    0x00, 0x00, 0x00, 
    0x00, 0x00, 0x00, 
    0x00, 0x00, 0x00, 
    0x66, 0x00, 0x00, 
    0x66, 0x00, 0x00, 
    0x66, 0x00, 0x00, 
    0x66, 0x00, 0x00, 
    0x00, 0x00, 0x00, 
    0x00, 0x00, 0x00, 
    0x00, 0x00, 0x00, 
    0x00, 0x00, 0x00, 
    0x00, 0x00, 0x00, 
    0x00, 0x00, 0x00, 
    0x00, 0x00, 0x00, 
    0x00, 0x00, 0x00, 
    // '#' (ASCII 35)
    0x00, 0x00, 0x00, 
    0x00, 0x00, 0x00, 
    0x00, 0x00, 0x00, 
    0x00, 0x00, 0x00, 
    0x19, 0x80, 0x00, 
    0x19, 0x80, 0x00, 
    0x7F, 0xE0, 0x00, 
    0x7F, 0xE0, 0x00, 
    0x19, 0x80, 0x00, 
    0x19, 0x80, 0x00, 
    0x7F, 0xE0, 0x00, 
    0x7F, 0xE0, 0x00, 
    0x19, 0x80, 0x00, 
    0x19, 0x80, 0x00, 
    0x00, 0x00, 0x00, 
    0x00, 0x00, 0x00, 
    // '$' (ASCII 36)
    0x00, 0x00, 0x00, 
    0x00, 0x00, 0x00, 
    0x06, 0x00, 0x00, 
    0x06, 0x00, 0x00, 
    0x7F, 0xE0, 0x00, 
    0x7F, 0xE0, 0x00, 
    0x60, 0x00, 0x00, 
    0x60, 0x00, 0x00, 
    0x7F, 0xE0, 0x00, 
    0x7F, 0xE0, 0x00, 
    0x00, 0x60, 0x00, 
    0x00, 0x60, 0x00, 
    0x7F, 0xE0, 0x00, 
    0x7F, 0xE0, 0x00, 
    0x06, 0x00, 0x00, 
    0x06, 0x00, 0x00, 
    // '%' (ASCII 37)
    0x00, 0x00, 0x00, 
    0x00, 0x00, 0x00, 
    0x00, 0x00, 0x00, 
    0x00, 0x00, 0x00, 
    0x60, 0x60, 0x00, 
    0x60, 0x60, 0x00, 
    0x01, 0x80, 0x00, 
    0x01, 0x80, 0x00, 
    0x06, 0x00, 0x00, 
    0x06, 0x00, 0x00, 
    0x18, 0x00, 0x00, 
    0x18, 0x00, 0x00, 
    0x60, 0x60, 0x00, 
    0x60, 0x60, 0x00, 
    0x00, 0x00, 0x00, 
    0x00, 0x00, 0x00, 
    // '&' (ASCII 38)
    0x00, 0x00, 0x00, 
    0x00, 0x00, 0x00, 
    0x00, 0x00, 0x00, 
    0x00, 0x00, 0x00, 
    0x1F, 0xE0, 0x00, 
    0x1F, 0xE0, 0x00, 
    0x18, 0x60, 0x00, 
    0x18, 0x60, 0x00, 
    0x7F, 0xE0, 0x00, 
    0x7F, 0xE0, 0x00, 
    0x60, 0x18, 0x00, 
    0x60, 0x18, 0x00, 
    0x7F, 0xE0, 0x00, 
    0x7F, 0xE0, 0x00, 
    0x00, 0x00, 0x00, 
    0x00, 0x00, 0x00, 
    // ''' (ASCII 39)
    0x00, 0x00, 0x00, 
    0x00, 0x00, 0x00, 
    0x00, 0x00, 0x00, 
    0x00, 0x00, 0x00, 
    0x60, 0x00, 0x00, 
    0x60, 0x00, 0x00, 
    0x60, 0x00, 0x00, 
    0x60, 0x00, 0x00, 
    0x00, 0x00, 0x00, 
    0x00, 0x00, 0x00, 
    0x00, 0x00, 0x00, 
    0x00, 0x00, 0x00, 
    0x00, 0x00, 0x00, 
    0x00, 0x00, 0x00, 
    0x00, 0x00, 0x00, 
    0x00, 0x00, 0x00, 
    // '(' (ASCII 40)
    0x00, 0x00, 0x00, 
    0x00, 0x00, 0x00, 
    0x18, 0x00, 0x00, 
    0x18, 0x00, 0x00, 
    0x60, 0x00, 0x00, 
    0x60, 0x00, 0x00, 
    0x60, 0x00, 0x00, 
    0x60, 0x00, 0x00, 
    0x60, 0x00, 0x00, 
    0x60, 0x00, 0x00, 
    0x60, 0x00, 0x00, 
    0x60, 0x00, 0x00, 
    0x60, 0x00, 0x00, 
    0x60, 0x00, 0x00, 
    0x18, 0x00, 0x00, 
    0x18, 0x00, 0x00, 
    // ')' (ASCII 41)
    0x00, 0x00, 0x00, 
    0x00, 0x00, 0x00, 
    0x60, 0x00, 0x00, 
    0x60, 0x00, 0x00, 
    0x18, 0x00, 0x00, 
    0x18, 0x00, 0x00, 
    0x18, 0x00, 0x00, 
    0x18, 0x00, 0x00, 
    0x18, 0x00, 0x00, 
    0x18, 0x00, 0x00, 
    0x18, 0x00, 0x00, 
    0x18, 0x00, 0x00, 
    0x18, 0x00, 0x00, 
    0x18, 0x00, 0x00, 
    0x60, 0x00, 0x00, 
    0x60, 0x00, 0x00, 
    // '*' (ASCII 42)
    0x00, 0x00, 0x00, 
    0x00, 0x00, 0x00, 
    0x00, 0x00, 0x00, 
    0x00, 0x00, 0x00, 
    0x19, 0x80, 0x00, 
    0x19, 0x80, 0x00, 
    0x06, 0x00, 0x00, 
    0x06, 0x00, 0x00, 
    0x7F, 0xE0, 0x00, 
    0x7F, 0xE0, 0x00, 
    0x06, 0x00, 0x00, 
    0x06, 0x00, 0x00, 
    0x19, 0x80, 0x00, 
    0x19, 0x80, 0x00, 
    0x00, 0x00, 0x00, 
    0x00, 0x00, 0x00, 
    // '+' (ASCII 43)
    0x00, 0x00, 0x00, 
    0x00, 0x00, 0x00, 
    0x00, 0x00, 0x00, 
    0x00, 0x00, 0x00, 
    0x06, 0x00, 0x00, 
    0x06, 0x00, 0x00, 
    0x06, 0x00, 0x00, 
    0x06, 0x00, 0x00, 
    0x7F, 0xE0, 0x00, 
    0x7F, 0xE0, 0x00, 
    0x06, 0x00, 0x00, 
    0x06, 0x00, 0x00, 
    0x06, 0x00, 0x00, 
    0x06, 0x00, 0x00, 
    0x00, 0x00, 0x00, 
    0x00, 0x00, 0x00, 
    // ',' (ASCII 44)
    0x00, 0x00, 0x00, 
    0x00, 0x00, 0x00, 
    0x00, 0x00, 0x00, 
    0x00, 0x00, 0x00, 
    0x00, 0x00, 0x00, 
    0x00, 0x00, 0x00, 
    0x00, 0x00, 0x00, 
    0x00, 0x00, 0x00, 
    0x00, 0x00, 0x00, 
    0x00, 0x00, 0x00, 
    0x00, 0x00, 0x00, 
    0x00, 0x00, 0x00, 
    0x18, 0x00, 0x00, 
    0x18, 0x00, 0x00, 
    0x18, 0x00, 0x00, 
    0x18, 0x00, 0x00, 
    // '-' (ASCII 45)
    0x00, 0x00, 0x00, 
    0x00, 0x00, 0x00, 
    0x00, 0x00, 0x00, 
    0x00, 0x00, 0x00, 
    0x00, 0x00, 0x00, 
    0x00, 0x00, 0x00, 
    0x00, 0x00, 0x00, 
    0x00, 0x00, 0x00, 
    0x7E, 0x00, 0x00, 
    0x7E, 0x00, 0x00, 
    0x00, 0x00, 0x00, 
    0x00, 0x00, 0x00, 
    0x00, 0x00, 0x00, 
    0x00, 0x00, 0x00, 
    0x00, 0x00, 0x00, 
    0x00, 0x00, 0x00, 
    // '.' (ASCII 46)
    0x00, 0x00, 0x00, 
    0x00, 0x00, 0x00, 
    0x00, 0x00, 0x00, 
    0x00, 0x00, 0x00, 
    0x00, 0x00, 0x00, 
    0x00, 0x00, 0x00, 
    0x00, 0x00, 0x00, 
    0x00, 0x00, 0x00, 
    0x00, 0x00, 0x00, 
    0x00, 0x00, 0x00, 
    0x00, 0x00, 0x00, 
    0x00, 0x00, 0x00, 
    0x60, 0x00, 0x00, 
    0x60, 0x00, 0x00, 
    0x00, 0x00, 0x00, 
    0x00, 0x00, 0x00, 
    // '/' (ASCII 47)
    0x00, 0x00, 0x00, 
    0x00, 0x00, 0x00, 
    0x00, 0x00, 0x00, 
    0x00, 0x00, 0x00, 
    0x00, 0x60, 0x00, 
    0x00, 0x60, 0x00, 
    0x01, 0x80, 0x00, 
    0x01, 0x80, 0x00, 
    0x06, 0x00, 0x00, 
    0x06, 0x00, 0x00, 
    0x18, 0x00, 0x00, 
    0x18, 0x00, 0x00, 
    0x60, 0x00, 0x00, 
    0x60, 0x00, 0x00, 
    0x00, 0x00, 0x00, 
    0x00, 0x00, 0x00, 
    // '0' (ASCII 48)
    0x00, 0x00, 0x00, 
    0x00, 0x00, 0x00, 
    0x00, 0x00, 0x00, 
    0x00, 0x00, 0x00, 
    0x7F, 0xE0, 0x00, 
    0x7F, 0xE0, 0x00, 
    0x60, 0x60, 0x00, 
    0x60, 0x60, 0x00, 
    0x60, 0x60, 0x00, 
    0x60, 0x60, 0x00, 
    0x60, 0x60, 0x00, 
    0x60, 0x60, 0x00, 
    0x7F, 0xE0, 0x00, 
    0x7F, 0xE0, 0x00, 
    0x00, 0x00, 0x00, 
    0x00, 0x00, 0x00, 
    // '1' (ASCII 49)
    0x00, 0x00, 0x00, 
    0x00, 0x00, 0x00, 
    0x00, 0x00, 0x00, 
    0x00, 0x00, 0x00, 
    0x78, 0x00, 0x00, 
    0x78, 0x00, 0x00, 
    0x18, 0x00, 0x00, 
    0x18, 0x00, 0x00, 
    0x18, 0x00, 0x00, 
    0x18, 0x00, 0x00, 
    0x18, 0x00, 0x00, 
    0x18, 0x00, 0x00, 
    0x18, 0x00, 0x00, 
    0x18, 0x00, 0x00, 
    0x00, 0x00, 0x00, 
    0x00, 0x00, 0x00, 
    // '2' (ASCII 50)
    0x00, 0x00, 0x00, 
    0x00, 0x00, 0x00, 
    0x00, 0x00, 0x00, 
    0x00, 0x00, 0x00, 
    0x7F, 0xE0, 0x00, 
    0x7F, 0xE0, 0x00, 
    0x00, 0x60, 0x00, 
    0x00, 0x60, 0x00, 
    0x7F, 0xE0, 0x00, 
    0x7F, 0xE0, 0x00, 
    0x60, 0x00, 0x00, 
    0x60, 0x00, 0x00, 
    0x7F, 0xE0, 0x00, 
    0x7F, 0xE0, 0x00, 
    0x00, 0x00, 0x00, 
    0x00, 0x00, 0x00, 
    // '3' (ASCII 51)
    0x00, 0x00, 0x00, 
    0x00, 0x00, 0x00, 
    0x00, 0x00, 0x00, 
    0x00, 0x00, 0x00, 
    0x7F, 0xE0, 0x00, 
    0x7F, 0xE0, 0x00, 
    0x00, 0x60, 0x00, 
    0x00, 0x60, 0x00, 
    0x1F, 0xE0, 0x00, 
    0x1F, 0xE0, 0x00, 
    0x00, 0x60, 0x00, 
    0x00, 0x60, 0x00, 
    0x7F, 0xE0, 0x00, 
    0x7F, 0xE0, 0x00, 
    0x00, 0x00, 0x00, 
    0x00, 0x00, 0x00, 
    // '4' (ASCII 52)
    0x00, 0x00, 0x00, 
    0x00, 0x00, 0x00, 
    0x00, 0x00, 0x00, 
    0x00, 0x00, 0x00, 
    0x60, 0x60, 0x00, 
    0x60, 0x60, 0x00, 
    0x60, 0x60, 0x00, 
    0x60, 0x60, 0x00, 
    0x7F, 0xE0, 0x00, 
    0x7F, 0xE0, 0x00, 
    0x00, 0x60, 0x00, 
    0x00, 0x60, 0x00, 
    0x00, 0x60, 0x00, 
    0x00, 0x60, 0x00, 
    0x00, 0x00, 0x00, 
    0x00, 0x00, 0x00, 
    // '5' (ASCII 53)
    0x00, 0x00, 0x00, 
    0x00, 0x00, 0x00, 
    0x00, 0x00, 0x00, 
    0x00, 0x00, 0x00, 
    0x7F, 0xE0, 0x00, 
    0x7F, 0xE0, 0x00, 
    0x60, 0x00, 0x00, 
    0x60, 0x00, 0x00, 
    0x7F, 0xE0, 0x00, 
    0x7F, 0xE0, 0x00, 
    0x00, 0x60, 0x00, 
    0x00, 0x60, 0x00, 
    0x7F, 0xE0, 0x00, 
    0x7F, 0xE0, 0x00, 
    0x00, 0x00, 0x00, 
    0x00, 0x00, 0x00, 
    // '6' (ASCII 54)
    0x00, 0x00, 0x00, 
    0x00, 0x00, 0x00, 
    0x00, 0x00, 0x00, 
    0x00, 0x00, 0x00, 
    0x7F, 0xE0, 0x00, 
    0x7F, 0xE0, 0x00, 
    0x60, 0x00, 0x00, 
    0x60, 0x00, 0x00, 
    0x7F, 0xE0, 0x00, 
    0x7F, 0xE0, 0x00, 
    0x60, 0x60, 0x00, 
    0x60, 0x60, 0x00, 
    0x7F, 0xE0, 0x00, 
    0x7F, 0xE0, 0x00, 
    0x00, 0x00, 0x00, 
    0x00, 0x00, 0x00, 
    // '7' (ASCII 55)
    0x00, 0x00, 0x00, 
    0x00, 0x00, 0x00, 
    0x00, 0x00, 0x00, 
    0x00, 0x00, 0x00, 
    0x7F, 0x80, 0x00, 
    0x7F, 0x80, 0x00, 
    0x01, 0x80, 0x00, 
    0x01, 0x80, 0x00, 
    0x01, 0x80, 0x00, 
    0x01, 0x80, 0x00, 
    0x01, 0x80, 0x00, 
    0x01, 0x80, 0x00, 
    0x01, 0x80, 0x00, 
    0x01, 0x80, 0x00, 
    0x00, 0x00, 0x00, 
    0x00, 0x00, 0x00, 
    // '8' (ASCII 56)
    0x00, 0x00, 0x00, 
    0x00, 0x00, 0x00, 
    0x00, 0x00, 0x00, 
    0x00, 0x00, 0x00, 
    0x7F, 0xE0, 0x00, 
    0x7F, 0xE0, 0x00, 
    0x60, 0x60, 0x00, 
    0x60, 0x60, 0x00, 
    0x7F, 0xE0, 0x00, 
    0x7F, 0xE0, 0x00, 
    0x60, 0x60, 0x00, 
    0x60, 0x60, 0x00, 
    0x7F, 0xE0, 0x00, 
    0x7F, 0xE0, 0x00, 
    0x00, 0x00, 0x00, 
    0x00, 0x00, 0x00, 
    // '9' (ASCII 57)
    0x00, 0x00, 0x00, 
    0x00, 0x00, 0x00, 
    0x00, 0x00, 0x00, 
    0x00, 0x00, 0x00, 
    0x7F, 0xE0, 0x00, 
    0x7F, 0xE0, 0x00, 
    0x60, 0x60, 0x00, 
    0x60, 0x60, 0x00, 
    0x7F, 0xE0, 0x00, 
    0x7F, 0xE0, 0x00, 
    0x00, 0x60, 0x00, 
    0x00, 0x60, 0x00, 
    0x7F, 0xE0, 0x00, 
    0x7F, 0xE0, 0x00, 
    0x00, 0x00, 0x00, 
    0x00, 0x00, 0x00, 
    // ':' (ASCII 58)
    0x00, 0x00, 0x00, 
    0x00, 0x00, 0x00, 
    0x00, 0x00, 0x00, 
    0x00, 0x00, 0x00, 
    0x00, 0x00, 0x00, 
    0x00, 0x00, 0x00, 
    0x18, 0x00, 0x00, 
    0x18, 0x00, 0x00, 
    0x00, 0x00, 0x00, 
    0x00, 0x00, 0x00, 
    0x18, 0x00, 0x00, 
    0x18, 0x00, 0x00, 
    0x00, 0x00, 0x00, 
    0x00, 0x00, 0x00, 
    0x00, 0x00, 0x00, 
    0x00, 0x00, 0x00, 
    // ';' (ASCII 59)
    0x00, 0x00, 0x00, 
    0x00, 0x00, 0x00, 
    0x00, 0x00, 0x00, 
    0x00, 0x00, 0x00, 
    0x00, 0x00, 0x00, 
    0x00, 0x00, 0x00, 
    0x18, 0x00, 0x00, 
    0x18, 0x00, 0x00, 
    0x00, 0x00, 0x00, 
    0x00, 0x00, 0x00, 
    0x00, 0x00, 0x00, 
    0x00, 0x00, 0x00, 
    0x18, 0x00, 0x00, 
    0x18, 0x00, 0x00, 
    0x18, 0x00, 0x00, 
    0x18, 0x00, 0x00, 
    // '<' (ASCII 60)
    0x00, 0x00, 0x00, 
    0x00, 0x00, 0x00, 
    0x00, 0x00, 0x00, 
    0x00, 0x00, 0x00, 
    0x06, 0x00, 0x00, 
    0x06, 0x00, 0x00, 
    0x18, 0x00, 0x00, 
    0x18, 0x00, 0x00, 
    0x60, 0x00, 0x00, 
    0x60, 0x00, 0x00, 
    0x18, 0x00, 0x00, 
    0x18, 0x00, 0x00, 
    0x06, 0x00, 0x00, 
    0x06, 0x00, 0x00, 
    0x00, 0x00, 0x00, 
    0x00, 0x00, 0x00, 
    // '=' (ASCII 61)
    0x00, 0x00, 0x00, 
    0x00, 0x00, 0x00, 
    0x00, 0x00, 0x00, 
    0x00, 0x00, 0x00, 
    0x00, 0x00, 0x00, 
    0x00, 0x00, 0x00, 
    0x7F, 0xE0, 0x00, 
    0x7F, 0xE0, 0x00, 
    0x00, 0x00, 0x00, 
    0x00, 0x00, 0x00, 
    0x7F, 0xE0, 0x00, 
    0x7F, 0xE0, 0x00, 
    0x00, 0x00, 0x00, 
    0x00, 0x00, 0x00, 
    0x00, 0x00, 0x00, 
    0x00, 0x00, 0x00, 
    // '>' (ASCII 62)
    0x00, 0x00, 0x00, 
    0x00, 0x00, 0x00, 
    0x00, 0x00, 0x00, 
    0x00, 0x00, 0x00, 
    0x60, 0x00, 0x00, 
    0x60, 0x00, 0x00, 
    0x18, 0x00, 0x00, 
    0x18, 0x00, 0x00, 
    0x06, 0x00, 0x00, 
    0x06, 0x00, 0x00, 
    0x18, 0x00, 0x00, 
    0x18, 0x00, 0x00, 
    0x60, 0x00, 0x00, 
    0x60, 0x00, 0x00, 
    0x00, 0x00, 0x00, 
    0x00, 0x00, 0x00, 
    // '?' (ASCII 63)
    0x00, 0x00, 0x00, 
    0x00, 0x00, 0x00, 
    0x00, 0x00, 0x00, 
    0x00, 0x00, 0x00, 
    0x7F, 0x80, 0x00, 
    0x7F, 0x80, 0x00, 
    0x01, 0x80, 0x00, 
    0x01, 0x80, 0x00, 
    0x1F, 0x80, 0x00, 
    0x1F, 0x80, 0x00, 
    0x00, 0x00, 0x00, 
    0x00, 0x00, 0x00, 
    0x18, 0x00, 0x00, 
    0x18, 0x00, 0x00, 
    0x00, 0x00, 0x00, 
    0x00, 0x00, 0x00, 
    // '@' (ASCII 64)
    0x00, 0x00, 0x00, 
    0x00, 0x00, 0x00, 
    0x00, 0x00, 0x00, 
    0x00, 0x00, 0x00, 
    0x7F, 0xE0, 0x00, 
    0x7F, 0xE0, 0x00, 
    0x60, 0x60, 0x00, 
    0x60, 0x60, 0x00, 
    0x67, 0xE0, 0x00, 
    0x67, 0xE0, 0x00, 
    0x60, 0x00, 0x00, 
    0x60, 0x00, 0x00, 
    0x7F, 0xE0, 0x00, 
    0x7F, 0xE0, 0x00, 
    0x00, 0x00, 0x00, 
    0x00, 0x00, 0x00, 
    // 'A' (ASCII 65)
    0x00, 0x00, 0x00, 
    0x00, 0x00, 0x00, 
    0x00, 0x00, 0x00, 
    0x00, 0x00, 0x00, 
    0x7F, 0xE0, 0x00, 
    0x7F, 0xE0, 0x00, 
    0x60, 0x60, 0x00, 
    0x60, 0x60, 0x00, 
    0x7F, 0xE0, 0x00, 
    0x7F, 0xE0, 0x00, 
    0x60, 0x60, 0x00, 
    0x60, 0x60, 0x00, 
    0x60, 0x60, 0x00, 
    0x60, 0x60, 0x00, 
    0x00, 0x00, 0x00, 
    0x00, 0x00, 0x00, 
    // 'B' (ASCII 66)
    0x00, 0x00, 0x00, 
    0x00, 0x00, 0x00, 
    0x00, 0x00, 0x00, 
    0x00, 0x00, 0x00, 
    0x7F, 0xE0, 0x00, 
    0x7F, 0xE0, 0x00, 
    0x60, 0x60, 0x00, 
    0x60, 0x60, 0x00, 
    0x7F, 0x80, 0x00, 
    0x7F, 0x80, 0x00, 
    0x60, 0x60, 0x00, 
    0x60, 0x60, 0x00, 
    0x7F, 0xE0, 0x00, 
    0x7F, 0xE0, 0x00, 
    0x00, 0x00, 0x00, 
    0x00, 0x00, 0x00, 
    // 'C' (ASCII 67)
    0x00, 0x00, 0x00, 
    0x00, 0x00, 0x00, 
    0x00, 0x00, 0x00, 
    0x00, 0x00, 0x00, 
    0x7F, 0xE0, 0x00, 
    0x7F, 0xE0, 0x00, 
    0x60, 0x00, 0x00, 
    0x60, 0x00, 0x00, 
    0x60, 0x00, 0x00, 
    0x60, 0x00, 0x00, 
    0x60, 0x00, 0x00, 
    0x60, 0x00, 0x00, 
    0x7F, 0xE0, 0x00, 
    0x7F, 0xE0, 0x00, 
    0x00, 0x00, 0x00, 
    0x00, 0x00, 0x00, 
    // 'D' (ASCII 68)
    0x00, 0x00, 0x00, 
    0x00, 0x00, 0x00, 
    0x00, 0x00, 0x00, 
    0x00, 0x00, 0x00, 
    0x7F, 0x80, 0x00, 
    0x7F, 0x80, 0x00, 
    0x60, 0x60, 0x00, 
    0x60, 0x60, 0x00, 
    0x60, 0x60, 0x00, 
    0x60, 0x60, 0x00, 
    0x60, 0x60, 0x00, 
    0x60, 0x60, 0x00, 
    0x7F, 0x80, 0x00, 
    0x7F, 0x80, 0x00, 
    0x00, 0x00, 0x00, 
    0x00, 0x00, 0x00, 
    // 'E' (ASCII 69)
    0x00, 0x00, 0x00, 
    0x00, 0x00, 0x00, 
    0x00, 0x00, 0x00, 
    0x00, 0x00, 0x00, 
    0x7F, 0xE0, 0x00, 
    0x7F, 0xE0, 0x00, 
    0x60, 0x00, 0x00, 
    0x60, 0x00, 0x00, 
    0x7F, 0x80, 0x00, 
    0x7F, 0x80, 0x00, 
    0x60, 0x00, 0x00, 
    0x60, 0x00, 0x00, 
    0x7F, 0xE0, 0x00, 
    0x7F, 0xE0, 0x00, 
    0x00, 0x00, 0x00, 
    0x00, 0x00, 0x00, 
    // 'F' (ASCII 70)
    0x00, 0x00, 0x00, 
    0x00, 0x00, 0x00, 
    0x00, 0x00, 0x00, 
    0x00, 0x00, 0x00, 
    0x7F, 0xE0, 0x00, 
    0x7F, 0xE0, 0x00, 
    0x60, 0x00, 0x00, 
    0x60, 0x00, 0x00, 
    0x7F, 0x80, 0x00, 
    0x7F, 0x80, 0x00, 
    0x60, 0x00, 0x00, 
    0x60, 0x00, 0x00, 
    0x60, 0x00, 0x00, 
    0x60, 0x00, 0x00, 
    0x00, 0x00, 0x00, 
    0x00, 0x00, 0x00, 
    // 'G' (ASCII 71)
    0x00, 0x00, 0x00, 
    0x00, 0x00, 0x00, 
    0x00, 0x00, 0x00, 
    0x00, 0x00, 0x00, 
    0x7F, 0xE0, 0x00, 
    0x7F, 0xE0, 0x00, 
    0x60, 0x00, 0x00, 
    0x60, 0x00, 0x00, 
    0x67, 0xE0, 0x00, 
    0x67, 0xE0, 0x00, 
    0x60, 0x60, 0x00, 
    0x60, 0x60, 0x00, 
    0x7F, 0xE0, 0x00, 
    0x7F, 0xE0, 0x00, 
    0x00, 0x00, 0x00, 
    0x00, 0x00, 0x00, 
    // 'H' (ASCII 72)
    0x00, 0x00, 0x00, 
    0x00, 0x00, 0x00, 
    0x00, 0x00, 0x00, 
    0x00, 0x00, 0x00, 
    0x60, 0x60, 0x00, 
    0x60, 0x60, 0x00, 
    0x60, 0x60, 0x00, 
    0x60, 0x60, 0x00, 
    0x7F, 0xE0, 0x00, 
    0x7F, 0xE0, 0x00, 
    0x60, 0x60, 0x00, 
    0x60, 0x60, 0x00, 
    0x60, 0x60, 0x00, 
    0x60, 0x60, 0x00, 
    0x00, 0x00, 0x00, 
    0x00, 0x00, 0x00, 
    // 'I' (ASCII 73)
    0x00, 0x00, 0x00, 
    0x00, 0x00, 0x00, 
    0x00, 0x00, 0x00, 
    0x00, 0x00, 0x00, 
    0x60, 0x00, 0x00, 
    0x60, 0x00, 0x00, 
    0x60, 0x00, 0x00, 
    0x60, 0x00, 0x00, 
    0x60, 0x00, 0x00, 
    0x60, 0x00, 0x00, 
    0x60, 0x00, 0x00, 
    0x60, 0x00, 0x00, 
    0x60, 0x00, 0x00, 
    0x60, 0x00, 0x00, 
    0x00, 0x00, 0x00, 
    0x00, 0x00, 0x00, 
    // 'J' (ASCII 74)
    0x00, 0x00, 0x00, 
    0x00, 0x00, 0x00, 
    0x00, 0x00, 0x00, 
    0x00, 0x00, 0x00, 
    0x01, 0x80, 0x00, 
    0x01, 0x80, 0x00, 
    0x01, 0x80, 0x00, 
    0x01, 0x80, 0x00, 
    0x01, 0x80, 0x00, 
    0x01, 0x80, 0x00, 
    0x01, 0x80, 0x00, 
    0x01, 0x80, 0x00, 
    0x7F, 0x80, 0x00, 
    0x7F, 0x80, 0x00, 
    0x00, 0x00, 0x00, 
    0x00, 0x00, 0x00, 
    // 'K' (ASCII 75)
    0x00, 0x00, 0x00, 
    0x00, 0x00, 0x00, 
    0x00, 0x00, 0x00, 
    0x00, 0x00, 0x00, 
    0x60, 0x60, 0x00, 
    0x60, 0x60, 0x00, 
    0x60, 0x60, 0x00, 
    0x60, 0x60, 0x00, 
    0x7F, 0x80, 0x00, 
    0x7F, 0x80, 0x00, 
    0x60, 0x60, 0x00, 
    0x60, 0x60, 0x00, 
    0x60, 0x60, 0x00, 
    0x60, 0x60, 0x00, 
    0x00, 0x00, 0x00, 
    0x00, 0x00, 0x00, 
    // 'L' (ASCII 76)
    0x00, 0x00, 0x00, 
    0x00, 0x00, 0x00, 
    0x00, 0x00, 0x00, 
    0x00, 0x00, 0x00, 
    0x60, 0x00, 0x00, 
    0x60, 0x00, 0x00, 
    0x60, 0x00, 0x00, 
    0x60, 0x00, 0x00, 
    0x60, 0x00, 0x00, 
    0x60, 0x00, 0x00, 
    0x60, 0x00, 0x00, 
    0x60, 0x00, 0x00, 
    0x7F, 0x80, 0x00, 
    0x7F, 0x80, 0x00, 
    0x00, 0x00, 0x00, 
    0x00, 0x00, 0x00, 
    // 'M' (ASCII 77)
    0x00, 0x00, 0x00, 
    0x00, 0x00, 0x00, 
    0x00, 0x00, 0x00, 
    0x00, 0x00, 0x00, 
    0x7F, 0xFE, 0x00, 
    0x7F, 0xFE, 0x00, 
    0x61, 0x86, 0x00, 
    0x61, 0x86, 0x00, 
    0x61, 0x86, 0x00, 
    0x61, 0x86, 0x00, 
    0x61, 0x86, 0x00, 
    0x61, 0x86, 0x00, 
    0x61, 0x86, 0x00, 
    0x61, 0x86, 0x00, 
    0x00, 0x00, 0x00, 
    0x00, 0x00, 0x00, 
    // 'N' (ASCII 78)
    0x00, 0x00, 0x00, 
    0x00, 0x00, 0x00, 
    0x00, 0x00, 0x00, 
    0x00, 0x00, 0x00, 
    0x7F, 0xE0, 0x00, 
    0x7F, 0xE0, 0x00, 
    0x60, 0x60, 0x00, 
    0x60, 0x60, 0x00, 
    0x60, 0x60, 0x00, 
    0x60, 0x60, 0x00, 
    0x60, 0x60, 0x00, 
    0x60, 0x60, 0x00, 
    0x60, 0x60, 0x00, 
    0x60, 0x60, 0x00, 
    0x00, 0x00, 0x00, 
    0x00, 0x00, 0x00, 
    // 'O' (ASCII 79)
    0x00, 0x00, 0x00, 
    0x00, 0x00, 0x00, 
    0x00, 0x00, 0x00, 
    0x00, 0x00, 0x00, 
    0x7F, 0xE0, 0x00, 
    0x7F, 0xE0, 0x00, 
    0x60, 0x60, 0x00, 
    0x60, 0x60, 0x00, 
    0x60, 0x60, 0x00, 
    0x60, 0x60, 0x00, 
    0x60, 0x60, 0x00, 
    0x60, 0x60, 0x00, 
    0x7F, 0xE0, 0x00, 
    0x7F, 0xE0, 0x00, 
    0x00, 0x00, 0x00, 
    0x00, 0x00, 0x00, 
    // 'P' (ASCII 80)
    0x00, 0x00, 0x00, 
    0x00, 0x00, 0x00, 
    0x00, 0x00, 0x00, 
    0x00, 0x00, 0x00, 
    0x7F, 0xE0, 0x00, 
    0x7F, 0xE0, 0x00, 
    0x60, 0x60, 0x00, 
    0x60, 0x60, 0x00, 
    0x7F, 0xE0, 0x00, 
    0x7F, 0xE0, 0x00, 
    0x60, 0x00, 0x00, 
    0x60, 0x00, 0x00, 
    0x60, 0x00, 0x00, 
    0x60, 0x00, 0x00, 
    0x00, 0x00, 0x00, 
    0x00, 0x00, 0x00, 
    // 'Q' (ASCII 81)
    0x00, 0x00, 0x00, 
    0x00, 0x00, 0x00, 
    0x00, 0x00, 0x00, 
    0x00, 0x00, 0x00, 
    0x7F, 0xE0, 0x00, 
    0x7F, 0xE0, 0x00, 
    0x60, 0x60, 0x00, 
    0x60, 0x60, 0x00, 
    0x60, 0x60, 0x00, 
    0x60, 0x60, 0x00, 
    0x60, 0x60, 0x00, 
    0x60, 0x60, 0x00, 
    0x7F, 0xE0, 0x00, 
    0x7F, 0xE0, 0x00, 
    0x06, 0x00, 0x00, 
    0x06, 0x00, 0x00, 
    // 'R' (ASCII 82)
    0x00, 0x00, 0x00, 
    0x00, 0x00, 0x00, 
    0x00, 0x00, 0x00, 
    0x00, 0x00, 0x00, 
    0x7F, 0xE0, 0x00, 
    0x7F, 0xE0, 0x00, 
    0x60, 0x60, 0x00, 
    0x60, 0x60, 0x00, 
    0x7F, 0x80, 0x00, 
    0x7F, 0x80, 0x00, 
    0x60, 0x60, 0x00, 
    0x60, 0x60, 0x00, 
    0x60, 0x60, 0x00, 
    0x60, 0x60, 0x00, 
    0x00, 0x00, 0x00, 
    0x00, 0x00, 0x00, 
    // 'S' (ASCII 83)
    0x00, 0x00, 0x00, 
    0x00, 0x00, 0x00, 
    0x00, 0x00, 0x00, 
    0x00, 0x00, 0x00, 
    0x7F, 0xE0, 0x00, 
    0x7F, 0xE0, 0x00, 
    0x60, 0x00, 0x00, 
    0x60, 0x00, 0x00, 
    0x7F, 0xE0, 0x00, 
    0x7F, 0xE0, 0x00, 
    0x00, 0x60, 0x00, 
    0x00, 0x60, 0x00, 
    0x7F, 0xE0, 0x00, 
    0x7F, 0xE0, 0x00, 
    0x00, 0x00, 0x00, 
    0x00, 0x00, 0x00, 
    // 'T' (ASCII 84)
    0x00, 0x00, 0x00, 
    0x00, 0x00, 0x00, 
    0x00, 0x00, 0x00, 
    0x00, 0x00, 0x00, 
    0x7F, 0xE0, 0x00, 
    0x7F, 0xE0, 0x00, 
    0x06, 0x00, 0x00, 
    0x06, 0x00, 0x00, 
    0x06, 0x00, 0x00, 
    0x06, 0x00, 0x00, 
    0x06, 0x00, 0x00, 
    0x06, 0x00, 0x00, 
    0x06, 0x00, 0x00, 
    0x06, 0x00, 0x00, 
    0x00, 0x00, 0x00, 
    0x00, 0x00, 0x00, 
    // 'U' (ASCII 85)
    0x00, 0x00, 0x00, 
    0x00, 0x00, 0x00, 
    0x00, 0x00, 0x00, 
    0x00, 0x00, 0x00, 
    0x60, 0x60, 0x00, 
    0x60, 0x60, 0x00, 
    0x60, 0x60, 0x00, 
    0x60, 0x60, 0x00, 
    0x60, 0x60, 0x00, 
    0x60, 0x60, 0x00, 
    0x60, 0x60, 0x00, 
    0x60, 0x60, 0x00, 
    0x7F, 0xE0, 0x00, 
    0x7F, 0xE0, 0x00, 
    0x00, 0x00, 0x00, 
    0x00, 0x00, 0x00, 
    // 'V' (ASCII 86)
    0x00, 0x00, 0x00, 
    0x00, 0x00, 0x00, 
    0x00, 0x00, 0x00, 
    0x00, 0x00, 0x00, 
    0x60, 0x60, 0x00, 
    0x60, 0x60, 0x00, 
    0x60, 0x60, 0x00, 
    0x60, 0x60, 0x00, 
    0x60, 0x60, 0x00, 
    0x60, 0x60, 0x00, 
    0x60, 0x60, 0x00, 
    0x60, 0x60, 0x00, 
    0x1F, 0x80, 0x00, 
    0x1F, 0x80, 0x00, 
    0x00, 0x00, 0x00, 
    0x00, 0x00, 0x00, 
    // 'W' (ASCII 87)
    0x00, 0x00, 0x00, 
    0x00, 0x00, 0x00, 
    0x00, 0x00, 0x00, 
    0x00, 0x00, 0x00, 
    0x61, 0x86, 0x00, 
    0x61, 0x86, 0x00, 
    0x61, 0x86, 0x00, 
    0x61, 0x86, 0x00, 
    0x61, 0x86, 0x00, 
    0x61, 0x86, 0x00, 
    0x61, 0x86, 0x00, 
    0x61, 0x86, 0x00, 
    0x7F, 0xFE, 0x00, 
    0x7F, 0xFE, 0x00, 
    0x00, 0x00, 0x00, 
    0x00, 0x00, 0x00, 
    // 'X' (ASCII 88)
    0x00, 0x00, 0x00, 
    0x00, 0x00, 0x00, 
    0x00, 0x00, 0x00, 
    0x00, 0x00, 0x00, 
    0x60, 0x60, 0x00, 
    0x60, 0x60, 0x00, 
    0x60, 0x60, 0x00, 
    0x60, 0x60, 0x00, 
    0x1F, 0x80, 0x00, 
    0x1F, 0x80, 0x00, 
    0x60, 0x60, 0x00, 
    0x60, 0x60, 0x00, 
    0x60, 0x60, 0x00, 
    0x60, 0x60, 0x00, 
    0x00, 0x00, 0x00, 
    0x00, 0x00, 0x00, 
    // 'Y' (ASCII 89)
    0x00, 0x00, 0x00, 
    0x00, 0x00, 0x00, 
    0x00, 0x00, 0x00, 
    0x00, 0x00, 0x00, 
    0x60, 0x60, 0x00, 
    0x60, 0x60, 0x00, 
    0x60, 0x60, 0x00, 
    0x60, 0x60, 0x00, 
    0x7F, 0xE0, 0x00, 
    0x7F, 0xE0, 0x00, 
    0x06, 0x00, 0x00, 
    0x06, 0x00, 0x00, 
    0x06, 0x00, 0x00, 
    0x06, 0x00, 0x00, 
    0x00, 0x00, 0x00, 
    0x00, 0x00, 0x00, 
    // 'Z' (ASCII 90)
    0x00, 0x00, 0x00, 
    0x00, 0x00, 0x00, 
    0x00, 0x00, 0x00, 
    0x00, 0x00, 0x00, 
    0x7F, 0xE0, 0x00, 
    0x7F, 0xE0, 0x00, 
    0x00, 0x60, 0x00, 
    0x00, 0x60, 0x00, 
    0x1F, 0x80, 0x00, 
    0x1F, 0x80, 0x00, 
    0x60, 0x00, 0x00, 
    0x60, 0x00, 0x00, 
    0x7F, 0xE0, 0x00, 
    0x7F, 0xE0, 0x00, 
    0x00, 0x00, 0x00, 
    0x00, 0x00, 0x00, 
    // '[' (ASCII 91)
    0x00, 0x00, 0x00, 
    0x00, 0x00, 0x00, 
    0x78, 0x00, 0x00, 
    0x78, 0x00, 0x00, 
    0x60, 0x00, 0x00, 
    0x60, 0x00, 0x00, 
    0x60, 0x00, 0x00, 
    0x60, 0x00, 0x00, 
    0x60, 0x00, 0x00, 
    0x60, 0x00, 0x00, 
    0x60, 0x00, 0x00, 
    0x60, 0x00, 0x00, 
    0x60, 0x00, 0x00, 
    0x60, 0x00, 0x00, 
    0x78, 0x00, 0x00, 
    0x78, 0x00, 0x00, 
    // '\' (ASCII 92)
    0x00, 0x00, 0x00, 
    0x00, 0x00, 0x00, 
    0x00, 0x00, 0x00, 
    0x00, 0x00, 0x00, 
    0x60, 0x00, 0x00, 
    0x60, 0x00, 0x00, 
    0x18, 0x00, 0x00, 
    0x18, 0x00, 0x00, 
    0x06, 0x00, 0x00, 
    0x06, 0x00, 0x00, 
    0x01, 0x80, 0x00, 
    0x01, 0x80, 0x00, 
    0x00, 0x60, 0x00, 
    0x00, 0x60, 0x00, 
    0x00, 0x00, 0x00, 
    0x00, 0x00, 0x00, 
    // ']' (ASCII 93)
    0x00, 0x00, 0x00, 
    0x00, 0x00, 0x00, 
    0x78, 0x00, 0x00, 
    0x78, 0x00, 0x00, 
    0x18, 0x00, 0x00, 
    0x18, 0x00, 0x00, 
    0x18, 0x00, 0x00, 
    0x18, 0x00, 0x00, 
    0x18, 0x00, 0x00, 
    0x18, 0x00, 0x00, 
    0x18, 0x00, 0x00, 
    0x18, 0x00, 0x00, 
    0x18, 0x00, 0x00, 
    0x18, 0x00, 0x00, 
    0x78, 0x00, 0x00, 
    0x78, 0x00, 0x00, 
    // '^' (ASCII 94)
    0x00, 0x00, 0x00, 
    0x00, 0x00, 0x00, 
    0x00, 0x00, 0x00, 
    0x00, 0x00, 0x00, 
    0x18, 0x00, 0x00, 
    0x18, 0x00, 0x00, 
    0x66, 0x00, 0x00, 
    0x66, 0x00, 0x00, 
    0x00, 0x00, 0x00, 
    0x00, 0x00, 0x00, 
    0x00, 0x00, 0x00, 
    0x00, 0x00, 0x00, 
    0x00, 0x00, 0x00, 
    0x00, 0x00, 0x00, 
    0x00, 0x00, 0x00, 
    0x00, 0x00, 0x00, 
    // '_' (ASCII 95)
    0x00, 0x00, 0x00, 
    0x00, 0x00, 0x00, 
    0x00, 0x00, 0x00, 
    0x00, 0x00, 0x00, 
    0x00, 0x00, 0x00, 
    0x00, 0x00, 0x00, 
    0x00, 0x00, 0x00, 
    0x00, 0x00, 0x00, 
    0x00, 0x00, 0x00, 
    0x00, 0x00, 0x00, 
    0x00, 0x00, 0x00, 
    0x00, 0x00, 0x00, 
    0x00, 0x00, 0x00, 
    0x00, 0x00, 0x00, 
    0x7F, 0xE0, 0x00, 
    0x7F, 0xE0, 0x00, 
    // '`' (ASCII 96)
    0x00, 0x00, 0x00, 
    0x00, 0x00, 0x00, 
    0x00, 0x00, 0x00, 
    0x00, 0x00, 0x00, 
    0x60, 0x00, 0x00, 
    0x60, 0x00, 0x00, 
    0x18, 0x00, 0x00, 
    0x18, 0x00, 0x00, 
    0x00, 0x00, 0x00, 
    0x00, 0x00, 0x00, 
    0x00, 0x00, 0x00, 
    0x00, 0x00, 0x00, 
    0x00, 0x00, 0x00, 
    0x00, 0x00, 0x00, 
    0x00, 0x00, 0x00, 
    0x00, 0x00, 0x00, 
    // 'a' (ASCII 97)
    0x00, 0x00, 0x00, 
    0x00, 0x00, 0x00, 
    0x00, 0x00, 0x00, 
    0x00, 0x00, 0x00, 
    0x00, 0x00, 0x00, 
    0x00, 0x00, 0x00, 
    0x1F, 0x80, 0x00, 
    0x1F, 0x80, 0x00, 
    0x61, 0x80, 0x00, 
    0x61, 0x80, 0x00, 
    0x61, 0x80, 0x00, 
    0x61, 0x80, 0x00, 
    0x7F, 0x80, 0x00, 
    0x7F, 0x80, 0x00, 
    0x00, 0x00, 0x00, 
    0x00, 0x00, 0x00, 
    // 'b' (ASCII 98)
    0x00, 0x00, 0x00, 
    0x00, 0x00, 0x00, 
    0x00, 0x00, 0x00, 
    0x00, 0x00, 0x00, 
    0x60, 0x00, 0x00, 
    0x60, 0x00, 0x00, 
    0x7F, 0x80, 0x00, 
    0x7F, 0x80, 0x00, 
    0x61, 0x80, 0x00, 
    0x61, 0x80, 0x00, 
    0x61, 0x80, 0x00, 
    0x61, 0x80, 0x00, 
    0x7F, 0x80, 0x00, 
    0x7F, 0x80, 0x00, 
    0x00, 0x00, 0x00, 
    0x00, 0x00, 0x00, 
    // 'c' (ASCII 99)
    0x00, 0x00, 0x00, 
    0x00, 0x00, 0x00, 
    0x00, 0x00, 0x00, 
    0x00, 0x00, 0x00, 
    0x00, 0x00, 0x00, 
    0x00, 0x00, 0x00, 
    0x7F, 0x80, 0x00, 
    0x7F, 0x80, 0x00, 
    0x60, 0x00, 0x00, 
    0x60, 0x00, 0x00, 
    0x60, 0x00, 0x00, 
    0x60, 0x00, 0x00, 
    0x7F, 0x80, 0x00, 
    0x7F, 0x80, 0x00, 
    0x00, 0x00, 0x00, 
    0x00, 0x00, 0x00, 
    // 'd' (ASCII 100)
    0x00, 0x00, 0x00, 
    0x00, 0x00, 0x00, 
    0x00, 0x00, 0x00, 
    0x00, 0x00, 0x00, 
    0x01, 0x80, 0x00, 
    0x01, 0x80, 0x00, 
    0x7F, 0x80, 0x00, 
    0x7F, 0x80, 0x00, 
    0x61, 0x80, 0x00, 
    0x61, 0x80, 0x00, 
    0x61, 0x80, 0x00, 
    0x61, 0x80, 0x00, 
    0x7F, 0x80, 0x00, 
    0x7F, 0x80, 0x00, 
    0x00, 0x00, 0x00, 
    0x00, 0x00, 0x00, 
    // 'e' (ASCII 101)
    0x00, 0x00, 0x00, 
    0x00, 0x00, 0x00, 
    0x00, 0x00, 0x00, 
    0x00, 0x00, 0x00, 
    0x00, 0x00, 0x00, 
    0x00, 0x00, 0x00, 
    0x7F, 0x80, 0x00, 
    0x7F, 0x80, 0x00, 
    0x61, 0x80, 0x00, 
    0x61, 0x80, 0x00, 
    0x66, 0x00, 0x00, 
    0x66, 0x00, 0x00, 
    0x7F, 0x80, 0x00, 
    0x7F, 0x80, 0x00, 
    0x00, 0x00, 0x00, 
    0x00, 0x00, 0x00, 
    // 'f' (ASCII 102)
    0x00, 0x00, 0x00, 
    0x00, 0x00, 0x00, 
    0x00, 0x00, 0x00, 
    0x00, 0x00, 0x00, 
    0x78, 0x00, 0x00, 
    0x78, 0x00, 0x00, 
    0x60, 0x00, 0x00, 
    0x60, 0x00, 0x00, 
    0x78, 0x00, 0x00, 
    0x78, 0x00, 0x00, 
    0x60, 0x00, 0x00, 
    0x60, 0x00, 0x00, 
    0x60, 0x00, 0x00, 
    0x60, 0x00, 0x00, 
    0x00, 0x00, 0x00, 
    0x00, 0x00, 0x00, 
    // 'g' (ASCII 103)
    0x00, 0x00, 0x00, 
    0x00, 0x00, 0x00, 
    0x00, 0x00, 0x00, 
    0x00, 0x00, 0x00, 
    0x00, 0x00, 0x00, 
    0x00, 0x00, 0x00, 
    0x7F, 0x80, 0x00, 
    0x7F, 0x80, 0x00, 
    0x61, 0x80, 0x00, 
    0x61, 0x80, 0x00, 
    0x61, 0x80, 0x00, 
    0x61, 0x80, 0x00, 
    0x7F, 0x80, 0x00, 
    0x7F, 0x80, 0x00, 
    0x01, 0x80, 0x00, 
    0x01, 0x80, 0x00, 
    // 'h' (ASCII 104)
    0x00, 0x00, 0x00, 
    0x00, 0x00, 0x00, 
    0x00, 0x00, 0x00, 
    0x00, 0x00, 0x00, 
    0x60, 0x00, 0x00, 
    0x60, 0x00, 0x00, 
    0x7F, 0x80, 0x00, 
    0x7F, 0x80, 0x00, 
    0x61, 0x80, 0x00, 
    0x61, 0x80, 0x00, 
    0x61, 0x80, 0x00, 
    0x61, 0x80, 0x00, 
    0x61, 0x80, 0x00, 
    0x61, 0x80, 0x00, 
    0x00, 0x00, 0x00, 
    0x00, 0x00, 0x00, 
    // 'i' (ASCII 105)
    0x00, 0x00, 0x00, 
    0x00, 0x00, 0x00, 
    0x00, 0x00, 0x00, 
    0x00, 0x00, 0x00, 
    0x60, 0x00, 0x00, 
    0x60, 0x00, 0x00, 
    0x00, 0x00, 0x00, 
    0x00, 0x00, 0x00, 
    0x60, 0x00, 0x00, 
    0x60, 0x00, 0x00, 
    0x60, 0x00, 0x00, 
    0x60, 0x00, 0x00, 
    0x60, 0x00, 0x00, 
    0x60, 0x00, 0x00, 
    0x00, 0x00, 0x00, 
    0x00, 0x00, 0x00, 
    // 'j' (ASCII 106)
    0x00, 0x00, 0x00, 
    0x00, 0x00, 0x00, 
    0x00, 0x00, 0x00, 
    0x00, 0x00, 0x00, 
    0x18, 0x00, 0x00, 
    0x18, 0x00, 0x00, 
    0x00, 0x00, 0x00, 
    0x00, 0x00, 0x00, 
    0x18, 0x00, 0x00, 
    0x18, 0x00, 0x00, 
    0x18, 0x00, 0x00, 
    0x18, 0x00, 0x00, 
    0x18, 0x00, 0x00, 
    0x18, 0x00, 0x00, 
    0x18, 0x00, 0x00, 
    0x18, 0x00, 0x00, 
    // 'k' (ASCII 107)
    0x00, 0x00, 0x00, 
    0x00, 0x00, 0x00, 
    0x00, 0x00, 0x00, 
    0x00, 0x00, 0x00, 
    0x60, 0x00, 0x00, 
    0x60, 0x00, 0x00, 
    0x61, 0x80, 0x00, 
    0x61, 0x80, 0x00, 
    0x7E, 0x00, 0x00, 
    0x7E, 0x00, 0x00, 
    0x61, 0x80, 0x00, 
    0x61, 0x80, 0x00, 
    0x61, 0x80, 0x00, 
    0x61, 0x80, 0x00, 
    0x00, 0x00, 0x00, 
    0x00, 0x00, 0x00, 
    // 'l' (ASCII 108)
    0x00, 0x00, 0x00, 
    0x00, 0x00, 0x00, 
    0x00, 0x00, 0x00, 
    0x00, 0x00, 0x00, 
    0x60, 0x00, 0x00, 
    0x60, 0x00, 0x00, 
    0x60, 0x00, 0x00, 
    0x60, 0x00, 0x00, 
    0x60, 0x00, 0x00, 
    0x60, 0x00, 0x00, 
    0x60, 0x00, 0x00, 
    0x60, 0x00, 0x00, 
    0x60, 0x00, 0x00, 
    0x60, 0x00, 0x00, 
    0x00, 0x00, 0x00, 
    0x00, 0x00, 0x00, 
    // 'm' (ASCII 109)
    0x00, 0x00, 0x00, 
    0x00, 0x00, 0x00, 
    0x00, 0x00, 0x00, 
    0x00, 0x00, 0x00, 
    0x00, 0x00, 0x00, 
    0x00, 0x00, 0x00, 
    0x7F, 0xFE, 0x00, 
    0x7F, 0xFE, 0x00, 
    0x61, 0x86, 0x00, 
    0x61, 0x86, 0x00, 
    0x61, 0x86, 0x00, 
    0x61, 0x86, 0x00, 
    0x61, 0x86, 0x00, 
    0x61, 0x86, 0x00, 
    0x00, 0x00, 0x00, 
    0x00, 0x00, 0x00, 
    // 'n' (ASCII 110)
    0x00, 0x00, 0x00, 
    0x00, 0x00, 0x00, 
    0x00, 0x00, 0x00, 
    0x00, 0x00, 0x00, 
    0x00, 0x00, 0x00, 
    0x00, 0x00, 0x00, 
    0x7F, 0x80, 0x00, 
    0x7F, 0x80, 0x00, 
    0x61, 0x80, 0x00, 
    0x61, 0x80, 0x00, 
    0x61, 0x80, 0x00, 
    0x61, 0x80, 0x00, 
    0x61, 0x80, 0x00, 
    0x61, 0x80, 0x00, 
    0x00, 0x00, 0x00, 
    0x00, 0x00, 0x00, 
    // 'o' (ASCII 111)
    0x00, 0x00, 0x00, 
    0x00, 0x00, 0x00, 
    0x00, 0x00, 0x00, 
    0x00, 0x00, 0x00, 
    0x00, 0x00, 0x00, 
    0x00, 0x00, 0x00, 
    0x7F, 0x80, 0x00, 
    0x7F, 0x80, 0x00, 
    0x61, 0x80, 0x00, 
    0x61, 0x80, 0x00, 
    0x61, 0x80, 0x00, 
    0x61, 0x80, 0x00, 
    0x7F, 0x80, 0x00, 
    0x7F, 0x80, 0x00, 
    0x00, 0x00, 0x00, 
    0x00, 0x00, 0x00, 
    // 'p' (ASCII 112)
    0x00, 0x00, 0x00, 
    0x00, 0x00, 0x00, 
    0x00, 0x00, 0x00, 
    0x00, 0x00, 0x00, 
    0x00, 0x00, 0x00, 
    0x00, 0x00, 0x00, 
    0x7F, 0x80, 0x00, 
    0x7F, 0x80, 0x00, 
    0x61, 0x80, 0x00, 
    0x61, 0x80, 0x00, 
    0x61, 0x80, 0x00, 
    0x61, 0x80, 0x00, 
    0x7F, 0x80, 0x00, 
    0x7F, 0x80, 0x00, 
    0x60, 0x00, 0x00, 
    0x60, 0x00, 0x00, 
    // 'q' (ASCII 113)
    0x00, 0x00, 0x00, 
    0x00, 0x00, 0x00, 
    0x00, 0x00, 0x00, 
    0x00, 0x00, 0x00, 
    0x00, 0x00, 0x00, 
    0x00, 0x00, 0x00, 
    0x7F, 0x80, 0x00, 
    0x7F, 0x80, 0x00, 
    0x61, 0x80, 0x00, 
    0x61, 0x80, 0x00, 
    0x61, 0x80, 0x00, 
    0x61, 0x80, 0x00, 
    0x7F, 0x80, 0x00, 
    0x7F, 0x80, 0x00, 
    0x01, 0x80, 0x00, 
    0x01, 0x80, 0x00, 
    // 'r' (ASCII 114)
    0x00, 0x00, 0x00, 
    0x00, 0x00, 0x00, 
    0x00, 0x00, 0x00, 
    0x00, 0x00, 0x00, 
    0x00, 0x00, 0x00, 
    0x00, 0x00, 0x00, 
    0x7E, 0x00, 0x00, 
    0x7E, 0x00, 0x00, 
    0x60, 0x00, 0x00, 
    0x60, 0x00, 0x00, 
    0x60, 0x00, 0x00, 
    0x60, 0x00, 0x00, 
    0x60, 0x00, 0x00, 
    0x60, 0x00, 0x00, 
    0x00, 0x00, 0x00, 
    0x00, 0x00, 0x00, 
    // 's' (ASCII 115)
    0x00, 0x00, 0x00, 
    0x00, 0x00, 0x00, 
    0x00, 0x00, 0x00, 
    0x00, 0x00, 0x00, 
    0x00, 0x00, 0x00, 
    0x00, 0x00, 0x00, 
    0x1F, 0x80, 0x00, 
    0x1F, 0x80, 0x00, 
    0x78, 0x00, 0x00, 
    0x78, 0x00, 0x00, 
    0x07, 0x80, 0x00, 
    0x07, 0x80, 0x00, 
    0x7E, 0x00, 0x00, 
    0x7E, 0x00, 0x00, 
    0x00, 0x00, 0x00, 
    0x00, 0x00, 0x00, 
    // 't' (ASCII 116)
    0x00, 0x00, 0x00, 
    0x00, 0x00, 0x00, 
    0x00, 0x00, 0x00, 
    0x00, 0x00, 0x00, 
    0x18, 0x00, 0x00, 
    0x18, 0x00, 0x00, 
    0x7E, 0x00, 0x00, 
    0x7E, 0x00, 0x00, 
    0x18, 0x00, 0x00, 
    0x18, 0x00, 0x00, 
    0x18, 0x00, 0x00, 
    0x18, 0x00, 0x00, 
    0x18, 0x00, 0x00, 
    0x18, 0x00, 0x00, 
    0x00, 0x00, 0x00, 
    0x00, 0x00, 0x00, 
    // 'u' (ASCII 117)
    0x00, 0x00, 0x00, 
    0x00, 0x00, 0x00, 
    0x00, 0x00, 0x00, 
    0x00, 0x00, 0x00, 
    0x00, 0x00, 0x00, 
    0x00, 0x00, 0x00, 
    0x61, 0x80, 0x00, 
    0x61, 0x80, 0x00, 
    0x61, 0x80, 0x00, 
    0x61, 0x80, 0x00, 
    0x61, 0x80, 0x00, 
    0x61, 0x80, 0x00, 
    0x7F, 0x80, 0x00, 
    0x7F, 0x80, 0x00, 
    0x00, 0x00, 0x00, 
    0x00, 0x00, 0x00, 
    // 'v' (ASCII 118)
    0x00, 0x00, 0x00, 
    0x00, 0x00, 0x00, 
    0x00, 0x00, 0x00, 
    0x00, 0x00, 0x00, 
    0x00, 0x00, 0x00, 
    0x00, 0x00, 0x00, 
    0x61, 0x80, 0x00, 
    0x61, 0x80, 0x00, 
    0x61, 0x80, 0x00, 
    0x61, 0x80, 0x00, 
    0x61, 0x80, 0x00, 
    0x61, 0x80, 0x00, 
    0x1E, 0x00, 0x00, 
    0x1E, 0x00, 0x00, 
    0x00, 0x00, 0x00, 
    0x00, 0x00, 0x00, 
    // 'w' (ASCII 119)
    0x00, 0x00, 0x00, 
    0x00, 0x00, 0x00, 
    0x00, 0x00, 0x00, 
    0x00, 0x00, 0x00, 
    0x00, 0x00, 0x00, 
    0x00, 0x00, 0x00, 
    0x61, 0x86, 0x00, 
    0x61, 0x86, 0x00, 
    0x61, 0x86, 0x00, 
    0x61, 0x86, 0x00, 
    0x61, 0x86, 0x00, 
    0x61, 0x86, 0x00, 
    0x7F, 0xFE, 0x00, 
    0x7F, 0xFE, 0x00, 
    0x00, 0x00, 0x00, 
    0x00, 0x00, 0x00, 
    // 'x' (ASCII 120)
    0x00, 0x00, 0x00, 
    0x00, 0x00, 0x00, 
    0x00, 0x00, 0x00, 
    0x00, 0x00, 0x00, 
    0x00, 0x00, 0x00, 
    0x00, 0x00, 0x00, 
    0x61, 0x80, 0x00, 
    0x61, 0x80, 0x00, 
    0x1E, 0x00, 0x00, 
    0x1E, 0x00, 0x00, 
    0x1E, 0x00, 0x00, 
    0x1E, 0x00, 0x00, 
    0x61, 0x80, 0x00, 
    0x61, 0x80, 0x00, 
    0x00, 0x00, 0x00, 
    0x00, 0x00, 0x00, 
    // 'y' (ASCII 121)
    0x00, 0x00, 0x00, 
    0x00, 0x00, 0x00, 
    0x00, 0x00, 0x00, 
    0x00, 0x00, 0x00, 
    0x00, 0x00, 0x00, 
    0x00, 0x00, 0x00, 
    0x61, 0x80, 0x00, 
    0x61, 0x80, 0x00, 
    0x61, 0x80, 0x00, 
    0x61, 0x80, 0x00, 
    0x61, 0x80, 0x00, 
    0x61, 0x80, 0x00, 
    0x7F, 0x80, 0x00, 
    0x7F, 0x80, 0x00, 
    0x01, 0x80, 0x00, 
    0x01, 0x80, 0x00, 
    // 'z' (ASCII 122)
    0x00, 0x00, 0x00, 
    0x00, 0x00, 0x00, 
    0x00, 0x00, 0x00, 
    0x00, 0x00, 0x00, 
    0x00, 0x00, 0x00, 
    0x00, 0x00, 0x00, 
    0x7F, 0x80, 0x00, 
    0x7F, 0x80, 0x00, 
    0x06, 0x00, 0x00, 
    0x06, 0x00, 0x00, 
    0x18, 0x00, 0x00, 
    0x18, 0x00, 0x00, 
    0x7F, 0x80, 0x00, 
    0x7F, 0x80, 0x00, 
    0x00, 0x00, 0x00, 
    0x00, 0x00, 0x00, 
    // '{' (ASCII 123)
    0x00, 0x00, 0x00, 
    0x00, 0x00, 0x00, 
    0x06, 0x00, 0x00, 
    0x06, 0x00, 0x00, 
    0x18, 0x00, 0x00, 
    0x18, 0x00, 0x00, 
    0x18, 0x00, 0x00, 
    0x18, 0x00, 0x00, 
    0x60, 0x00, 0x00, 
    0x60, 0x00, 0x00, 
    0x18, 0x00, 0x00, 
    0x18, 0x00, 0x00, 
    0x18, 0x00, 0x00, 
    0x18, 0x00, 0x00, 
    0x06, 0x00, 0x00, 
    0x06, 0x00, 0x00, 
    // '|' (ASCII 124)
    0x00, 0x00, 0x00, 
    0x00, 0x00, 0x00, 
    0x18, 0x00, 0x00, 
    0x18, 0x00, 0x00, 
    0x18, 0x00, 0x00, 
    0x18, 0x00, 0x00, 
    0x18, 0x00, 0x00, 
    0x18, 0x00, 0x00, 
    0x18, 0x00, 0x00, 
    0x18, 0x00, 0x00, 
    0x18, 0x00, 0x00, 
    0x18, 0x00, 0x00, 
    0x18, 0x00, 0x00, 
    0x18, 0x00, 0x00, 
    0x18, 0x00, 0x00, 
    0x18, 0x00, 0x00, 
    // '}' (ASCII 125)
    0x00, 0x00, 0x00, 
    0x00, 0x00, 0x00, 
    0x60, 0x00, 0x00, 
    0x60, 0x00, 0x00, 
    0x18, 0x00, 0x00, 
    0x18, 0x00, 0x00, 
    0x18, 0x00, 0x00, 
    0x18, 0x00, 0x00, 
    0x06, 0x00, 0x00, 
    0x06, 0x00, 0x00, 
    0x18, 0x00, 0x00, 
    0x18, 0x00, 0x00, 
    0x18, 0x00, 0x00, 
    0x18, 0x00, 0x00, 
    0x60, 0x00, 0x00, 
    0x60, 0x00, 0x00, 
    // '~' (ASCII 126)
    0x00, 0x00, 0x00, 
    0x00, 0x00, 0x00, 
    0x00, 0x00, 0x00, 
    0x00, 0x00, 0x00, 
    0x00, 0x00, 0x00, 
    0x00, 0x00, 0x00, 
    0x19, 0x80, 0x00, 
    0x19, 0x80, 0x00, 
    0x66, 0x00, 0x00, 
    0x66, 0x00, 0x00, 
    0x00, 0x00, 0x00, 
    0x00, 0x00, 0x00, 
    0x00, 0x00, 0x00, 
    0x00, 0x00, 0x00, 
    0x00, 0x00, 0x00, 
    0x00, 0x00, 0x00, 
};

sFONT Font_Hooge_16 = {
  Font_Hooge_16_Table,
  18, // Width
  16  // Height
};

// @22x20 pixel layout for Hooge
const uint8_t Font_Hooge_20_Table[] = {
    // ' ' (ASCII 32)
    0x00, 0x00, 0x00, 
    0x00, 0x00, 0x00, 
    0x00, 0x00, 0x00, 
    0x00, 0x00, 0x00, 
    0x00, 0x00, 0x00, 
    0x00, 0x00, 0x00, 
    0x00, 0x00, 0x00, 
    0x00, 0x00, 0x00, 
    0x00, 0x00, 0x00, 
    0x00, 0x00, 0x00, 
    0x00, 0x00, 0x00, 
    0x00, 0x00, 0x00, 
    0x00, 0x00, 0x00, 
    0x00, 0x00, 0x00, 
    0x00, 0x00, 0x00, 
    0x00, 0x00, 0x00, 
    0x00, 0x00, 0x00, 
    0x00, 0x00, 0x00, 
    0x00, 0x00, 0x00, 
    0x00, 0x00, 0x00, 
    // '!' (ASCII 33)
    0x00, 0x00, 0x00, 
    0x00, 0x00, 0x00, 
    0x00, 0x00, 0x00, 
    0x00, 0x00, 0x00, 
    0x00, 0x00, 0x00, 
    0x0C, 0x00, 0x00, 
    0x1C, 0x00, 0x00, 
    0x0C, 0x00, 0x00, 
    0x0C, 0x00, 0x00, 
    0x0C, 0x00, 0x00, 
    0x0C, 0x00, 0x00, 
    0x1C, 0x00, 0x00, 
    0x08, 0x00, 0x00, 
    0x00, 0x00, 0x00, 
    0x00, 0x00, 0x00, 
    0x0C, 0x00, 0x00, 
    0x1C, 0x00, 0x00, 
    0x00, 0x00, 0x00, 
    0x00, 0x00, 0x00, 
    0x00, 0x00, 0x00, 
    // '"' (ASCII 34)
    0x00, 0x00, 0x00, 
    0x00, 0x00, 0x00, 
    0x00, 0x00, 0x00, 
    0x00, 0x00, 0x00, 
    0x00, 0x00, 0x00, 
    0x63, 0x00, 0x00, 
    0x73, 0x80, 0x00, 
    0x63, 0x00, 0x00, 
    0x73, 0x80, 0x00, 
    0x63, 0x00, 0x00, 
    0x00, 0x00, 0x00, 
    0x00, 0x00, 0x00, 
    0x00, 0x00, 0x00, 
    0x00, 0x00, 0x00, 
    0x00, 0x00, 0x00, 
    0x00, 0x00, 0x00, 
    0x00, 0x00, 0x00, 
    0x00, 0x00, 0x00, 
    0x00, 0x00, 0x00, 
    0x00, 0x00, 0x00, 
    // '#' (ASCII 35)
    0x00, 0x00, 0x00, 
    0x00, 0x00, 0x00, 
    0x00, 0x00, 0x00, 
    0x00, 0x00, 0x00, 
    0x00, 0x00, 0x00, 
    0x0C, 0x60, 0x00, 
    0x0C, 0x60, 0x00, 
    0x1E, 0xF0, 0x00, 
    0x7F, 0xFC, 0x00, 
    0x7F, 0xF8, 0x00, 
    0x1C, 0xE0, 0x00, 
    0x0C, 0x60, 0x00, 
    0x3F, 0xF8, 0x00, 
    0x7F, 0xFC, 0x00, 
    0x7F, 0xF8, 0x00, 
    0x1C, 0xE0, 0x00, 
    0x1C, 0xE0, 0x00, 
    0x08, 0x40, 0x00, 
    0x00, 0x00, 0x00, 
    0x00, 0x00, 0x00, 
    // '$' (ASCII 36)
    0x00, 0x00, 0x00, 
    0x00, 0x00, 0x00, 
    0x01, 0x00, 0x00, 
    0x03, 0x80, 0x00, 
    0x03, 0x80, 0x00, 
    0x7F, 0xF8, 0x00, 
    0x7F, 0xFC, 0x00, 
    0x7F, 0xE8, 0x00, 
    0x60, 0x00, 0x00, 
    0x70, 0x00, 0x00, 
    0x7F, 0xF8, 0x00, 
    0x7F, 0xFC, 0x00, 
    0x3F, 0xF8, 0x00, 
    0x00, 0x18, 0x00, 
    0x00, 0x18, 0x00, 
    0x7F, 0xF8, 0x00, 
    0x7F, 0xFC, 0x00, 
    0x07, 0xA8, 0x00, 
    0x03, 0x00, 0x00, 
    0x03, 0x80, 0x00, 
    // '%' (ASCII 37)
    0x00, 0x00, 0x00, 
    0x00, 0x00, 0x00, 
    0x00, 0x00, 0x00, 
    0x00, 0x00, 0x00, 
    0x00, 0x00, 0x00, 
    0x60, 0x18, 0x00, 
    0x70, 0x1C, 0x00, 
    0x00, 0x00, 0x00, 
    0x00, 0xE0, 0x00, 
    0x00, 0x60, 0x00, 
    0x03, 0x00, 0x00, 
    0x03, 0x80, 0x00, 
    0x00, 0x00, 0x00, 
    0x1C, 0x00, 0x00, 
    0x0C, 0x00, 0x00, 
    0x60, 0x18, 0x00, 
    0x70, 0x1C, 0x00, 
    0x00, 0x00, 0x00, 
    0x00, 0x00, 0x00, 
    0x00, 0x00, 0x00, 
    // '&' (ASCII 38)
    0x00, 0x00, 0x00, 
    0x00, 0x00, 0x00, 
    0x00, 0x00, 0x00, 
    0x00, 0x00, 0x00, 
    0x00, 0x00, 0x00, 
    0x0F, 0xF8, 0x00, 
    0x1F, 0xFC, 0x00, 
    0x0F, 0xF8, 0x00, 
    0x0C, 0x18, 0x00, 
    0x1C, 0x18, 0x00, 
    0x7F, 0xFC, 0x00, 
    0x7F, 0xF8, 0x00, 
    0x7F, 0xFC, 0x00, 
    0x60, 0x07, 0x00, 
    0x70, 0x07, 0x00, 
    0x7F, 0xF8, 0x00, 
    0x7F, 0xFC, 0x00, 
    0x20, 0x00, 0x00, 
    0x00, 0x00, 0x00, 
    0x00, 0x00, 0x00, 
    // ''' (ASCII 39)
    0x00, 0x00, 0x00, 
    0x00, 0x00, 0x00, 
    0x00, 0x00, 0x00, 
    0x00, 0x00, 0x00, 
    0x00, 0x00, 0x00, 
    0x60, 0x00, 0x00, 
    0x70, 0x00, 0x00, 
    0x60, 0x00, 0x00, 
    0x70, 0x00, 0x00, 
    0x60, 0x00, 0x00, 
    0x00, 0x00, 0x00, 
    0x00, 0x00, 0x00, 
    0x00, 0x00, 0x00, 
    0x00, 0x00, 0x00, 
    0x00, 0x00, 0x00, 
    0x00, 0x00, 0x00, 
    0x00, 0x00, 0x00, 
    0x00, 0x00, 0x00, 
    0x00, 0x00, 0x00, 
    0x00, 0x00, 0x00, 
    // '(' (ASCII 40)
    0x00, 0x00, 0x00, 
    0x00, 0x00, 0x00, 
    0x00, 0x00, 0x00, 
    0x1C, 0x00, 0x00, 
    0x0C, 0x00, 0x00, 
    0x60, 0x00, 0x00, 
    0x60, 0x00, 0x00, 
    0x60, 0x00, 0x00, 
    0x60, 0x00, 0x00, 
    0x60, 0x00, 0x00, 
    0x60, 0x00, 0x00, 
    0x60, 0x00, 0x00, 
    0x60, 0x00, 0x00, 
    0x60, 0x00, 0x00, 
    0x60, 0x00, 0x00, 
    0x60, 0x00, 0x00, 
    0x60, 0x00, 0x00, 
    0x20, 0x00, 0x00, 
    0x0C, 0x00, 0x00, 
    0x0C, 0x00, 0x00, 
    // ')' (ASCII 41)
    0x00, 0x00, 0x00, 
    0x00, 0x00, 0x00, 
    0x00, 0x00, 0x00, 
    0x70, 0x00, 0x00, 
    0x60, 0x00, 0x00, 
    0x0C, 0x00, 0x00, 
    0x0C, 0x00, 0x00, 
    0x0C, 0x00, 0x00, 
    0x0C, 0x00, 0x00, 
    0x0C, 0x00, 0x00, 
    0x0C, 0x00, 0x00, 
    0x0C, 0x00, 0x00, 
    0x0C, 0x00, 0x00, 
    0x0C, 0x00, 0x00, 
    0x0C, 0x00, 0x00, 
    0x0C, 0x00, 0x00, 
    0x0C, 0x00, 0x00, 
    0x08, 0x00, 0x00, 
    0x60, 0x00, 0x00, 
    0x60, 0x00, 0x00, 
    // '*' (ASCII 42)
    0x00, 0x00, 0x00, 
    0x00, 0x00, 0x00, 
    0x00, 0x00, 0x00, 
    0x00, 0x00, 0x00, 
    0x00, 0x00, 0x00, 
    0x0C, 0x60, 0x00, 
    0x1C, 0xE0, 0x00, 
    0x0B, 0x40, 0x00, 
    0x03, 0x00, 0x00, 
    0x03, 0x80, 0x00, 
    0x7F, 0xF8, 0x00, 
    0x7F, 0xFC, 0x00, 
    0x0F, 0xE0, 0x00, 
    0x03, 0x00, 0x00, 
    0x03, 0x80, 0x00, 
    0x0C, 0x60, 0x00, 
    0x1C, 0xE0, 0x00, 
    0x00, 0x00, 0x00, 
    0x00, 0x00, 0x00, 
    0x00, 0x00, 0x00, 
    // '+' (ASCII 43)
    0x00, 0x00, 0x00, 
    0x00, 0x00, 0x00, 
    0x00, 0x00, 0x00, 
    0x00, 0x00, 0x00, 
    0x00, 0x00, 0x00, 
    0x03, 0x00, 0x00, 
    0x03, 0x80, 0x00, 
    0x03, 0x00, 0x00, 
    0x03, 0x00, 0x00, 
    0x03, 0x80, 0x00, 
    0x7F, 0xF8, 0x00, 
    0x7F, 0xFC, 0x00, 
    0x07, 0xA0, 0x00, 
    0x03, 0x00, 0x00, 
    0x03, 0x80, 0x00, 
    0x03, 0x00, 0x00, 
    0x03, 0x80, 0x00, 
    0x01, 0x00, 0x00, 
    0x00, 0x00, 0x00, 
    0x00, 0x00, 0x00, 
    // ',' (ASCII 44)
    0x00, 0x00, 0x00, 
    0x00, 0x00, 0x00, 
    0x00, 0x00, 0x00, 
    0x00, 0x00, 0x00, 
    0x00, 0x00, 0x00, 
    0x00, 0x00, 0x00, 
    0x00, 0x00, 0x00, 
    0x00, 0x00, 0x00, 
    0x00, 0x00, 0x00, 
    0x00, 0x00, 0x00, 
    0x00, 0x00, 0x00, 
    0x00, 0x00, 0x00, 
    0x00, 0x00, 0x00, 
    0x00, 0x00, 0x00, 
    0x00, 0x00, 0x00, 
    0x0C, 0x00, 0x00, 
    0x1C, 0x00, 0x00, 
    0x0C, 0x00, 0x00, 
    0x0C, 0x00, 0x00, 
    0x0C, 0x00, 0x00, 
    // '-' (ASCII 45)
    0x00, 0x00, 0x00, 
    0x00, 0x00, 0x00, 
    0x00, 0x00, 0x00, 
    0x00, 0x00, 0x00, 
    0x00, 0x00, 0x00, 
    0x00, 0x00, 0x00, 
    0x00, 0x00, 0x00, 
    0x00, 0x00, 0x00, 
    0x00, 0x00, 0x00, 
    0x00, 0x00, 0x00, 
    0x7F, 0x00, 0x00, 
    0x7F, 0x80, 0x00, 
    0x00, 0x00, 0x00, 
    0x00, 0x00, 0x00, 
    0x00, 0x00, 0x00, 
    0x00, 0x00, 0x00, 
    0x00, 0x00, 0x00, 
    0x00, 0x00, 0x00, 
    0x00, 0x00, 0x00, 
    0x00, 0x00, 0x00, 
    // '.' (ASCII 46)
    0x00, 0x00, 0x00, 
    0x00, 0x00, 0x00, 
    0x00, 0x00, 0x00, 
    0x00, 0x00, 0x00, 
    0x00, 0x00, 0x00, 
    0x00, 0x00, 0x00, 
    0x00, 0x00, 0x00, 
    0x00, 0x00, 0x00, 
    0x00, 0x00, 0x00, 
    0x00, 0x00, 0x00, 
    0x00, 0x00, 0x00, 
    0x00, 0x00, 0x00, 
    0x00, 0x00, 0x00, 
    0x00, 0x00, 0x00, 
    0x00, 0x00, 0x00, 
    0x60, 0x00, 0x00, 
    0x70, 0x00, 0x00, 
    0x00, 0x00, 0x00, 
    0x00, 0x00, 0x00, 
    0x00, 0x00, 0x00, 
    // '/' (ASCII 47)
    0x00, 0x00, 0x00, 
    0x00, 0x00, 0x00, 
    0x00, 0x00, 0x00, 
    0x00, 0x00, 0x00, 
    0x00, 0x00, 0x00, 
    0x00, 0x18, 0x00, 
    0x00, 0x1C, 0x00, 
    0x00, 0x00, 0x00, 
    0x00, 0xE0, 0x00, 
    0x00, 0x60, 0x00, 
    0x03, 0x00, 0x00, 
    0x03, 0x80, 0x00, 
    0x00, 0x00, 0x00, 
    0x1C, 0x00, 0x00, 
    0x0C, 0x00, 0x00, 
    0x60, 0x00, 0x00, 
    0x70, 0x00, 0x00, 
    0x00, 0x00, 0x00, 
    0x00, 0x00, 0x00, 
    0x00, 0x00, 0x00, 
    // '0' (ASCII 48)
    0x00, 0x00, 0x00, 
    0x00, 0x00, 0x00, 
    0x00, 0x00, 0x00, 
    0x00, 0x00, 0x00, 
    0x00, 0x00, 0x00, 
    0x7F, 0xF8, 0x00, 
    0x7F, 0xFC, 0x00, 
    0x74, 0x38, 0x00, 
    0x60, 0x18, 0x00, 
    0x70, 0x18, 0x00, 
    0x60, 0x18, 0x00, 
    0x60, 0x18, 0x00, 
    0x60, 0x18, 0x00, 
    0x60, 0x18, 0x00, 
    0x70, 0x18, 0x00, 
    0x7F, 0xF8, 0x00, 
    0x7F, 0xFC, 0x00, 
    0x20, 0x08, 0x00, 
    0x00, 0x00, 0x00, 
    0x00, 0x00, 0x00, 
    // '1' (ASCII 49)
    0x00, 0x00, 0x00, 
    0x00, 0x00, 0x00, 
    0x00, 0x00, 0x00, 
    0x00, 0x00, 0x00, 
    0x00, 0x00, 0x00, 
    0x7C, 0x00, 0x00, 
    0x7C, 0x00, 0x00, 
    0x1C, 0x00, 0x00, 
    0x0C, 0x00, 0x00, 
    0x1C, 0x00, 0x00, 
    0x0C, 0x00, 0x00, 
    0x0C, 0x00, 0x00, 
    0x0C, 0x00, 0x00, 
    0x0C, 0x00, 0x00, 
    0x0C, 0x00, 0x00, 
    0x0C, 0x00, 0x00, 
    0x1C, 0x00, 0x00, 
    0x08, 0x00, 0x00, 
    0x00, 0x00, 0x00, 
    0x00, 0x00, 0x00, 
    // '2' (ASCII 50)
    0x00, 0x00, 0x00, 
    0x00, 0x00, 0x00, 
    0x00, 0x00, 0x00, 
    0x00, 0x00, 0x00, 
    0x00, 0x00, 0x00, 
    0x7F, 0xF8, 0x00, 
    0x7F, 0xFC, 0x00, 
    0x2F, 0xF8, 0x00, 
    0x00, 0x18, 0x00, 
    0x00, 0x18, 0x00, 
    0x7F, 0xF8, 0x00, 
    0x7F, 0xFC, 0x00, 
    0x7F, 0xE8, 0x00, 
    0x60, 0x00, 0x00, 
    0x70, 0x00, 0x00, 
    0x7F, 0xF8, 0x00, 
    0x7F, 0xFC, 0x00, 
    0x20, 0x00, 0x00, 
    0x00, 0x00, 0x00, 
    0x00, 0x00, 0x00, 
    // '3' (ASCII 51)
    0x00, 0x00, 0x00, 
    0x00, 0x00, 0x00, 
    0x00, 0x00, 0x00, 
    0x00, 0x00, 0x00, 
    0x00, 0x00, 0x00, 
    0x7F, 0xF8, 0x00, 
    0x7F, 0xFC, 0x00, 
    0x0B, 0xF8, 0x00, 
    0x00, 0x18, 0x00, 
    0x00, 0x18, 0x00, 
    0x0F, 0xFC, 0x00, 
    0x1F, 0xFC, 0x00, 
    0x0B, 0xF8, 0x00, 
    0x00, 0x18, 0x00, 
    0x00, 0x18, 0x00, 
    0x7F, 0xF8, 0x00, 
    0x7F, 0xFC, 0x00, 
    0x00, 0x08, 0x00, 
    0x00, 0x00, 0x00, 
    0x00, 0x00, 0x00, 
    // '4' (ASCII 52)
    0x00, 0x00, 0x00, 
    0x00, 0x00, 0x00, 
    0x00, 0x00, 0x00, 
    0x00, 0x00, 0x00, 
    0x00, 0x00, 0x00, 
    0x60, 0x18, 0x00, 
    0x70, 0x1C, 0x00, 
    0x60, 0x18, 0x00, 
    0x60, 0x18, 0x00, 
    0x70, 0x18, 0x00, 
    0x7F, 0xFC, 0x00, 
    0x7F, 0xFC, 0x00, 
    0x20, 0x38, 0x00, 
    0x00, 0x18, 0x00, 
    0x00, 0x18, 0x00, 
    0x00, 0x18, 0x00, 
    0x00, 0x1C, 0x00, 
    0x00, 0x08, 0x00, 
    0x00, 0x00, 0x00, 
    0x00, 0x00, 0x00, 
    // '5' (ASCII 53)
    0x00, 0x00, 0x00, 
    0x00, 0x00, 0x00, 
    0x00, 0x00, 0x00, 
    0x00, 0x00, 0x00, 
    0x00, 0x00, 0x00, 
    0x7F, 0xF8, 0x00, 
    0x7F, 0xFC, 0x00, 
    0x7F, 0xE8, 0x00, 
    0x60, 0x00, 0x00, 
    0x70, 0x00, 0x00, 
    0x7F, 0xF8, 0x00, 
    0x7F, 0xFC, 0x00, 
    0x3F, 0xF8, 0x00, 
    0x00, 0x18, 0x00, 
    0x00, 0x18, 0x00, 
    0x7F, 0xF8, 0x00, 
    0x7F, 0xFC, 0x00, 
    0x00, 0x08, 0x00, 
    0x00, 0x00, 0x00, 
    0x00, 0x00, 0x00, 
    // '6' (ASCII 54)
    0x00, 0x00, 0x00, 
    0x00, 0x00, 0x00, 
    0x00, 0x00, 0x00, 
    0x00, 0x00, 0x00, 
    0x00, 0x00, 0x00, 
    0x7F, 0xF8, 0x00, 
    0x7F, 0xFC, 0x00, 
    0x7F, 0xE8, 0x00, 
    0x60, 0x00, 0x00, 
    0x70, 0x00, 0x00, 
    0x7F, 0xF8, 0x00, 
    0x7F, 0xFC, 0x00, 
    0x7F, 0xF8, 0x00, 
    0x60, 0x18, 0x00, 
    0x70, 0x18, 0x00, 
    0x7F, 0xF8, 0x00, 
    0x7F, 0xFC, 0x00, 
    0x20, 0x08, 0x00, 
    0x00, 0x00, 0x00, 
    0x00, 0x00, 0x00, 
    // '7' (ASCII 55)
    0x00, 0x00, 0x00, 
    0x00, 0x00, 0x00, 
    0x00, 0x00, 0x00, 
    0x00, 0x00, 0x00, 
    0x00, 0x00, 0x00, 
    0x7F, 0xE0, 0x00, 
    0x7F, 0xE0, 0x00, 
    0x02, 0xE0, 0x00, 
    0x00, 0x60, 0x00, 
    0x00, 0xE0, 0x00, 
    0x00, 0x60, 0x00, 
    0x00, 0x60, 0x00, 
    0x00, 0x60, 0x00, 
    0x00, 0x60, 0x00, 
    0x00, 0x60, 0x00, 
    0x00, 0x60, 0x00, 
    0x00, 0xE0, 0x00, 
    0x00, 0x40, 0x00, 
    0x00, 0x00, 0x00, 
    0x00, 0x00, 0x00, 
    // '8' (ASCII 56)
    0x00, 0x00, 0x00, 
    0x00, 0x00, 0x00, 
    0x00, 0x00, 0x00, 
    0x00, 0x00, 0x00, 
    0x00, 0x00, 0x00, 
    0x7F, 0xF8, 0x00, 
    0x7F, 0xFC, 0x00, 
    0x7F, 0xF8, 0x00, 
    0x60, 0x18, 0x00, 
    0x70, 0x18, 0x00, 
    0x7F, 0xFC, 0x00, 
    0x7F, 0xFC, 0x00, 
    0x7F, 0xF8, 0x00, 
    0x60, 0x18, 0x00, 
    0x60, 0x18, 0x00, 
    0x7F, 0xF8, 0x00, 
    0x7F, 0xFC, 0x00, 
    0x20, 0x08, 0x00, 
    0x00, 0x00, 0x00, 
    0x00, 0x00, 0x00, 
    // '9' (ASCII 57)
    0x00, 0x00, 0x00, 
    0x00, 0x00, 0x00, 
    0x00, 0x00, 0x00, 
    0x00, 0x00, 0x00, 
    0x00, 0x00, 0x00, 
    0x7F, 0xF8, 0x00, 
    0x7F, 0xFC, 0x00, 
    0x7F, 0xF8, 0x00, 
    0x60, 0x18, 0x00, 
    0x70, 0x18, 0x00, 
    0x7F, 0xFC, 0x00, 
    0x7F, 0xFC, 0x00, 
    0x3F, 0xF8, 0x00, 
    0x00, 0x18, 0x00, 
    0x00, 0x18, 0x00, 
    0x7F, 0xF8, 0x00, 
    0x7F, 0xFC, 0x00, 
    0x00, 0x08, 0x00, 
    0x00, 0x00, 0x00, 
    0x00, 0x00, 0x00, 
    // ':' (ASCII 58)
    0x00, 0x00, 0x00, 
    0x00, 0x00, 0x00, 
    0x00, 0x00, 0x00, 
    0x00, 0x00, 0x00, 
    0x00, 0x00, 0x00, 
    0x00, 0x00, 0x00, 
    0x00, 0x00, 0x00, 
    0x00, 0x00, 0x00, 
    0x1C, 0x00, 0x00, 
    0x0C, 0x00, 0x00, 
    0x00, 0x00, 0x00, 
    0x00, 0x00, 0x00, 
    0x08, 0x00, 0x00, 
    0x1C, 0x00, 0x00, 
    0x0C, 0x00, 0x00, 
    0x00, 0x00, 0x00, 
    0x00, 0x00, 0x00, 
    0x00, 0x00, 0x00, 
    0x00, 0x00, 0x00, 
    0x00, 0x00, 0x00, 
    // ';' (ASCII 59)
    0x00, 0x00, 0x00, 
    0x00, 0x00, 0x00, 
    0x00, 0x00, 0x00, 
    0x00, 0x00, 0x00, 
    0x00, 0x00, 0x00, 
    0x00, 0x00, 0x00, 
    0x00, 0x00, 0x00, 
    0x00, 0x00, 0x00, 
    0x1C, 0x00, 0x00, 
    0x0C, 0x00, 0x00, 
    0x00, 0x00, 0x00, 
    0x00, 0x00, 0x00, 
    0x00, 0x00, 0x00, 
    0x00, 0x00, 0x00, 
    0x00, 0x00, 0x00, 
    0x0C, 0x00, 0x00, 
    0x1C, 0x00, 0x00, 
    0x0C, 0x00, 0x00, 
    0x0C, 0x00, 0x00, 
    0x0C, 0x00, 0x00, 
    // '<' (ASCII 60)
    0x00, 0x00, 0x00, 
    0x00, 0x00, 0x00, 
    0x00, 0x00, 0x00, 
    0x00, 0x00, 0x00, 
    0x00, 0x00, 0x00, 
    0x03, 0x00, 0x00, 
    0x03, 0x80, 0x00, 
    0x00, 0x00, 0x00, 
    0x1C, 0x00, 0x00, 
    0x0C, 0x00, 0x00, 
    0x60, 0x00, 0x00, 
    0x60, 0x00, 0x00, 
    0x08, 0x00, 0x00, 
    0x1C, 0x00, 0x00, 
    0x0C, 0x00, 0x00, 
    0x03, 0x00, 0x00, 
    0x03, 0x80, 0x00, 
    0x00, 0x00, 0x00, 
    0x00, 0x00, 0x00, 
    0x00, 0x00, 0x00, 
    // '=' (ASCII 61)
    0x00, 0x00, 0x00, 
    0x00, 0x00, 0x00, 
    0x00, 0x00, 0x00, 
    0x00, 0x00, 0x00, 
    0x00, 0x00, 0x00, 
    0x00, 0x00, 0x00, 
    0x00, 0x00, 0x00, 
    0x00, 0x00, 0x00, 
    0x7F, 0xFC, 0x00, 
    0x7F, 0xF8, 0x00, 
    0x00, 0x00, 0x00, 
    0x00, 0x00, 0x00, 
    0x2F, 0xE8, 0x00, 
    0x7F, 0xFC, 0x00, 
    0x7F, 0xF8, 0x00, 
    0x00, 0x00, 0x00, 
    0x00, 0x00, 0x00, 
    0x00, 0x00, 0x00, 
    0x00, 0x00, 0x00, 
    0x00, 0x00, 0x00, 
    // '>' (ASCII 62)
    0x00, 0x00, 0x00, 
    0x00, 0x00, 0x00, 
    0x00, 0x00, 0x00, 
    0x00, 0x00, 0x00, 
    0x00, 0x00, 0x00, 
    0x60, 0x00, 0x00, 
    0x70, 0x00, 0x00, 
    0x00, 0x00, 0x00, 
    0x1C, 0x00, 0x00, 
    0x0C, 0x00, 0x00, 
    0x03, 0x00, 0x00, 
    0x03, 0x80, 0x00, 
    0x08, 0x00, 0x00, 
    0x1C, 0x00, 0x00, 
    0x0C, 0x00, 0x00, 
    0x60, 0x00, 0x00, 
    0x70, 0x00, 0x00, 
    0x00, 0x00, 0x00, 
    0x00, 0x00, 0x00, 
    0x00, 0x00, 0x00, 
    // '?' (ASCII 63)
    0x00, 0x00, 0x00, 
    0x00, 0x00, 0x00, 
    0x00, 0x00, 0x00, 
    0x00, 0x00, 0x00, 
    0x00, 0x00, 0x00, 
    0x7F, 0xE0, 0x00, 
    0x7F, 0xE0, 0x00, 
    0x0B, 0xE0, 0x00, 
    0x00, 0x60, 0x00, 
    0x00, 0xE0, 0x00, 
    0x0F, 0xE0, 0x00, 
    0x1F, 0xE0, 0x00, 
    0x08, 0x40, 0x00, 
    0x00, 0x00, 0x00, 
    0x00, 0x00, 0x00, 
    0x0C, 0x00, 0x00, 
    0x1C, 0x00, 0x00, 
    0x00, 0x00, 0x00, 
    0x00, 0x00, 0x00, 
    0x00, 0x00, 0x00, 
    // '@' (ASCII 64)
    0x00, 0x00, 0x00, 
    0x00, 0x00, 0x00, 
    0x00, 0x00, 0x00, 
    0x00, 0x00, 0x00, 
    0x00, 0x00, 0x00, 
    0x7F, 0xF8, 0x00, 
    0x7F, 0xFC, 0x00, 
    0x75, 0xF8, 0x00, 
    0x60, 0x18, 0x00, 
    0x70, 0x18, 0x00, 
    0x73, 0xF8, 0x00, 
    0x73, 0xFC, 0x00, 
    0x71, 0x68, 0x00, 
    0x60, 0x00, 0x00, 
    0x70, 0x00, 0x00, 
    0x7F, 0xF8, 0x00, 
    0x7F, 0xFC, 0x00, 
    0x20, 0x00, 0x00, 
    0x00, 0x00, 0x00, 
    0x00, 0x00, 0x00, 
    // 'A' (ASCII 65)
    0x00, 0x00, 0x00, 
    0x00, 0x00, 0x00, 
    0x00, 0x00, 0x00, 
    0x00, 0x00, 0x00, 
    0x00, 0x00, 0x00, 
    0x7F, 0xF8, 0x00, 
    0x7F, 0xFC, 0x00, 
    0x7F, 0xF8, 0x00, 
    0x60, 0x18, 0x00, 
    0x70, 0x18, 0x00, 
    0x7F, 0xFC, 0x00, 
    0x7F, 0xFC, 0x00, 
    0x74, 0x38, 0x00, 
    0x60, 0x18, 0x00, 
    0x70, 0x18, 0x00, 
    0x60, 0x18, 0x00, 
    0x70, 0x1C, 0x00, 
    0x20, 0x08, 0x00, 
    0x00, 0x00, 0x00, 
    0x00, 0x00, 0x00, 
    // 'B' (ASCII 66)
    0x00, 0x00, 0x00, 
    0x00, 0x00, 0x00, 
    0x00, 0x00, 0x00, 
    0x00, 0x00, 0x00, 
    0x00, 0x00, 0x00, 
    0x7F, 0xF8, 0x00, 
    0x7F, 0xFC, 0x00, 
    0x7F, 0xF8, 0x00, 
    0x60, 0x1C, 0x00, 
    0x70, 0x18, 0x00, 
    0x7F, 0xE0, 0x00, 
    0x7F, 0xE0, 0x00, 
    0x7F, 0xF8, 0x00, 
    0x60, 0x1C, 0x00, 
    0x70, 0x18, 0x00, 
    0x7F, 0xF8, 0x00, 
    0x7F, 0xFC, 0x00, 
    0x20, 0x08, 0x00, 
    0x00, 0x00, 0x00, 
    0x00, 0x00, 0x00, 
    // 'C' (ASCII 67)
    0x00, 0x00, 0x00, 
    0x00, 0x00, 0x00, 
    0x00, 0x00, 0x00, 
    0x00, 0x00, 0x00, 
    0x00, 0x00, 0x00, 
    0x7F, 0xF8, 0x00, 
    0x7F, 0xFC, 0x00, 
    0x74, 0x00, 0x00, 
    0x60, 0x00, 0x00, 
    0x70, 0x00, 0x00, 
    0x60, 0x00, 0x00, 
    0x60, 0x00, 0x00, 
    0x60, 0x00, 0x00, 
    0x60, 0x00, 0x00, 
    0x70, 0x00, 0x00, 
    0x7F, 0xF8, 0x00, 
    0x7F, 0xFC, 0x00, 
    0x20, 0x00, 0x00, 
    0x00, 0x00, 0x00, 
    0x00, 0x00, 0x00, 
    // 'D' (ASCII 68)
    0x00, 0x00, 0x00, 
    0x00, 0x00, 0x00, 
    0x00, 0x00, 0x00, 
    0x00, 0x00, 0x00, 
    0x00, 0x00, 0x00, 
    0x7F, 0xE0, 0x00, 
    0x7F, 0xE0, 0x00, 
    0x74, 0x38, 0x00, 
    0x60, 0x1C, 0x00, 
    0x70, 0x18, 0x00, 
    0x60, 0x18, 0x00, 
    0x60, 0x18, 0x00, 
    0x60, 0x18, 0x00, 
    0x60, 0x1C, 0x00, 
    0x70, 0x18, 0x00, 
    0x7F, 0xE0, 0x00, 
    0x7F, 0xE0, 0x00, 
    0x20, 0x00, 0x00, 
    0x00, 0x00, 0x00, 
    0x00, 0x00, 0x00, 
    // 'E' (ASCII 69)
    0x00, 0x00, 0x00, 
    0x00, 0x00, 0x00, 
    0x00, 0x00, 0x00, 
    0x00, 0x00, 0x00, 
    0x00, 0x00, 0x00, 
    0x7F, 0xF8, 0x00, 
    0x7F, 0xFC, 0x00, 
    0x7F, 0x40, 0x00, 
    0x60, 0x00, 0x00, 
    0x70, 0x00, 0x00, 
    0x7F, 0xE0, 0x00, 
    0x7F, 0xE0, 0x00, 
    0x7F, 0x40, 0x00, 
    0x60, 0x00, 0x00, 
    0x70, 0x00, 0x00, 
    0x7F, 0xF8, 0x00, 
    0x7F, 0xFC, 0x00, 
    0x20, 0x00, 0x00, 
    0x00, 0x00, 0x00, 
    0x00, 0x00, 0x00, 
    // 'F' (ASCII 70)
    0x00, 0x00, 0x00, 
    0x00, 0x00, 0x00, 
    0x00, 0x00, 0x00, 
    0x00, 0x00, 0x00, 
    0x00, 0x00, 0x00, 
    0x7F, 0xF8, 0x00, 
    0x7F, 0xFC, 0x00, 
    0x7F, 0x40, 0x00, 
    0x60, 0x00, 0x00, 
    0x70, 0x00, 0x00, 
    0x7F, 0xE0, 0x00, 
    0x7F, 0xE0, 0x00, 
    0x74, 0x00, 0x00, 
    0x60, 0x00, 0x00, 
    0x70, 0x00, 0x00, 
    0x60, 0x00, 0x00, 
    0x70, 0x00, 0x00, 
    0x20, 0x00, 0x00, 
    0x00, 0x00, 0x00, 
    0x00, 0x00, 0x00, 
    // 'G' (ASCII 71)
    0x00, 0x00, 0x00, 
    0x00, 0x00, 0x00, 
    0x00, 0x00, 0x00, 
    0x00, 0x00, 0x00, 
    0x00, 0x00, 0x00, 
    0x7F, 0xF8, 0x00, 
    0x7F, 0xFC, 0x00, 
    0x75, 0x68, 0x00, 
    0x60, 0x00, 0x00, 
    0x70, 0x00, 0x00, 
    0x73, 0xF8, 0x00, 
    0x73, 0xFC, 0x00, 
    0x71, 0xF8, 0x00, 
    0x60, 0x18, 0x00, 
    0x70, 0x18, 0x00, 
    0x7F, 0xF8, 0x00, 
    0x7F, 0xFC, 0x00, 
    0x20, 0x08, 0x00, 
    0x00, 0x00, 0x00, 
    0x00, 0x00, 0x00, 
    // 'H' (ASCII 72)
    0x00, 0x00, 0x00, 
    0x00, 0x00, 0x00, 
    0x00, 0x00, 0x00, 
    0x00, 0x00, 0x00, 
    0x00, 0x00, 0x00, 
    0x60, 0x18, 0x00, 
    0x70, 0x1C, 0x00, 
    0x60, 0x18, 0x00, 
    0x60, 0x18, 0x00, 
    0x70, 0x18, 0x00, 
    0x7F, 0xFC, 0x00, 
    0x7F, 0xFC, 0x00, 
    0x74, 0x38, 0x00, 
    0x60, 0x18, 0x00, 
    0x70, 0x18, 0x00, 
    0x60, 0x18, 0x00, 
    0x70, 0x1C, 0x00, 
    0x20, 0x08, 0x00, 
    0x00, 0x00, 0x00, 
    0x00, 0x00, 0x00, 
    // 'I' (ASCII 73)
    0x00, 0x00, 0x00, 
    0x00, 0x00, 0x00, 
    0x00, 0x00, 0x00, 
    0x00, 0x00, 0x00, 
    0x00, 0x00, 0x00, 
    0x60, 0x00, 0x00, 
    0x70, 0x00, 0x00, 
    0x60, 0x00, 0x00, 
    0x60, 0x00, 0x00, 
    0x60, 0x00, 0x00, 
    0x60, 0x00, 0x00, 
    0x60, 0x00, 0x00, 
    0x60, 0x00, 0x00, 
    0x60, 0x00, 0x00, 
    0x60, 0x00, 0x00, 
    0x60, 0x00, 0x00, 
    0x70, 0x00, 0x00, 
    0x20, 0x00, 0x00, 
    0x00, 0x00, 0x00, 
    0x00, 0x00, 0x00, 
    // 'J' (ASCII 74)
    0x00, 0x00, 0x00, 
    0x00, 0x00, 0x00, 
    0x00, 0x00, 0x00, 
    0x00, 0x00, 0x00, 
    0x00, 0x00, 0x00, 
    0x00, 0x60, 0x00, 
    0x00, 0xE0, 0x00, 
    0x00, 0x60, 0x00, 
    0x00, 0x60, 0x00, 
    0x00, 0x60, 0x00, 
    0x00, 0x60, 0x00, 
    0x00, 0x60, 0x00, 
    0x00, 0x60, 0x00, 
    0x00, 0x60, 0x00, 
    0x00, 0xE0, 0x00, 
    0x7F, 0xE0, 0x00, 
    0x7F, 0xE0, 0x00, 
    0x00, 0x40, 0x00, 
    0x00, 0x00, 0x00, 
    0x00, 0x00, 0x00, 
    // 'K' (ASCII 75)
    0x00, 0x00, 0x00, 
    0x00, 0x00, 0x00, 
    0x00, 0x00, 0x00, 
    0x00, 0x00, 0x00, 
    0x00, 0x00, 0x00, 
    0x60, 0x18, 0x00, 
    0x70, 0x1C, 0x00, 
    0x60, 0x18, 0x00, 
    0x60, 0x1C, 0x00, 
    0x70, 0x18, 0x00, 
    0x7F, 0xE0, 0x00, 
    0x7F, 0xE0, 0x00, 
    0x74, 0x08, 0x00, 
    0x60, 0x1C, 0x00, 
    0x70, 0x18, 0x00, 
    0x60, 0x18, 0x00, 
    0x70, 0x1C, 0x00, 
    0x20, 0x08, 0x00, 
    0x00, 0x00, 0x00, 
    0x00, 0x00, 0x00, 
    // 'L' (ASCII 76)
    0x00, 0x00, 0x00, 
    0x00, 0x00, 0x00, 
    0x00, 0x00, 0x00, 
    0x00, 0x00, 0x00, 
    0x00, 0x00, 0x00, 
    0x60, 0x00, 0x00, 
    0x70, 0x00, 0x00, 
    0x60, 0x00, 0x00, 
    0x60, 0x00, 0x00, 
    0x60, 0x00, 0x00, 
    0x60, 0x00, 0x00, 
    0x60, 0x00, 0x00, 
    0x60, 0x00, 0x00, 
    0x60, 0x00, 0x00, 
    0x70, 0x00, 0x00, 
    0x7F, 0xE0, 0x00, 
    0x7F, 0xE0, 0x00, 
    0x20, 0x00, 0x00, 
    0x00, 0x00, 0x00, 
    0x00, 0x00, 0x00, 
    // 'M' (ASCII 77)
    0x00, 0x00, 0x00, 
    0x00, 0x00, 0x00, 
    0x00, 0x00, 0x00, 
    0x00, 0x00, 0x00, 
    0x00, 0x00, 0x00, 
    0x7F, 0xFF, 0xC0, 
    0x7F, 0xFF, 0xE0, 
    0x76, 0xF1, 0xC0, 
    0x60, 0x60, 0xC0, 
    0x70, 0xE0, 0xC0, 
    0x60, 0x60, 0xC0, 
    0x60, 0x60, 0xC0, 
    0x60, 0x60, 0xC0, 
    0x60, 0x60, 0xC0, 
    0x60, 0x60, 0xC0, 
    0x60, 0x60, 0xC0, 
    0x70, 0xE0, 0xE0, 
    0x20, 0x40, 0x40, 
    0x00, 0x00, 0x00, 
    0x00, 0x00, 0x00, 
    // 'N' (ASCII 78)
    0x00, 0x00, 0x00, 
    0x00, 0x00, 0x00, 
    0x00, 0x00, 0x00, 
    0x00, 0x00, 0x00, 
    0x00, 0x00, 0x00, 
    0x7F, 0xF8, 0x00, 
    0x7F, 0xFC, 0x00, 
    0x74, 0x38, 0x00, 
    0x60, 0x18, 0x00, 
    0x70, 0x18, 0x00, 
    0x60, 0x18, 0x00, 
    0x60, 0x18, 0x00, 
    0x60, 0x18, 0x00, 
    0x60, 0x18, 0x00, 
    0x60, 0x18, 0x00, 
    0x60, 0x18, 0x00, 
    0x70, 0x1C, 0x00, 
    0x20, 0x08, 0x00, 
    0x00, 0x00, 0x00, 
    0x00, 0x00, 0x00, 
    // 'O' (ASCII 79)
    0x00, 0x00, 0x00, 
    0x00, 0x00, 0x00, 
    0x00, 0x00, 0x00, 
    0x00, 0x00, 0x00, 
    0x00, 0x00, 0x00, 
    0x7F, 0xF8, 0x00, 
    0x7F, 0xFC, 0x00, 
    0x74, 0x38, 0x00, 
    0x60, 0x18, 0x00, 
    0x70, 0x18, 0x00, 
    0x60, 0x18, 0x00, 
    0x60, 0x18, 0x00, 
    0x60, 0x18, 0x00, 
    0x60, 0x18, 0x00, 
    0x70, 0x18, 0x00, 
    0x7F, 0xF8, 0x00, 
    0x7F, 0xFC, 0x00, 
    0x20, 0x08, 0x00, 
    0x00, 0x00, 0x00, 
    0x00, 0x00, 0x00, 
    // 'P' (ASCII 80)
    0x00, 0x00, 0x00, 
    0x00, 0x00, 0x00, 
    0x00, 0x00, 0x00, 
    0x00, 0x00, 0x00, 
    0x00, 0x00, 0x00, 
    0x7F, 0xF8, 0x00, 
    0x7F, 0xFC, 0x00, 
    0x7F, 0xF8, 0x00, 
    0x60, 0x18, 0x00, 
    0x70, 0x18, 0x00, 
    0x7F, 0xF8, 0x00, 
    0x7F, 0xFC, 0x00, 
    0x74, 0x08, 0x00, 
    0x60, 0x00, 0x00, 
    0x70, 0x00, 0x00, 
    0x60, 0x00, 0x00, 
    0x70, 0x00, 0x00, 
    0x20, 0x00, 0x00, 
    0x00, 0x00, 0x00, 
    0x00, 0x00, 0x00, 
    // 'Q' (ASCII 81)
    0x00, 0x00, 0x00, 
    0x00, 0x00, 0x00, 
    0x00, 0x00, 0x00, 
    0x00, 0x00, 0x00, 
    0x00, 0x00, 0x00, 
    0x7F, 0xF8, 0x00, 
    0x7F, 0xFC, 0x00, 
    0x74, 0x38, 0x00, 
    0x60, 0x18, 0x00, 
    0x70, 0x18, 0x00, 
    0x60, 0x18, 0x00, 
    0x60, 0x18, 0x00, 
    0x60, 0x18, 0x00, 
    0x60, 0x18, 0x00, 
    0x70, 0x18, 0x00, 
    0x7F, 0xF8, 0x00, 
    0x7F, 0xFC, 0x00, 
    0x27, 0xA8, 0x00, 
    0x03, 0x00, 0x00, 
    0x03, 0x80, 0x00, 
    // 'R' (ASCII 82)
    0x00, 0x00, 0x00, 
    0x00, 0x00, 0x00, 
    0x00, 0x00, 0x00, 
    0x00, 0x00, 0x00, 
    0x00, 0x00, 0x00, 
    0x7F, 0xF8, 0x00, 
    0x7F, 0xFC, 0x00, 
    0x7F, 0xF8, 0x00, 
    0x60, 0x1C, 0x00, 
    0x70, 0x18, 0x00, 
    0x7F, 0xE0, 0x00, 
    0x7F, 0xE0, 0x00, 
    0x74, 0x08, 0x00, 
    0x60, 0x1C, 0x00, 
    0x70, 0x18, 0x00, 
    0x60, 0x18, 0x00, 
    0x70, 0x1C, 0x00, 
    0x20, 0x08, 0x00, 
    0x00, 0x00, 0x00, 
    0x00, 0x00, 0x00, 
    // 'S' (ASCII 83)
    0x00, 0x00, 0x00, 
    0x00, 0x00, 0x00, 
    0x00, 0x00, 0x00, 
    0x00, 0x00, 0x00, 
    0x00, 0x00, 0x00, 
    0x7F, 0xF8, 0x00, 
    0x7F, 0xFC, 0x00, 
    0x7F, 0xE8, 0x00, 
    0x60, 0x00, 0x00, 
    0x70, 0x00, 0x00, 
    0x7F, 0xF8, 0x00, 
    0x7F, 0xFC, 0x00, 
    0x3F, 0xF8, 0x00, 
    0x00, 0x18, 0x00, 
    0x00, 0x18, 0x00, 
    0x7F, 0xF8, 0x00, 
    0x7F, 0xFC, 0x00, 
    0x00, 0x08, 0x00, 
    0x00, 0x00, 0x00, 
    0x00, 0x00, 0x00, 
    // 'T' (ASCII 84)
    0x00, 0x00, 0x00, 
    0x00, 0x00, 0x00, 
    0x00, 0x00, 0x00, 
    0x00, 0x00, 0x00, 
    0x00, 0x00, 0x00, 
    0x7F, 0xF8, 0x00, 
    0x7F, 0xFC, 0x00, 
    0x07, 0xA0, 0x00, 
    0x03, 0x00, 0x00, 
    0x03, 0x80, 0x00, 
    0x03, 0x00, 0x00, 
    0x03, 0x00, 0x00, 
    0x03, 0x00, 0x00, 
    0x03, 0x00, 0x00, 
    0x03, 0x00, 0x00, 
    0x03, 0x00, 0x00, 
    0x03, 0x80, 0x00, 
    0x01, 0x00, 0x00, 
    0x00, 0x00, 0x00, 
    0x00, 0x00, 0x00, 
    // 'U' (ASCII 85)
    0x00, 0x00, 0x00, 
    0x00, 0x00, 0x00, 
    0x00, 0x00, 0x00, 
    0x00, 0x00, 0x00, 
    0x00, 0x00, 0x00, 
    0x60, 0x18, 0x00, 
    0x70, 0x1C, 0x00, 
    0x60, 0x18, 0x00, 
    0x60, 0x18, 0x00, 
    0x60, 0x18, 0x00, 
    0x60, 0x18, 0x00, 
    0x60, 0x18, 0x00, 
    0x60, 0x18, 0x00, 
    0x60, 0x18, 0x00, 
    0x70, 0x18, 0x00, 
    0x7F, 0xF8, 0x00, 
    0x7F, 0xFC, 0x00, 
    0x20, 0x08, 0x00, 
    0x00, 0x00, 0x00, 
    0x00, 0x00, 0x00, 
    // 'V' (ASCII 86)
    0x00, 0x00, 0x00, 
    0x00, 0x00, 0x00, 
    0x00, 0x00, 0x00, 
    0x00, 0x00, 0x00, 
    0x00, 0x00, 0x00, 
    0x60, 0x18, 0x00, 
    0x70, 0x1C, 0x00, 
    0x60, 0x18, 0x00, 
    0x60, 0x18, 0x00, 
    0x60, 0x18, 0x00, 
    0x60, 0x18, 0x00, 
    0x60, 0x18, 0x00, 
    0x60, 0x18, 0x00, 
    0x60, 0x1C, 0x00, 
    0x60, 0x18, 0x00, 
    0x0F, 0xE0, 0x00, 
    0x1F, 0xE0, 0x00, 
    0x00, 0x00, 0x00, 
    0x00, 0x00, 0x00, 
    0x00, 0x00, 0x00, 
    // 'W' (ASCII 87)
    0x00, 0x00, 0x00, 
    0x00, 0x00, 0x00, 
    0x00, 0x00, 0x00, 
    0x00, 0x00, 0x00, 
    0x00, 0x00, 0x00, 
    0x60, 0x60, 0xC0, 
    0x70, 0xE0, 0xE0, 
    0x60, 0x60, 0xC0, 
    0x60, 0x60, 0xC0, 
    0x60, 0x60, 0xC0, 
    0x60, 0x60, 0xC0, 
    0x60, 0x60, 0xC0, 
    0x60, 0x60, 0xC0, 
    0x60, 0x60, 0xC0, 
    0x70, 0xE0, 0xC0, 
    0x7F, 0xFF, 0xC0, 
    0x7F, 0xFF, 0xE0, 
    0x20, 0x60, 0x40, 
    0x00, 0x00, 0x00, 
    0x00, 0x00, 0x00, 
    // 'X' (ASCII 88)
    0x00, 0x00, 0x00, 
    0x00, 0x00, 0x00, 
    0x00, 0x00, 0x00, 
    0x00, 0x00, 0x00, 
    0x00, 0x00, 0x00, 
    0x60, 0x18, 0x00, 
    0x70, 0x1C, 0x00, 
    0x60, 0x18, 0x00, 
    0x60, 0x1C, 0x00, 
    0x60, 0x18, 0x00, 
    0x1F, 0xE0, 0x00, 
    0x1F, 0xE0, 0x00, 
    0x20, 0x08, 0x00, 
    0x60, 0x1C, 0x00, 
    0x60, 0x18, 0x00, 
    0x60, 0x18, 0x00, 
    0x70, 0x1C, 0x00, 
    0x20, 0x08, 0x00, 
    0x00, 0x00, 0x00, 
    0x00, 0x00, 0x00, 
    // 'Y' (ASCII 89)
    0x00, 0x00, 0x00, 
    0x00, 0x00, 0x00, 
    0x00, 0x00, 0x00, 
    0x00, 0x00, 0x00, 
    0x00, 0x00, 0x00, 
    0x60, 0x18, 0x00, 
    0x70, 0x1C, 0x00, 
    0x60, 0x18, 0x00, 
    0x60, 0x18, 0x00, 
    0x70, 0x18, 0x00, 
    0x7F, 0xF8, 0x00, 
    0x7F, 0xFC, 0x00, 
    0x27, 0xA8, 0x00, 
    0x03, 0x00, 0x00, 
    0x03, 0x80, 0x00, 
    0x03, 0x00, 0x00, 
    0x03, 0x80, 0x00, 
    0x01, 0x00, 0x00, 
    0x00, 0x00, 0x00, 
    0x00, 0x00, 0x00, 
    // 'Z' (ASCII 90)
    0x00, 0x00, 0x00, 
    0x00, 0x00, 0x00, 
    0x00, 0x00, 0x00, 
    0x00, 0x00, 0x00, 
    0x00, 0x00, 0x00, 
    0x7F, 0xF8, 0x00, 
    0x7F, 0xFC, 0x00, 
    0x0B, 0xF8, 0x00, 
    0x00, 0x1C, 0x00, 
    0x00, 0x18, 0x00, 
    0x0F, 0xE0, 0x00, 
    0x1F, 0xE0, 0x00, 
    0x2F, 0x40, 0x00, 
    0x60, 0x00, 0x00, 
    0x70, 0x00, 0x00, 
    0x7F, 0xF8, 0x00, 
    0x7F, 0xFC, 0x00, 
    0x20, 0x00, 0x00, 
    0x00, 0x00, 0x00, 
    0x00, 0x00, 0x00, 
    // '[' (ASCII 91)
    0x00, 0x00, 0x00, 
    0x00, 0x00, 0x00, 
    0x20, 0x00, 0x00, 
    0x7C, 0x00, 0x00, 
    0x7C, 0x00, 0x00, 
    0x70, 0x00, 0x00, 
    0x60, 0x00, 0x00, 
    0x60, 0x00, 0x00, 
    0x60, 0x00, 0x00, 
    0x60, 0x00, 0x00, 
    0x60, 0x00, 0x00, 
    0x60, 0x00, 0x00, 
    0x60, 0x00, 0x00, 
    0x60, 0x00, 0x00, 
    0x60, 0x00, 0x00, 
    0x70, 0x00, 0x00, 
    0x60, 0x00, 0x00, 
    0x70, 0x00, 0x00, 
    0x7C, 0x00, 0x00, 
    0x7C, 0x00, 0x00, 
    // '\' (ASCII 92)
    0x00, 0x00, 0x00, 
    0x00, 0x00, 0x00, 
    0x00, 0x00, 0x00, 
    0x00, 0x00, 0x00, 
    0x00, 0x00, 0x00, 
    0x60, 0x00, 0x00, 
    0x70, 0x00, 0x00, 
    0x00, 0x00, 0x00, 
    0x1C, 0x00, 0x00, 
    0x0C, 0x00, 0x00, 
    0x03, 0x00, 0x00, 
    0x03, 0x80, 0x00, 
    0x00, 0x00, 0x00, 
    0x00, 0xE0, 0x00, 
    0x00, 0x60, 0x00, 
    0x00, 0x18, 0x00, 
    0x00, 0x1C, 0x00, 
    0x00, 0x00, 0x00, 
    0x00, 0x00, 0x00, 
    0x00, 0x00, 0x00, 
    // ']' (ASCII 93)
    0x00, 0x00, 0x00, 
    0x00, 0x00, 0x00, 
    0x08, 0x00, 0x00, 
    0x7C, 0x00, 0x00, 
    0x7C, 0x00, 0x00, 
    0x1C, 0x00, 0x00, 
    0x0C, 0x00, 0x00, 
    0x0C, 0x00, 0x00, 
    0x0C, 0x00, 0x00, 
    0x0C, 0x00, 0x00, 
    0x0C, 0x00, 0x00, 
    0x0C, 0x00, 0x00, 
    0x0C, 0x00, 0x00, 
    0x0C, 0x00, 0x00, 
    0x0C, 0x00, 0x00, 
    0x1C, 0x00, 0x00, 
    0x0C, 0x00, 0x00, 
    0x1C, 0x00, 0x00, 
    0x7C, 0x00, 0x00, 
    0x7C, 0x00, 0x00, 
    // '^' (ASCII 94)
    0x00, 0x00, 0x00, 
    0x00, 0x00, 0x00, 
    0x00, 0x00, 0x00, 
    0x00, 0x00, 0x00, 
    0x00, 0x00, 0x00, 
    0x0C, 0x00, 0x00, 
    0x0C, 0x00, 0x00, 
    0x00, 0x00, 0x00, 
    0x73, 0x80, 0x00, 
    0x73, 0x80, 0x00, 
    0x00, 0x00, 0x00, 
    0x00, 0x00, 0x00, 
    0x00, 0x00, 0x00, 
    0x00, 0x00, 0x00, 
    0x00, 0x00, 0x00, 
    0x00, 0x00, 0x00, 
    0x00, 0x00, 0x00, 
    0x00, 0x00, 0x00, 
    0x00, 0x00, 0x00, 
    0x00, 0x00, 0x00, 
    // '_' (ASCII 95)
    0x00, 0x00, 0x00, 
    0x00, 0x00, 0x00, 
    0x00, 0x00, 0x00, 
    0x00, 0x00, 0x00, 
    0x00, 0x00, 0x00, 
    0x00, 0x00, 0x00, 
    0x00, 0x00, 0x00, 
    0x00, 0x00, 0x00, 
    0x00, 0x00, 0x00, 
    0x00, 0x00, 0x00, 
    0x00, 0x00, 0x00, 
    0x00, 0x00, 0x00, 
    0x00, 0x00, 0x00, 
    0x00, 0x00, 0x00, 
    0x00, 0x00, 0x00, 
    0x00, 0x00, 0x00, 
    0x00, 0x00, 0x00, 
    0x00, 0x00, 0x00, 
    0x7F, 0xFC, 0x00, 
    0x7F, 0xF8, 0x00, 
    // '`' (ASCII 96)
    0x00, 0x00, 0x00, 
    0x00, 0x00, 0x00, 
    0x00, 0x00, 0x00, 
    0x00, 0x00, 0x00, 
    0x00, 0x00, 0x00, 
    0x60, 0x00, 0x00, 
    0x70, 0x00, 0x00, 
    0x00, 0x00, 0x00, 
    0x1C, 0x00, 0x00, 
    0x0C, 0x00, 0x00, 
    0x00, 0x00, 0x00, 
    0x00, 0x00, 0x00, 
    0x00, 0x00, 0x00, 
    0x00, 0x00, 0x00, 
    0x00, 0x00, 0x00, 
    0x00, 0x00, 0x00, 
    0x00, 0x00, 0x00, 
    0x00, 0x00, 0x00, 
    0x00, 0x00, 0x00, 
    0x00, 0x00, 0x00, 
    // 'a' (ASCII 97)
    0x00, 0x00, 0x00, 
    0x00, 0x00, 0x00, 
    0x00, 0x00, 0x00, 
    0x00, 0x00, 0x00, 
    0x00, 0x00, 0x00, 
    0x00, 0x00, 0x00, 
    0x00, 0x00, 0x00, 
    0x00, 0x40, 0x00, 
    0x1F, 0xE0, 0x00, 
    0x0F, 0xE0, 0x00, 
    0x60, 0xE0, 0x00, 
    0x60, 0x60, 0x00, 
    0x60, 0x60, 0x00, 
    0x60, 0x60, 0x00, 
    0x70, 0xE0, 0x00, 
    0x7F, 0xE0, 0x00, 
    0x7F, 0xE0, 0x00, 
    0x20, 0x40, 0x00, 
    0x00, 0x00, 0x00, 
    0x00, 0x00, 0x00, 
    // 'b' (ASCII 98)
    0x00, 0x00, 0x00, 
    0x00, 0x00, 0x00, 
    0x00, 0x00, 0x00, 
    0x00, 0x00, 0x00, 
    0x00, 0x00, 0x00, 
    0x60, 0x00, 0x00, 
    0x60, 0x00, 0x00, 
    0x74, 0x40, 0x00, 
    0x7F, 0xE0, 0x00, 
    0x7F, 0xE0, 0x00, 
    0x70, 0xE0, 0x00, 
    0x60, 0x60, 0x00, 
    0x60, 0x60, 0x00, 
    0x60, 0x60, 0x00, 
    0x70, 0xE0, 0x00, 
    0x7F, 0xE0, 0x00, 
    0x7F, 0xE0, 0x00, 
    0x20, 0x40, 0x00, 
    0x00, 0x00, 0x00, 
    0x00, 0x00, 0x00, 
    // 'c' (ASCII 99)
    0x00, 0x00, 0x00, 
    0x00, 0x00, 0x00, 
    0x00, 0x00, 0x00, 
    0x00, 0x00, 0x00, 
    0x00, 0x00, 0x00, 
    0x00, 0x00, 0x00, 
    0x00, 0x00, 0x00, 
    0x20, 0x00, 0x00, 
    0x7F, 0xE0, 0x00, 
    0x7F, 0xE0, 0x00, 
    0x70, 0x00, 0x00, 
    0x60, 0x00, 0x00, 
    0x60, 0x00, 0x00, 
    0x60, 0x00, 0x00, 
    0x70, 0x00, 0x00, 
    0x7F, 0xE0, 0x00, 
    0x7F, 0xE0, 0x00, 
    0x20, 0x00, 0x00, 
    0x00, 0x00, 0x00, 
    0x00, 0x00, 0x00, 
    // 'd' (ASCII 100)
    0x00, 0x00, 0x00, 
    0x00, 0x00, 0x00, 
    0x00, 0x00, 0x00, 
    0x00, 0x00, 0x00, 
    0x00, 0x00, 0x00, 
    0x00, 0x60, 0x00, 
    0x00, 0x60, 0x00, 
    0x22, 0xE0, 0x00, 
    0x7F, 0xE0, 0x00, 
    0x7F, 0xE0, 0x00, 
    0x70, 0xE0, 0x00, 
    0x60, 0x60, 0x00, 
    0x60, 0x60, 0x00, 
    0x60, 0x60, 0x00, 
    0x70, 0xE0, 0x00, 
    0x7F, 0xE0, 0x00, 
    0x7F, 0xE0, 0x00, 
    0x20, 0x40, 0x00, 
    0x00, 0x00, 0x00, 
    0x00, 0x00, 0x00, 
    // 'e' (ASCII 101)
    0x00, 0x00, 0x00, 
    0x00, 0x00, 0x00, 
    0x00, 0x00, 0x00, 
    0x00, 0x00, 0x00, 
    0x00, 0x00, 0x00, 
    0x00, 0x00, 0x00, 
    0x00, 0x00, 0x00, 
    0x20, 0x40, 0x00, 
    0x7F, 0xE0, 0x00, 
    0x7F, 0xE0, 0x00, 
    0x70, 0xE0, 0x00, 
    0x60, 0x60, 0x00, 
    0x71, 0x40, 0x00, 
    0x63, 0x00, 0x00, 
    0x73, 0x80, 0x00, 
    0x7F, 0xE0, 0x00, 
    0x7F, 0xE0, 0x00, 
    0x23, 0x00, 0x00, 
    0x00, 0x00, 0x00, 
    0x00, 0x00, 0x00, 
    // 'f' (ASCII 102)
    0x00, 0x00, 0x00, 
    0x00, 0x00, 0x00, 
    0x00, 0x00, 0x00, 
    0x00, 0x00, 0x00, 
    0x00, 0x00, 0x00, 
    0x7C, 0x00, 0x00, 
    0x7C, 0x00, 0x00, 
    0x78, 0x00, 0x00, 
    0x60, 0x00, 0x00, 
    0x70, 0x00, 0x00, 
    0x7C, 0x00, 0x00, 
    0x7C, 0x00, 0x00, 
    0x70, 0x00, 0x00, 
    0x60, 0x00, 0x00, 
    0x70, 0x00, 0x00, 
    0x60, 0x00, 0x00, 
    0x70, 0x00, 0x00, 
    0x20, 0x00, 0x00, 
    0x00, 0x00, 0x00, 
    0x00, 0x00, 0x00, 
    // 'g' (ASCII 103)
    0x00, 0x00, 0x00, 
    0x00, 0x00, 0x00, 
    0x00, 0x00, 0x00, 
    0x00, 0x00, 0x00, 
    0x00, 0x00, 0x00, 
    0x00, 0x00, 0x00, 
    0x00, 0x00, 0x00, 
    0x20, 0x40, 0x00, 
    0x7F, 0xE0, 0x00, 
    0x7F, 0xE0, 0x00, 
    0x70, 0xE0, 0x00, 
    0x60, 0x60, 0x00, 
    0x60, 0x60, 0x00, 
    0x60, 0x60, 0x00, 
    0x70, 0xE0, 0x00, 
    0x7F, 0xE0, 0x00, 
    0x7F, 0xE0, 0x00, 
    0x22, 0xE0, 0x00, 
    0x00, 0x60, 0x00, 
    0x00, 0xE0, 0x00, 
    // 'h' (ASCII 104)
    0x00, 0x00, 0x00, 
    0x00, 0x00, 0x00, 
    0x00, 0x00, 0x00, 
    0x00, 0x00, 0x00, 
    0x00, 0x00, 0x00, 
    0x60, 0x00, 0x00, 
    0x60, 0x00, 0x00, 
    0x74, 0x40, 0x00, 
    0x7F, 0xE0, 0x00, 
    0x7F, 0xE0, 0x00, 
    0x70, 0xE0, 0x00, 
    0x60, 0x60, 0x00, 
    0x60, 0x60, 0x00, 
    0x60, 0x60, 0x00, 
    0x60, 0x60, 0x00, 
    0x60, 0x60, 0x00, 
    0x70, 0xE0, 0x00, 
    0x20, 0x40, 0x00, 
    0x00, 0x00, 0x00, 
    0x00, 0x00, 0x00, 
    // 'i' (ASCII 105)
    0x00, 0x00, 0x00, 
    0x00, 0x00, 0x00, 
    0x00, 0x00, 0x00, 
    0x00, 0x00, 0x00, 
    0x00, 0x00, 0x00, 
    0x60, 0x00, 0x00, 
    0x70, 0x00, 0x00, 
    0x20, 0x00, 0x00, 
    0x00, 0x00, 0x00, 
    0x00, 0x00, 0x00, 
    0x60, 0x00, 0x00, 
    0x70, 0x00, 0x00, 
    0x60, 0x00, 0x00, 
    0x60, 0x00, 0x00, 
    0x60, 0x00, 0x00, 
    0x60, 0x00, 0x00, 
    0x70, 0x00, 0x00, 
    0x20, 0x00, 0x00, 
    0x00, 0x00, 0x00, 
    0x00, 0x00, 0x00, 
    // 'j' (ASCII 106)
    0x00, 0x00, 0x00, 
    0x00, 0x00, 0x00, 
    0x00, 0x00, 0x00, 
    0x00, 0x00, 0x00, 
    0x00, 0x00, 0x00, 
    0x0C, 0x00, 0x00, 
    0x1C, 0x00, 0x00, 
    0x08, 0x00, 0x00, 
    0x00, 0x00, 0x00, 
    0x00, 0x00, 0x00, 
    0x0C, 0x00, 0x00, 
    0x1C, 0x00, 0x00, 
    0x0C, 0x00, 0x00, 
    0x0C, 0x00, 0x00, 
    0x0C, 0x00, 0x00, 
    0x0C, 0x00, 0x00, 
    0x0C, 0x00, 0x00, 
    0x0C, 0x00, 0x00, 
    0x0C, 0x00, 0x00, 
    0x0C, 0x00, 0x00, 
    // 'k' (ASCII 107)
    0x00, 0x00, 0x00, 
    0x00, 0x00, 0x00, 
    0x00, 0x00, 0x00, 
    0x00, 0x00, 0x00, 
    0x00, 0x00, 0x00, 
    0x60, 0x00, 0x00, 
    0x70, 0x00, 0x00, 
    0x60, 0x00, 0x00, 
    0x60, 0xE0, 0x00, 
    0x70, 0x60, 0x00, 
    0x7F, 0x80, 0x00, 
    0x7F, 0x80, 0x00, 
    0x74, 0x40, 0x00, 
    0x60, 0x60, 0x00, 
    0x70, 0x60, 0x00, 
    0x60, 0x60, 0x00, 
    0x70, 0xE0, 0x00, 
    0x20, 0x40, 0x00, 
    0x00, 0x00, 0x00, 
    0x00, 0x00, 0x00, 
    // 'l' (ASCII 108)
    0x00, 0x00, 0x00, 
    0x00, 0x00, 0x00, 
    0x00, 0x00, 0x00, 
    0x00, 0x00, 0x00, 
    0x00, 0x00, 0x00, 
    0x60, 0x00, 0x00, 
    0x70, 0x00, 0x00, 
    0x60, 0x00, 0x00, 
    0x60, 0x00, 0x00, 
    0x60, 0x00, 0x00, 
    0x60, 0x00, 0x00, 
    0x60, 0x00, 0x00, 
    0x60, 0x00, 0x00, 
    0x60, 0x00, 0x00, 
    0x60, 0x00, 0x00, 
    0x60, 0x00, 0x00, 
    0x70, 0x00, 0x00, 
    0x20, 0x00, 0x00, 
    0x00, 0x00, 0x00, 
    0x00, 0x00, 0x00, 
    // 'm' (ASCII 109)
    0x00, 0x00, 0x00, 
    0x00, 0x00, 0x00, 
    0x00, 0x00, 0x00, 
    0x00, 0x00, 0x00, 
    0x00, 0x00, 0x00, 
    0x00, 0x00, 0x00, 
    0x00, 0x00, 0x00, 
    0x20, 0x40, 0x40, 
    0x7F, 0xFF, 0xE0, 
    0x7F, 0xFF, 0xC0, 
    0x70, 0xE0, 0xC0, 
    0x60, 0x60, 0xC0, 
    0x60, 0x60, 0xC0, 
    0x60, 0x60, 0xC0, 
    0x60, 0x60, 0xC0, 
    0x60, 0x60, 0xC0, 
    0x70, 0xE0, 0xE0, 
    0x20, 0x40, 0x40, 
    0x00, 0x00, 0x00, 
    0x00, 0x00, 0x00, 
    // 'n' (ASCII 110)
    0x00, 0x00, 0x00, 
    0x00, 0x00, 0x00, 
    0x00, 0x00, 0x00, 
    0x00, 0x00, 0x00, 
    0x00, 0x00, 0x00, 
    0x00, 0x00, 0x00, 
    0x00, 0x00, 0x00, 
    0x20, 0x40, 0x00, 
    0x7F, 0xE0, 0x00, 
    0x7F, 0xE0, 0x00, 
    0x70, 0xE0, 0x00, 
    0x60, 0x60, 0x00, 
    0x60, 0x60, 0x00, 
    0x60, 0x60, 0x00, 
    0x60, 0x60, 0x00, 
    0x60, 0x60, 0x00, 
    0x70, 0xE0, 0x00, 
    0x20, 0x40, 0x00, 
    0x00, 0x00, 0x00, 
    0x00, 0x00, 0x00, 
    // 'o' (ASCII 111)
    0x00, 0x00, 0x00, 
    0x00, 0x00, 0x00, 
    0x00, 0x00, 0x00, 
    0x00, 0x00, 0x00, 
    0x00, 0x00, 0x00, 
    0x00, 0x00, 0x00, 
    0x00, 0x00, 0x00, 
    0x20, 0x40, 0x00, 
    0x7F, 0xE0, 0x00, 
    0x7F, 0xE0, 0x00, 
    0x70, 0xE0, 0x00, 
    0x60, 0x60, 0x00, 
    0x60, 0x60, 0x00, 
    0x60, 0x60, 0x00, 
    0x70, 0xE0, 0x00, 
    0x7F, 0xE0, 0x00, 
    0x7F, 0xE0, 0x00, 
    0x20, 0x40, 0x00, 
    0x00, 0x00, 0x00, 
    0x00, 0x00, 0x00, 
    // 'p' (ASCII 112)
    0x00, 0x00, 0x00, 
    0x00, 0x00, 0x00, 
    0x00, 0x00, 0x00, 
    0x00, 0x00, 0x00, 
    0x00, 0x00, 0x00, 
    0x00, 0x00, 0x00, 
    0x00, 0x00, 0x00, 
    0x20, 0x40, 0x00, 
    0x7F, 0xE0, 0x00, 
    0x7F, 0xE0, 0x00, 
    0x70, 0xE0, 0x00, 
    0x60, 0x60, 0x00, 
    0x60, 0x60, 0x00, 
    0x60, 0x60, 0x00, 
    0x70, 0xE0, 0x00, 
    0x7F, 0xE0, 0x00, 
    0x7F, 0xE0, 0x00, 
    0x74, 0x40, 0x00, 
    0x60, 0x00, 0x00, 
    0x70, 0x00, 0x00, 
    // 'q' (ASCII 113)
    0x00, 0x00, 0x00, 
    0x00, 0x00, 0x00, 
    0x00, 0x00, 0x00, 
    0x00, 0x00, 0x00, 
    0x00, 0x00, 0x00, 
    0x00, 0x00, 0x00, 
    0x00, 0x00, 0x00, 
    0x20, 0x40, 0x00, 
    0x7F, 0xE0, 0x00, 
    0x7F, 0xE0, 0x00, 
    0x70, 0xE0, 0x00, 
    0x60, 0x60, 0x00, 
    0x60, 0x60, 0x00, 
    0x60, 0x60, 0x00, 
    0x70, 0xE0, 0x00, 
    0x7F, 0xE0, 0x00, 
    0x7F, 0xE0, 0x00, 
    0x22, 0xE0, 0x00, 
    0x00, 0x60, 0x00, 
    0x00, 0xE0, 0x00, 
    // 'r' (ASCII 114)
    0x00, 0x00, 0x00, 
    0x00, 0x00, 0x00, 
    0x00, 0x00, 0x00, 
    0x00, 0x00, 0x00, 
    0x00, 0x00, 0x00, 
    0x00, 0x00, 0x00, 
    0x00, 0x00, 0x00, 
    0x20, 0x00, 0x00, 
    0x7F, 0x80, 0x00, 
    0x7F, 0x00, 0x00, 
    0x70, 0x00, 0x00, 
    0x60, 0x00, 0x00, 
    0x60, 0x00, 0x00, 
    0x60, 0x00, 0x00, 
    0x60, 0x00, 0x00, 
    0x60, 0x00, 0x00, 
    0x70, 0x00, 0x00, 
    0x20, 0x00, 0x00, 
    0x00, 0x00, 0x00, 
    0x00, 0x00, 0x00, 
    // 's' (ASCII 115)
    0x00, 0x00, 0x00, 
    0x00, 0x00, 0x00, 
    0x00, 0x00, 0x00, 
    0x00, 0x00, 0x00, 
    0x00, 0x00, 0x00, 
    0x00, 0x00, 0x00, 
    0x00, 0x00, 0x00, 
    0x08, 0x00, 0x00, 
    0x1F, 0xE0, 0x00, 
    0x1F, 0xE0, 0x00, 
    0x7C, 0x00, 0x00, 
    0x7C, 0x00, 0x00, 
    0x3F, 0xC0, 0x00, 
    0x03, 0xE0, 0x00, 
    0x03, 0xE0, 0x00, 
    0x7F, 0x80, 0x00, 
    0x7F, 0x80, 0x00, 
    0x01, 0x00, 0x00, 
    0x00, 0x00, 0x00, 
    0x00, 0x00, 0x00, 
    // 't' (ASCII 116)
    0x00, 0x00, 0x00, 
    0x00, 0x00, 0x00, 
    0x00, 0x00, 0x00, 
    0x00, 0x00, 0x00, 
    0x00, 0x00, 0x00, 
    0x0C, 0x00, 0x00, 
    0x0C, 0x00, 0x00, 
    0x1E, 0x00, 0x00, 
    0x7F, 0x80, 0x00, 
    0x7F, 0x00, 0x00, 
    0x1C, 0x00, 0x00, 
    0x0C, 0x00, 0x00, 
    0x0C, 0x00, 0x00, 
    0x0C, 0x00, 0x00, 
    0x0C, 0x00, 0x00, 
    0x0C, 0x00, 0x00, 
    0x1C, 0x00, 0x00, 
    0x08, 0x00, 0x00, 
    0x00, 0x00, 0x00, 
    0x00, 0x00, 0x00, 
    // 'u' (ASCII 117)
    0x00, 0x00, 0x00, 
    0x00, 0x00, 0x00, 
    0x00, 0x00, 0x00, 
    0x00, 0x00, 0x00, 
    0x00, 0x00, 0x00, 
    0x00, 0x00, 0x00, 
    0x00, 0x00, 0x00, 
    0x20, 0x40, 0x00, 
    0x70, 0xE0, 0x00, 
    0x60, 0x60, 0x00, 
    0x60, 0x60, 0x00, 
    0x60, 0x60, 0x00, 
    0x60, 0x60, 0x00, 
    0x60, 0x60, 0x00, 
    0x70, 0xE0, 0x00, 
    0x7F, 0xE0, 0x00, 
    0x7F, 0xE0, 0x00, 
    0x20, 0x40, 0x00, 
    0x00, 0x00, 0x00, 
    0x00, 0x00, 0x00, 
    // 'v' (ASCII 118)
    0x00, 0x00, 0x00, 
    0x00, 0x00, 0x00, 
    0x00, 0x00, 0x00, 
    0x00, 0x00, 0x00, 
    0x00, 0x00, 0x00, 
    0x00, 0x00, 0x00, 
    0x00, 0x00, 0x00, 
    0x20, 0x40, 0x00, 
    0x70, 0xE0, 0x00, 
    0x60, 0x60, 0x00, 
    0x60, 0x60, 0x00, 
    0x60, 0x60, 0x00, 
    0x60, 0x60, 0x00, 
    0x60, 0x60, 0x00, 
    0x60, 0x60, 0x00, 
    0x0F, 0x00, 0x00, 
    0x1F, 0x80, 0x00, 
    0x00, 0x00, 0x00, 
    0x00, 0x00, 0x00, 
    0x00, 0x00, 0x00, 
    // 'w' (ASCII 119)
    0x00, 0x00, 0x00, 
    0x00, 0x00, 0x00, 
    0x00, 0x00, 0x00, 
    0x00, 0x00, 0x00, 
    0x00, 0x00, 0x00, 
    0x00, 0x00, 0x00, 
    0x00, 0x00, 0x00, 
    0x20, 0x40, 0x40, 
    0x70, 0xE0, 0xE0, 
    0x60, 0x60, 0xC0, 
    0x60, 0x60, 0xC0, 
    0x60, 0x60, 0xC0, 
    0x60, 0x60, 0xC0, 
    0x60, 0x60, 0xC0, 
    0x70, 0xE0, 0xC0, 
    0x7F, 0xFF, 0xC0, 
    0x7F, 0xFF, 0xE0, 
    0x20, 0x60, 0x40, 
    0x00, 0x00, 0x00, 
    0x00, 0x00, 0x00, 
    // 'x' (ASCII 120)
    0x00, 0x00, 0x00, 
    0x00, 0x00, 0x00, 
    0x00, 0x00, 0x00, 
    0x00, 0x00, 0x00, 
    0x00, 0x00, 0x00, 
    0x00, 0x00, 0x00, 
    0x00, 0x00, 0x00, 
    0x00, 0x00, 0x00, 
    0x70, 0xE0, 0x00, 
    0x60, 0x60, 0x00, 
    0x1F, 0x80, 0x00, 
    0x1F, 0x80, 0x00, 
    0x1F, 0x80, 0x00, 
    0x1F, 0x80, 0x00, 
    0x1F, 0x80, 0x00, 
    0x60, 0x60, 0x00, 
    0x70, 0xE0, 0x00, 
    0x00, 0x00, 0x00, 
    0x00, 0x00, 0x00, 
    0x00, 0x00, 0x00, 
    // 'y' (ASCII 121)
    0x00, 0x00, 0x00, 
    0x00, 0x00, 0x00, 
    0x00, 0x00, 0x00, 
    0x00, 0x00, 0x00, 
    0x00, 0x00, 0x00, 
    0x00, 0x00, 0x00, 
    0x00, 0x00, 0x00, 
    0x20, 0x40, 0x00, 
    0x70, 0xE0, 0x00, 
    0x60, 0x60, 0x00, 
    0x60, 0x60, 0x00, 
    0x60, 0x60, 0x00, 
    0x60, 0x60, 0x00, 
    0x60, 0x60, 0x00, 
    0x70, 0xE0, 0x00, 
    0x7F, 0xE0, 0x00, 
    0x7F, 0xE0, 0x00, 
    0x22, 0xE0, 0x00, 
    0x00, 0x60, 0x00, 
    0x00, 0xE0, 0x00, 
    // 'z' (ASCII 122)
    0x00, 0x00, 0x00, 
    0x00, 0x00, 0x00, 
    0x00, 0x00, 0x00, 
    0x00, 0x00, 0x00, 
    0x00, 0x00, 0x00, 
    0x00, 0x00, 0x00, 
    0x00, 0x00, 0x00, 
    0x01, 0x00, 0x00, 
    0x7F, 0xE0, 0x00, 
    0x7F, 0xE0, 0x00, 
    0x03, 0x80, 0x00, 
    0x03, 0x80, 0x00, 
    0x09, 0x00, 0x00, 
    0x1C, 0x00, 0x00, 
    0x1C, 0x00, 0x00, 
    0x7F, 0xE0, 0x00, 
    0x7F, 0xE0, 0x00, 
    0x0C, 0x00, 0x00, 
    0x00, 0x00, 0x00, 
    0x00, 0x00, 0x00, 
    // '{' (ASCII 123)
    0x00, 0x00, 0x00, 
    0x00, 0x00, 0x00, 
    0x00, 0x00, 0x00, 
    0x03, 0x80, 0x00, 
    0x03, 0x00, 0x00, 
    0x0C, 0x00, 0x00, 
    0x1C, 0x00, 0x00, 
    0x0C, 0x00, 0x00, 
    0x0C, 0x00, 0x00, 
    0x0C, 0x00, 0x00, 
    0x60, 0x00, 0x00, 
    0x60, 0x00, 0x00, 
    0x08, 0x00, 0x00, 
    0x0C, 0x00, 0x00, 
    0x0C, 0x00, 0x00, 
    0x0C, 0x00, 0x00, 
    0x1C, 0x00, 0x00, 
    0x08, 0x00, 0x00, 
    0x03, 0x80, 0x00, 
    0x03, 0x00, 0x00, 
    // '|' (ASCII 124)
    0x00, 0x00, 0x00, 
    0x00, 0x00, 0x00, 
    0x08, 0x00, 0x00, 
    0x1C, 0x00, 0x00, 
    0x0C, 0x00, 0x00, 
    0x0C, 0x00, 0x00, 
    0x0C, 0x00, 0x00, 
    0x0C, 0x00, 0x00, 
    0x0C, 0x00, 0x00, 
    0x0C, 0x00, 0x00, 
    0x0C, 0x00, 0x00, 
    0x0C, 0x00, 0x00, 
    0x0C, 0x00, 0x00, 
    0x0C, 0x00, 0x00, 
    0x0C, 0x00, 0x00, 
    0x0C, 0x00, 0x00, 
    0x0C, 0x00, 0x00, 
    0x0C, 0x00, 0x00, 
    0x0C, 0x00, 0x00, 
    0x0C, 0x00, 0x00, 
    // '}' (ASCII 125)
    0x00, 0x00, 0x00, 
    0x00, 0x00, 0x00, 
    0x00, 0x00, 0x00, 
    0x70, 0x00, 0x00, 
    0x60, 0x00, 0x00, 
    0x0C, 0x00, 0x00, 
    0x0C, 0x00, 0x00, 
    0x0C, 0x00, 0x00, 
    0x1C, 0x00, 0x00, 
    0x0C, 0x00, 0x00, 
    0x03, 0x00, 0x00, 
    0x03, 0x80, 0x00, 
    0x08, 0x00, 0x00, 
    0x1C, 0x00, 0x00, 
    0x0C, 0x00, 0x00, 
    0x0C, 0x00, 0x00, 
    0x0C, 0x00, 0x00, 
    0x08, 0x00, 0x00, 
    0x60, 0x00, 0x00, 
    0x60, 0x00, 0x00, 
    // '~' (ASCII 126)
    0x00, 0x00, 0x00, 
    0x00, 0x00, 0x00, 
    0x00, 0x00, 0x00, 
    0x00, 0x00, 0x00, 
    0x00, 0x00, 0x00, 
    0x00, 0x00, 0x00, 
    0x00, 0x00, 0x00, 
    0x00, 0x00, 0x00, 
    0x1C, 0xE0, 0x00, 
    0x0C, 0x60, 0x00, 
    0x63, 0x00, 0x00, 
    0x73, 0x80, 0x00, 
    0x00, 0x00, 0x00, 
    0x00, 0x00, 0x00, 
    0x00, 0x00, 0x00, 
    0x00, 0x00, 0x00, 
    0x00, 0x00, 0x00, 
    0x00, 0x00, 0x00, 
    0x00, 0x00, 0x00, 
    0x00, 0x00, 0x00, 
};

sFONT Font_Hooge_20 = {
  Font_Hooge_20_Table,
  22, // Width
  20  // Height
};

// @26x24 pixel layout for Hooge
const uint8_t Font_Hooge_24_Table[] = {
    // ' ' (ASCII 32)
    0x00, 0x00, 0x00, 0x00, 
    0x00, 0x00, 0x00, 0x00, 
    0x00, 0x00, 0x00, 0x00, 
    0x00, 0x00, 0x00, 0x00, 
    0x00, 0x00, 0x00, 0x00, 
    0x00, 0x00, 0x00, 0x00, 
    0x00, 0x00, 0x00, 0x00, 
    0x00, 0x00, 0x00, 0x00, 
    0x00, 0x00, 0x00, 0x00, 
    0x00, 0x00, 0x00, 0x00, 
    0x00, 0x00, 0x00, 0x00, 
    0x00, 0x00, 0x00, 0x00, 
    0x00, 0x00, 0x00, 0x00, 
    0x00, 0x00, 0x00, 0x00, 
    0x00, 0x00, 0x00, 0x00, 
    0x00, 0x00, 0x00, 0x00, 
    0x00, 0x00, 0x00, 0x00, 
    0x00, 0x00, 0x00, 0x00, 
    0x00, 0x00, 0x00, 0x00, 
    0x00, 0x00, 0x00, 0x00, 
    0x00, 0x00, 0x00, 0x00, 
    0x00, 0x00, 0x00, 0x00, 
    0x00, 0x00, 0x00, 0x00, 
    0x00, 0x00, 0x00, 0x00, 
    // '!' (ASCII 33)
    0x00, 0x00, 0x00, 0x00, 
    0x00, 0x00, 0x00, 0x00, 
    0x00, 0x00, 0x00, 0x00, 
    0x00, 0x00, 0x00, 0x00, 
    0x00, 0x00, 0x00, 0x00, 
    0x00, 0x00, 0x00, 0x00, 
    0x0E, 0x00, 0x00, 0x00, 
    0x0E, 0x00, 0x00, 0x00, 
    0x0E, 0x00, 0x00, 0x00, 
    0x0E, 0x00, 0x00, 0x00, 
    0x0E, 0x00, 0x00, 0x00, 
    0x0E, 0x00, 0x00, 0x00, 
    0x0E, 0x00, 0x00, 0x00, 
    0x0E, 0x00, 0x00, 0x00, 
    0x0E, 0x00, 0x00, 0x00, 
    0x00, 0x00, 0x00, 0x00, 
    0x00, 0x00, 0x00, 0x00, 
    0x00, 0x00, 0x00, 0x00, 
    0x0E, 0x00, 0x00, 0x00, 
    0x0E, 0x00, 0x00, 0x00, 
    0x0E, 0x00, 0x00, 0x00, 
    0x00, 0x00, 0x00, 0x00, 
    0x00, 0x00, 0x00, 0x00, 
    0x00, 0x00, 0x00, 0x00, 
    // '"' (ASCII 34)
    0x00, 0x00, 0x00, 0x00, 
    0x00, 0x00, 0x00, 0x00, 
    0x00, 0x00, 0x00, 0x00, 
    0x00, 0x00, 0x00, 0x00, 
    0x00, 0x00, 0x00, 0x00, 
    0x00, 0x00, 0x00, 0x00, 
    0x71, 0xC0, 0x00, 0x00, 
    0x71, 0xC0, 0x00, 0x00, 
    0x71, 0xC0, 0x00, 0x00, 
    0x71, 0xC0, 0x00, 0x00, 
    0x71, 0xC0, 0x00, 0x00, 
    0x71, 0xC0, 0x00, 0x00, 
    0x00, 0x00, 0x00, 0x00, 
    0x00, 0x00, 0x00, 0x00, 
    0x00, 0x00, 0x00, 0x00, 
    0x00, 0x00, 0x00, 0x00, 
    0x00, 0x00, 0x00, 0x00, 
    0x00, 0x00, 0x00, 0x00, 
    0x00, 0x00, 0x00, 0x00, 
    0x00, 0x00, 0x00, 0x00, 
    0x00, 0x00, 0x00, 0x00, 
    0x00, 0x00, 0x00, 0x00, 
    0x00, 0x00, 0x00, 0x00, 
    0x00, 0x00, 0x00, 0x00, 
    // '#' (ASCII 35)
    0x00, 0x00, 0x00, 0x00, 
    0x00, 0x00, 0x00, 0x00, 
    0x00, 0x00, 0x00, 0x00, 
    0x00, 0x00, 0x00, 0x00, 
    0x00, 0x00, 0x00, 0x00, 
    0x00, 0x00, 0x00, 0x00, 
    0x0E, 0x38, 0x00, 0x00, 
    0x0E, 0x38, 0x00, 0x00, 
    0x0E, 0x38, 0x00, 0x00, 
    0x7F, 0xFF, 0x00, 0x00, 
    0x7F, 0xFF, 0x00, 0x00, 
    0x7F, 0xFF, 0x00, 0x00, 
    0x0E, 0x38, 0x00, 0x00, 
    0x0E, 0x38, 0x00, 0x00, 
    0x0E, 0x38, 0x00, 0x00, 
    0x7F, 0xFF, 0x00, 0x00, 
    0x7F, 0xFF, 0x00, 0x00, 
    0x7F, 0xFF, 0x00, 0x00, 
    0x0E, 0x38, 0x00, 0x00, 
    0x0E, 0x38, 0x00, 0x00, 
    0x0E, 0x38, 0x00, 0x00, 
    0x00, 0x00, 0x00, 0x00, 
    0x00, 0x00, 0x00, 0x00, 
    0x00, 0x00, 0x00, 0x00, 
    // '$' (ASCII 36)
    0x00, 0x00, 0x00, 0x00, 
    0x00, 0x00, 0x00, 0x00, 
    0x00, 0x00, 0x00, 0x00, 
    0x01, 0xC0, 0x00, 0x00, 
    0x01, 0xC0, 0x00, 0x00, 
    0x01, 0xC0, 0x00, 0x00, 
    0x7F, 0xFF, 0x00, 0x00, 
    0x7F, 0xFF, 0x00, 0x00, 
    0x7F, 0xFF, 0x00, 0x00, 
    0x70, 0x00, 0x00, 0x00, 
    0x70, 0x00, 0x00, 0x00, 
    0x70, 0x00, 0x00, 0x00, 
    0x7F, 0xFF, 0x00, 0x00, 
    0x7F, 0xFF, 0x00, 0x00, 
    0x7F, 0xFF, 0x00, 0x00, 
    0x00, 0x07, 0x00, 0x00, 
    0x00, 0x07, 0x00, 0x00, 
    0x00, 0x07, 0x00, 0x00, 
    0x7F, 0xFF, 0x00, 0x00, 
    0x7F, 0xFF, 0x00, 0x00, 
    0x7F, 0xFF, 0x00, 0x00, 
    0x01, 0xC0, 0x00, 0x00, 
    0x01, 0xC0, 0x00, 0x00, 
    0x01, 0xC0, 0x00, 0x00, 
    // '%' (ASCII 37)
    0x00, 0x00, 0x00, 0x00, 
    0x00, 0x00, 0x00, 0x00, 
    0x00, 0x00, 0x00, 0x00, 
    0x00, 0x00, 0x00, 0x00, 
    0x00, 0x00, 0x00, 0x00, 
    0x00, 0x00, 0x00, 0x00, 
    0x70, 0x07, 0x00, 0x00, 
    0x70, 0x07, 0x00, 0x00, 
    0x70, 0x07, 0x00, 0x00, 
    0x00, 0x38, 0x00, 0x00, 
    0x00, 0x38, 0x00, 0x00, 
    0x00, 0x38, 0x00, 0x00, 
    0x01, 0xC0, 0x00, 0x00, 
    0x01, 0xC0, 0x00, 0x00, 
    0x01, 0xC0, 0x00, 0x00, 
    0x0E, 0x00, 0x00, 0x00, 
    0x0E, 0x00, 0x00, 0x00, 
    0x0E, 0x00, 0x00, 0x00, 
    0x70, 0x07, 0x00, 0x00, 
    0x70, 0x07, 0x00, 0x00, 
    0x70, 0x07, 0x00, 0x00, 
    0x00, 0x00, 0x00, 0x00, 
    0x00, 0x00, 0x00, 0x00, 
    0x00, 0x00, 0x00, 0x00, 
    // '&' (ASCII 38)
    0x00, 0x00, 0x00, 0x00, 
    0x00, 0x00, 0x00, 0x00, 
    0x00, 0x00, 0x00, 0x00, 
    0x00, 0x00, 0x00, 0x00, 
    0x00, 0x00, 0x00, 0x00, 
    0x00, 0x00, 0x00, 0x00, 
    0x0F, 0xFF, 0x00, 0x00, 
    0x0F, 0xFF, 0x00, 0x00, 
    0x0F, 0xFF, 0x00, 0x00, 
    0x0E, 0x07, 0x00, 0x00, 
    0x0E, 0x07, 0x00, 0x00, 
    0x0E, 0x07, 0x00, 0x00, 
    0x7F, 0xFF, 0x00, 0x00, 
    0x7F, 0xFF, 0x00, 0x00, 
    0x7F, 0xFF, 0x00, 0x00, 
    0x70, 0x00, 0xE0, 0x00, 
    0x70, 0x00, 0xE0, 0x00, 
    0x70, 0x00, 0xE0, 0x00, 
    0x7F, 0xFF, 0x00, 0x00, 
    0x7F, 0xFF, 0x00, 0x00, 
    0x7F, 0xFF, 0x00, 0x00, 
    0x00, 0x00, 0x00, 0x00, 
    0x00, 0x00, 0x00, 0x00, 
    0x00, 0x00, 0x00, 0x00, 
    // ''' (ASCII 39)
    0x00, 0x00, 0x00, 0x00, 
    0x00, 0x00, 0x00, 0x00, 
    0x00, 0x00, 0x00, 0x00, 
    0x00, 0x00, 0x00, 0x00, 
    0x00, 0x00, 0x00, 0x00, 
    0x00, 0x00, 0x00, 0x00, 
    0x70, 0x00, 0x00, 0x00, 
    0x70, 0x00, 0x00, 0x00, 
    0x70, 0x00, 0x00, 0x00, 
    0x70, 0x00, 0x00, 0x00, 
    0x70, 0x00, 0x00, 0x00, 
    0x70, 0x00, 0x00, 0x00, 
    0x00, 0x00, 0x00, 0x00, 
    0x00, 0x00, 0x00, 0x00, 
    0x00, 0x00, 0x00, 0x00, 
    0x00, 0x00, 0x00, 0x00, 
    0x00, 0x00, 0x00, 0x00, 
    0x00, 0x00, 0x00, 0x00, 
    0x00, 0x00, 0x00, 0x00, 
    0x00, 0x00, 0x00, 0x00, 
    0x00, 0x00, 0x00, 0x00, 
    0x00, 0x00, 0x00, 0x00, 
    0x00, 0x00, 0x00, 0x00, 
    0x00, 0x00, 0x00, 0x00, 
    // '(' (ASCII 40)
    0x00, 0x00, 0x00, 0x00, 
    0x00, 0x00, 0x00, 0x00, 
    0x00, 0x00, 0x00, 0x00, 
    0x0E, 0x00, 0x00, 0x00, 
    0x0E, 0x00, 0x00, 0x00, 
    0x0E, 0x00, 0x00, 0x00, 
    0x70, 0x00, 0x00, 0x00, 
    0x70, 0x00, 0x00, 0x00, 
    0x70, 0x00, 0x00, 0x00, 
    0x70, 0x00, 0x00, 0x00, 
    0x70, 0x00, 0x00, 0x00, 
    0x70, 0x00, 0x00, 0x00, 
    0x70, 0x00, 0x00, 0x00, 
    0x70, 0x00, 0x00, 0x00, 
    0x70, 0x00, 0x00, 0x00, 
    0x70, 0x00, 0x00, 0x00, 
    0x70, 0x00, 0x00, 0x00, 
    0x70, 0x00, 0x00, 0x00, 
    0x70, 0x00, 0x00, 0x00, 
    0x70, 0x00, 0x00, 0x00, 
    0x70, 0x00, 0x00, 0x00, 
    0x0E, 0x00, 0x00, 0x00, 
    0x0E, 0x00, 0x00, 0x00, 
    0x0E, 0x00, 0x00, 0x00, 
    // ')' (ASCII 41)
    0x00, 0x00, 0x00, 0x00, 
    0x00, 0x00, 0x00, 0x00, 
    0x00, 0x00, 0x00, 0x00, 
    0x70, 0x00, 0x00, 0x00, 
    0x70, 0x00, 0x00, 0x00, 
    0x70, 0x00, 0x00, 0x00, 
    0x0E, 0x00, 0x00, 0x00, 
    0x0E, 0x00, 0x00, 0x00, 
    0x0E, 0x00, 0x00, 0x00, 
    0x0E, 0x00, 0x00, 0x00, 
    0x0E, 0x00, 0x00, 0x00, 
    0x0E, 0x00, 0x00, 0x00, 
    0x0E, 0x00, 0x00, 0x00, 
    0x0E, 0x00, 0x00, 0x00, 
    0x0E, 0x00, 0x00, 0x00, 
    0x0E, 0x00, 0x00, 0x00, 
    0x0E, 0x00, 0x00, 0x00, 
    0x0E, 0x00, 0x00, 0x00, 
    0x0E, 0x00, 0x00, 0x00, 
    0x0E, 0x00, 0x00, 0x00, 
    0x0E, 0x00, 0x00, 0x00, 
    0x70, 0x00, 0x00, 0x00, 
    0x70, 0x00, 0x00, 0x00, 
    0x70, 0x00, 0x00, 0x00, 
    // '*' (ASCII 42)
    0x00, 0x00, 0x00, 0x00, 
    0x00, 0x00, 0x00, 0x00, 
    0x00, 0x00, 0x00, 0x00, 
    0x00, 0x00, 0x00, 0x00, 
    0x00, 0x00, 0x00, 0x00, 
    0x00, 0x00, 0x00, 0x00, 
    0x0E, 0x38, 0x00, 0x00, 
    0x0E, 0x38, 0x00, 0x00, 
    0x0E, 0x38, 0x00, 0x00, 
    0x01, 0xC0, 0x00, 0x00, 
    0x01, 0xC0, 0x00, 0x00, 
    0x01, 0xC0, 0x00, 0x00, 
    0x7F, 0xFF, 0x00, 0x00, 
    0x7F, 0xFF, 0x00, 0x00, 
    0x7F, 0xFF, 0x00, 0x00, 
    0x01, 0xC0, 0x00, 0x00, 
    0x01, 0xC0, 0x00, 0x00, 
    0x01, 0xC0, 0x00, 0x00, 
    0x0E, 0x38, 0x00, 0x00, 
    0x0E, 0x38, 0x00, 0x00, 
    0x0E, 0x38, 0x00, 0x00, 
    0x00, 0x00, 0x00, 0x00, 
    0x00, 0x00, 0x00, 0x00, 
    0x00, 0x00, 0x00, 0x00, 
    // '+' (ASCII 43)
    0x00, 0x00, 0x00, 0x00, 
    0x00, 0x00, 0x00, 0x00, 
    0x00, 0x00, 0x00, 0x00, 
    0x00, 0x00, 0x00, 0x00, 
    0x00, 0x00, 0x00, 0x00, 
    0x00, 0x00, 0x00, 0x00, 
    0x01, 0xC0, 0x00, 0x00, 
    0x01, 0xC0, 0x00, 0x00, 
    0x01, 0xC0, 0x00, 0x00, 
    0x01, 0xC0, 0x00, 0x00, 
    0x01, 0xC0, 0x00, 0x00, 
    0x01, 0xC0, 0x00, 0x00, 
    0x7F, 0xFF, 0x00, 0x00, 
    0x7F, 0xFF, 0x00, 0x00, 
    0x7F, 0xFF, 0x00, 0x00, 
    0x01, 0xC0, 0x00, 0x00, 
    0x01, 0xC0, 0x00, 0x00, 
    0x01, 0xC0, 0x00, 0x00, 
    0x01, 0xC0, 0x00, 0x00, 
    0x01, 0xC0, 0x00, 0x00, 
    0x01, 0xC0, 0x00, 0x00, 
    0x00, 0x00, 0x00, 0x00, 
    0x00, 0x00, 0x00, 0x00, 
    0x00, 0x00, 0x00, 0x00, 
    // ',' (ASCII 44)
    0x00, 0x00, 0x00, 0x00, 
    0x00, 0x00, 0x00, 0x00, 
    0x00, 0x00, 0x00, 0x00, 
    0x00, 0x00, 0x00, 0x00, 
    0x00, 0x00, 0x00, 0x00, 
    0x00, 0x00, 0x00, 0x00, 
    0x00, 0x00, 0x00, 0x00, 
    0x00, 0x00, 0x00, 0x00, 
    0x00, 0x00, 0x00, 0x00, 
    0x00, 0x00, 0x00, 0x00, 
    0x00, 0x00, 0x00, 0x00, 
    0x00, 0x00, 0x00, 0x00, 
    0x00, 0x00, 0x00, 0x00, 
    0x00, 0x00, 0x00, 0x00, 
    0x00, 0x00, 0x00, 0x00, 
    0x00, 0x00, 0x00, 0x00, 
    0x00, 0x00, 0x00, 0x00, 
    0x00, 0x00, 0x00, 0x00, 
    0x0E, 0x00, 0x00, 0x00, 
    0x0E, 0x00, 0x00, 0x00, 
    0x0E, 0x00, 0x00, 0x00, 
    0x0E, 0x00, 0x00, 0x00, 
    0x0E, 0x00, 0x00, 0x00, 
    0x0E, 0x00, 0x00, 0x00, 
    // '-' (ASCII 45)
    0x00, 0x00, 0x00, 0x00, 
    0x00, 0x00, 0x00, 0x00, 
    0x00, 0x00, 0x00, 0x00, 
    0x00, 0x00, 0x00, 0x00, 
    0x00, 0x00, 0x00, 0x00, 
    0x00, 0x00, 0x00, 0x00, 
    0x00, 0x00, 0x00, 0x00, 
    0x00, 0x00, 0x00, 0x00, 
    0x00, 0x00, 0x00, 0x00, 
    0x00, 0x00, 0x00, 0x00, 
    0x00, 0x00, 0x00, 0x00, 
    0x00, 0x00, 0x00, 0x00, 
    0x7F, 0xC0, 0x00, 0x00, 
    0x7F, 0xC0, 0x00, 0x00, 
    0x7F, 0xC0, 0x00, 0x00, 
    0x00, 0x00, 0x00, 0x00, 
    0x00, 0x00, 0x00, 0x00, 
    0x00, 0x00, 0x00, 0x00, 
    0x00, 0x00, 0x00, 0x00, 
    0x00, 0x00, 0x00, 0x00, 
    0x00, 0x00, 0x00, 0x00, 
    0x00, 0x00, 0x00, 0x00, 
    0x00, 0x00, 0x00, 0x00, 
    0x00, 0x00, 0x00, 0x00, 
    // '.' (ASCII 46)
    0x00, 0x00, 0x00, 0x00, 
    0x00, 0x00, 0x00, 0x00, 
    0x00, 0x00, 0x00, 0x00, 
    0x00, 0x00, 0x00, 0x00, 
    0x00, 0x00, 0x00, 0x00, 
    0x00, 0x00, 0x00, 0x00, 
    0x00, 0x00, 0x00, 0x00, 
    0x00, 0x00, 0x00, 0x00, 
    0x00, 0x00, 0x00, 0x00, 
    0x00, 0x00, 0x00, 0x00, 
    0x00, 0x00, 0x00, 0x00, 
    0x00, 0x00, 0x00, 0x00, 
    0x00, 0x00, 0x00, 0x00, 
    0x00, 0x00, 0x00, 0x00, 
    0x00, 0x00, 0x00, 0x00, 
    0x00, 0x00, 0x00, 0x00, 
    0x00, 0x00, 0x00, 0x00, 
    0x00, 0x00, 0x00, 0x00, 
    0x70, 0x00, 0x00, 0x00, 
    0x70, 0x00, 0x00, 0x00, 
    0x70, 0x00, 0x00, 0x00, 
    0x00, 0x00, 0x00, 0x00, 
    0x00, 0x00, 0x00, 0x00, 
    0x00, 0x00, 0x00, 0x00, 
    // '/' (ASCII 47)
    0x00, 0x00, 0x00, 0x00, 
    0x00, 0x00, 0x00, 0x00, 
    0x00, 0x00, 0x00, 0x00, 
    0x00, 0x00, 0x00, 0x00, 
    0x00, 0x00, 0x00, 0x00, 
    0x00, 0x00, 0x00, 0x00, 
    0x00, 0x07, 0x00, 0x00, 
    0x00, 0x07, 0x00, 0x00, 
    0x00, 0x07, 0x00, 0x00, 
    0x00, 0x38, 0x00, 0x00, 
    0x00, 0x38, 0x00, 0x00, 
    0x00, 0x38, 0x00, 0x00, 
    0x01, 0xC0, 0x00, 0x00, 
    0x01, 0xC0, 0x00, 0x00, 
    0x01, 0xC0, 0x00, 0x00, 
    0x0E, 0x00, 0x00, 0x00, 
    0x0E, 0x00, 0x00, 0x00, 
    0x0E, 0x00, 0x00, 0x00, 
    0x70, 0x00, 0x00, 0x00, 
    0x70, 0x00, 0x00, 0x00, 
    0x70, 0x00, 0x00, 0x00, 
    0x00, 0x00, 0x00, 0x00, 
    0x00, 0x00, 0x00, 0x00, 
    0x00, 0x00, 0x00, 0x00, 
    // '0' (ASCII 48)
    0x00, 0x00, 0x00, 0x00, 
    0x00, 0x00, 0x00, 0x00, 
    0x00, 0x00, 0x00, 0x00, 
    0x00, 0x00, 0x00, 0x00, 
    0x00, 0x00, 0x00, 0x00, 
    0x00, 0x00, 0x00, 0x00, 
    0x7F, 0xFF, 0x00, 0x00, 
    0x7F, 0xFF, 0x00, 0x00, 
    0x7F, 0xFF, 0x00, 0x00, 
    0x70, 0x07, 0x00, 0x00, 
    0x70, 0x07, 0x00, 0x00, 
    0x70, 0x07, 0x00, 0x00, 
    0x70, 0x07, 0x00, 0x00, 
    0x70, 0x07, 0x00, 0x00, 
    0x70, 0x07, 0x00, 0x00, 
    0x70, 0x07, 0x00, 0x00, 
    0x70, 0x07, 0x00, 0x00, 
    0x70, 0x07, 0x00, 0x00, 
    0x7F, 0xFF, 0x00, 0x00, 
    0x7F, 0xFF, 0x00, 0x00, 
    0x7F, 0xFF, 0x00, 0x00, 
    0x00, 0x00, 0x00, 0x00, 
    0x00, 0x00, 0x00, 0x00, 
    0x00, 0x00, 0x00, 0x00, 
    // '1' (ASCII 49)
    0x00, 0x00, 0x00, 0x00, 
    0x00, 0x00, 0x00, 0x00, 
    0x00, 0x00, 0x00, 0x00, 
    0x00, 0x00, 0x00, 0x00, 
    0x00, 0x00, 0x00, 0x00, 
    0x00, 0x00, 0x00, 0x00, 
    0x7E, 0x00, 0x00, 0x00, 
    0x7E, 0x00, 0x00, 0x00, 
    0x7E, 0x00, 0x00, 0x00, 
    0x0E, 0x00, 0x00, 0x00, 
    0x0E, 0x00, 0x00, 0x00, 
    0x0E, 0x00, 0x00, 0x00, 
    0x0E, 0x00, 0x00, 0x00, 
    0x0E, 0x00, 0x00, 0x00, 
    0x0E, 0x00, 0x00, 0x00, 
    0x0E, 0x00, 0x00, 0x00, 
    0x0E, 0x00, 0x00, 0x00, 
    0x0E, 0x00, 0x00, 0x00, 
    0x0E, 0x00, 0x00, 0x00, 
    0x0E, 0x00, 0x00, 0x00, 
    0x0E, 0x00, 0x00, 0x00, 
    0x00, 0x00, 0x00, 0x00, 
    0x00, 0x00, 0x00, 0x00, 
    0x00, 0x00, 0x00, 0x00, 
    // '2' (ASCII 50)
    0x00, 0x00, 0x00, 0x00, 
    0x00, 0x00, 0x00, 0x00, 
    0x00, 0x00, 0x00, 0x00, 
    0x00, 0x00, 0x00, 0x00, 
    0x00, 0x00, 0x00, 0x00, 
    0x00, 0x00, 0x00, 0x00, 
    0x7F, 0xFF, 0x00, 0x00, 
    0x7F, 0xFF, 0x00, 0x00, 
    0x7F, 0xFF, 0x00, 0x00, 
    0x00, 0x07, 0x00, 0x00, 
    0x00, 0x07, 0x00, 0x00, 
    0x00, 0x07, 0x00, 0x00, 
    0x7F, 0xFF, 0x00, 0x00, 
    0x7F, 0xFF, 0x00, 0x00, 
    0x7F, 0xFF, 0x00, 0x00, 
    0x70, 0x00, 0x00, 0x00, 
    0x70, 0x00, 0x00, 0x00, 
    0x70, 0x00, 0x00, 0x00, 
    0x7F, 0xFF, 0x00, 0x00, 
    0x7F, 0xFF, 0x00, 0x00, 
    0x7F, 0xFF, 0x00, 0x00, 
    0x00, 0x00, 0x00, 0x00, 
    0x00, 0x00, 0x00, 0x00, 
    0x00, 0x00, 0x00, 0x00, 
    // '3' (ASCII 51)
    0x00, 0x00, 0x00, 0x00, 
    0x00, 0x00, 0x00, 0x00, 
    0x00, 0x00, 0x00, 0x00, 
    0x00, 0x00, 0x00, 0x00, 
    0x00, 0x00, 0x00, 0x00, 
    0x00, 0x00, 0x00, 0x00, 
    0x7F, 0xFF, 0x00, 0x00, 
    0x7F, 0xFF, 0x00, 0x00, 
    0x7F, 0xFF, 0x00, 0x00, 
    0x00, 0x07, 0x00, 0x00, 
    0x00, 0x07, 0x00, 0x00, 
    0x00, 0x07, 0x00, 0x00, 
    0x0F, 0xFF, 0x00, 0x00, 
    0x0F, 0xFF, 0x00, 0x00, 
    0x0F, 0xFF, 0x00, 0x00, 
    0x00, 0x07, 0x00, 0x00, 
    0x00, 0x07, 0x00, 0x00, 
    0x00, 0x07, 0x00, 0x00, 
    0x7F, 0xFF, 0x00, 0x00, 
    0x7F, 0xFF, 0x00, 0x00, 
    0x7F, 0xFF, 0x00, 0x00, 
    0x00, 0x00, 0x00, 0x00, 
    0x00, 0x00, 0x00, 0x00, 
    0x00, 0x00, 0x00, 0x00, 
    // '4' (ASCII 52)
    0x00, 0x00, 0x00, 0x00, 
    0x00, 0x00, 0x00, 0x00, 
    0x00, 0x00, 0x00, 0x00, 
    0x00, 0x00, 0x00, 0x00, 
    0x00, 0x00, 0x00, 0x00, 
    0x00, 0x00, 0x00, 0x00, 
    0x70, 0x07, 0x00, 0x00, 
    0x70, 0x07, 0x00, 0x00, 
    0x70, 0x07, 0x00, 0x00, 
    0x70, 0x07, 0x00, 0x00, 
    0x70, 0x07, 0x00, 0x00, 
    0x70, 0x07, 0x00, 0x00, 
    0x7F, 0xFF, 0x00, 0x00, 
    0x7F, 0xFF, 0x00, 0x00, 
    0x7F, 0xFF, 0x00, 0x00, 
    0x00, 0x07, 0x00, 0x00, 
    0x00, 0x07, 0x00, 0x00, 
    0x00, 0x07, 0x00, 0x00, 
    0x00, 0x07, 0x00, 0x00, 
    0x00, 0x07, 0x00, 0x00, 
    0x00, 0x07, 0x00, 0x00, 
    0x00, 0x00, 0x00, 0x00, 
    0x00, 0x00, 0x00, 0x00, 
    0x00, 0x00, 0x00, 0x00, 
    // '5' (ASCII 53)
    0x00, 0x00, 0x00, 0x00, 
    0x00, 0x00, 0x00, 0x00, 
    0x00, 0x00, 0x00, 0x00, 
    0x00, 0x00, 0x00, 0x00, 
    0x00, 0x00, 0x00, 0x00, 
    0x00, 0x00, 0x00, 0x00, 
    0x7F, 0xFF, 0x00, 0x00, 
    0x7F, 0xFF, 0x00, 0x00, 
    0x7F, 0xFF, 0x00, 0x00, 
    0x70, 0x00, 0x00, 0x00, 
    0x70, 0x00, 0x00, 0x00, 
    0x70, 0x00, 0x00, 0x00, 
    0x7F, 0xFF, 0x00, 0x00, 
    0x7F, 0xFF, 0x00, 0x00, 
    0x7F, 0xFF, 0x00, 0x00, 
    0x00, 0x07, 0x00, 0x00, 
    0x00, 0x07, 0x00, 0x00, 
    0x00, 0x07, 0x00, 0x00, 
    0x7F, 0xFF, 0x00, 0x00, 
    0x7F, 0xFF, 0x00, 0x00, 
    0x7F, 0xFF, 0x00, 0x00, 
    0x00, 0x00, 0x00, 0x00, 
    0x00, 0x00, 0x00, 0x00, 
    0x00, 0x00, 0x00, 0x00, 
    // '6' (ASCII 54)
    0x00, 0x00, 0x00, 0x00, 
    0x00, 0x00, 0x00, 0x00, 
    0x00, 0x00, 0x00, 0x00, 
    0x00, 0x00, 0x00, 0x00, 
    0x00, 0x00, 0x00, 0x00, 
    0x00, 0x00, 0x00, 0x00, 
    0x7F, 0xFF, 0x00, 0x00, 
    0x7F, 0xFF, 0x00, 0x00, 
    0x7F, 0xFF, 0x00, 0x00, 
    0x70, 0x00, 0x00, 0x00, 
    0x70, 0x00, 0x00, 0x00, 
    0x70, 0x00, 0x00, 0x00, 
    0x7F, 0xFF, 0x00, 0x00, 
    0x7F, 0xFF, 0x00, 0x00, 
    0x7F, 0xFF, 0x00, 0x00, 
    0x70, 0x07, 0x00, 0x00, 
    0x70, 0x07, 0x00, 0x00, 
    0x70, 0x07, 0x00, 0x00, 
    0x7F, 0xFF, 0x00, 0x00, 
    0x7F, 0xFF, 0x00, 0x00, 
    0x7F, 0xFF, 0x00, 0x00, 
    0x00, 0x00, 0x00, 0x00, 
    0x00, 0x00, 0x00, 0x00, 
    0x00, 0x00, 0x00, 0x00, 
    // '7' (ASCII 55)
    0x00, 0x00, 0x00, 0x00, 
    0x00, 0x00, 0x00, 0x00, 
    0x00, 0x00, 0x00, 0x00, 
    0x00, 0x00, 0x00, 0x00, 
    0x00, 0x00, 0x00, 0x00, 
    0x00, 0x00, 0x00, 0x00, 
    0x7F, 0xF8, 0x00, 0x00, 
    0x7F, 0xF8, 0x00, 0x00, 
    0x7F, 0xF8, 0x00, 0x00, 
    0x00, 0x38, 0x00, 0x00, 
    0x00, 0x38, 0x00, 0x00, 
    0x00, 0x38, 0x00, 0x00, 
    0x00, 0x38, 0x00, 0x00, 
    0x00, 0x38, 0x00, 0x00, 
    0x00, 0x38, 0x00, 0x00, 
    0x00, 0x38, 0x00, 0x00, 
    0x00, 0x38, 0x00, 0x00, 
    0x00, 0x38, 0x00, 0x00, 
    0x00, 0x38, 0x00, 0x00, 
    0x00, 0x38, 0x00, 0x00, 
    0x00, 0x38, 0x00, 0x00, 
    0x00, 0x00, 0x00, 0x00, 
    0x00, 0x00, 0x00, 0x00, 
    0x00, 0x00, 0x00, 0x00, 
    // '8' (ASCII 56)
    0x00, 0x00, 0x00, 0x00, 
    0x00, 0x00, 0x00, 0x00, 
    0x00, 0x00, 0x00, 0x00, 
    0x00, 0x00, 0x00, 0x00, 
    0x00, 0x00, 0x00, 0x00, 
    0x00, 0x00, 0x00, 0x00, 
    0x7F, 0xFF, 0x00, 0x00, 
    0x7F, 0xFF, 0x00, 0x00, 
    0x7F, 0xFF, 0x00, 0x00, 
    0x70, 0x07, 0x00, 0x00, 
    0x70, 0x07, 0x00, 0x00, 
    0x70, 0x07, 0x00, 0x00, 
    0x7F, 0xFF, 0x00, 0x00, 
    0x7F, 0xFF, 0x00, 0x00, 
    0x7F, 0xFF, 0x00, 0x00, 
    0x70, 0x07, 0x00, 0x00, 
    0x70, 0x07, 0x00, 0x00, 
    0x70, 0x07, 0x00, 0x00, 
    0x7F, 0xFF, 0x00, 0x00, 
    0x7F, 0xFF, 0x00, 0x00, 
    0x7F, 0xFF, 0x00, 0x00, 
    0x00, 0x00, 0x00, 0x00, 
    0x00, 0x00, 0x00, 0x00, 
    0x00, 0x00, 0x00, 0x00, 
    // '9' (ASCII 57)
    0x00, 0x00, 0x00, 0x00, 
    0x00, 0x00, 0x00, 0x00, 
    0x00, 0x00, 0x00, 0x00, 
    0x00, 0x00, 0x00, 0x00, 
    0x00, 0x00, 0x00, 0x00, 
    0x00, 0x00, 0x00, 0x00, 
    0x7F, 0xFF, 0x00, 0x00, 
    0x7F, 0xFF, 0x00, 0x00, 
    0x7F, 0xFF, 0x00, 0x00, 
    0x70, 0x07, 0x00, 0x00, 
    0x70, 0x07, 0x00, 0x00, 
    0x70, 0x07, 0x00, 0x00, 
    0x7F, 0xFF, 0x00, 0x00, 
    0x7F, 0xFF, 0x00, 0x00, 
    0x7F, 0xFF, 0x00, 0x00, 
    0x00, 0x07, 0x00, 0x00, 
    0x00, 0x07, 0x00, 0x00, 
    0x00, 0x07, 0x00, 0x00, 
    0x7F, 0xFF, 0x00, 0x00, 
    0x7F, 0xFF, 0x00, 0x00, 
    0x7F, 0xFF, 0x00, 0x00, 
    0x00, 0x00, 0x00, 0x00, 
    0x00, 0x00, 0x00, 0x00, 
    0x00, 0x00, 0x00, 0x00, 
    // ':' (ASCII 58)
    0x00, 0x00, 0x00, 0x00, 
    0x00, 0x00, 0x00, 0x00, 
    0x00, 0x00, 0x00, 0x00, 
    0x00, 0x00, 0x00, 0x00, 
    0x00, 0x00, 0x00, 0x00, 
    0x00, 0x00, 0x00, 0x00, 
    0x00, 0x00, 0x00, 0x00, 
    0x00, 0x00, 0x00, 0x00, 
    0x00, 0x00, 0x00, 0x00, 
    0x0E, 0x00, 0x00, 0x00, 
    0x0E, 0x00, 0x00, 0x00, 
    0x0E, 0x00, 0x00, 0x00, 
    0x00, 0x00, 0x00, 0x00, 
    0x00, 0x00, 0x00, 0x00, 
    0x00, 0x00, 0x00, 0x00, 
    0x0E, 0x00, 0x00, 0x00, 
    0x0E, 0x00, 0x00, 0x00, 
    0x0E, 0x00, 0x00, 0x00, 
    0x00, 0x00, 0x00, 0x00, 
    0x00, 0x00, 0x00, 0x00, 
    0x00, 0x00, 0x00, 0x00, 
    0x00, 0x00, 0x00, 0x00, 
    0x00, 0x00, 0x00, 0x00, 
    0x00, 0x00, 0x00, 0x00, 
    // ';' (ASCII 59)
    0x00, 0x00, 0x00, 0x00, 
    0x00, 0x00, 0x00, 0x00, 
    0x00, 0x00, 0x00, 0x00, 
    0x00, 0x00, 0x00, 0x00, 
    0x00, 0x00, 0x00, 0x00, 
    0x00, 0x00, 0x00, 0x00, 
    0x00, 0x00, 0x00, 0x00, 
    0x00, 0x00, 0x00, 0x00, 
    0x00, 0x00, 0x00, 0x00, 
    0x0E, 0x00, 0x00, 0x00, 
    0x0E, 0x00, 0x00, 0x00, 
    0x0E, 0x00, 0x00, 0x00, 
    0x00, 0x00, 0x00, 0x00, 
    0x00, 0x00, 0x00, 0x00, 
    0x00, 0x00, 0x00, 0x00, 
    0x00, 0x00, 0x00, 0x00, 
    0x00, 0x00, 0x00, 0x00, 
    0x00, 0x00, 0x00, 0x00, 
    0x0E, 0x00, 0x00, 0x00, 
    0x0E, 0x00, 0x00, 0x00, 
    0x0E, 0x00, 0x00, 0x00, 
    0x0E, 0x00, 0x00, 0x00, 
    0x0E, 0x00, 0x00, 0x00, 
    0x0E, 0x00, 0x00, 0x00, 
    // '<' (ASCII 60)
    0x00, 0x00, 0x00, 0x00, 
    0x00, 0x00, 0x00, 0x00, 
    0x00, 0x00, 0x00, 0x00, 
    0x00, 0x00, 0x00, 0x00, 
    0x00, 0x00, 0x00, 0x00, 
    0x00, 0x00, 0x00, 0x00, 
    0x01, 0xC0, 0x00, 0x00, 
    0x01, 0xC0, 0x00, 0x00, 
    0x01, 0xC0, 0x00, 0x00, 
    0x0E, 0x00, 0x00, 0x00, 
    0x0E, 0x00, 0x00, 0x00, 
    0x0E, 0x00, 0x00, 0x00, 
    0x70, 0x00, 0x00, 0x00, 
    0x70, 0x00, 0x00, 0x00, 
    0x70, 0x00, 0x00, 0x00, 
    0x0E, 0x00, 0x00, 0x00, 
    0x0E, 0x00, 0x00, 0x00, 
    0x0E, 0x00, 0x00, 0x00, 
    0x01, 0xC0, 0x00, 0x00, 
    0x01, 0xC0, 0x00, 0x00, 
    0x01, 0xC0, 0x00, 0x00, 
    0x00, 0x00, 0x00, 0x00, 
    0x00, 0x00, 0x00, 0x00, 
    0x00, 0x00, 0x00, 0x00, 
    // '=' (ASCII 61)
    0x00, 0x00, 0x00, 0x00, 
    0x00, 0x00, 0x00, 0x00, 
    0x00, 0x00, 0x00, 0x00, 
    0x00, 0x00, 0x00, 0x00, 
    0x00, 0x00, 0x00, 0x00, 
    0x00, 0x00, 0x00, 0x00, 
    0x00, 0x00, 0x00, 0x00, 
    0x00, 0x00, 0x00, 0x00, 
    0x00, 0x00, 0x00, 0x00, 
    0x7F, 0xFF, 0x00, 0x00, 
    0x7F, 0xFF, 0x00, 0x00, 
    0x7F, 0xFF, 0x00, 0x00, 
    0x00, 0x00, 0x00, 0x00, 
    0x00, 0x00, 0x00, 0x00, 
    0x00, 0x00, 0x00, 0x00, 
    0x7F, 0xFF, 0x00, 0x00, 
    0x7F, 0xFF, 0x00, 0x00, 
    0x7F, 0xFF, 0x00, 0x00, 
    0x00, 0x00, 0x00, 0x00, 
    0x00, 0x00, 0x00, 0x00, 
    0x00, 0x00, 0x00, 0x00, 
    0x00, 0x00, 0x00, 0x00, 
    0x00, 0x00, 0x00, 0x00, 
    0x00, 0x00, 0x00, 0x00, 
    // '>' (ASCII 62)
    0x00, 0x00, 0x00, 0x00, 
    0x00, 0x00, 0x00, 0x00, 
    0x00, 0x00, 0x00, 0x00, 
    0x00, 0x00, 0x00, 0x00, 
    0x00, 0x00, 0x00, 0x00, 
    0x00, 0x00, 0x00, 0x00, 
    0x70, 0x00, 0x00, 0x00, 
    0x70, 0x00, 0x00, 0x00, 
    0x70, 0x00, 0x00, 0x00, 
    0x0E, 0x00, 0x00, 0x00, 
    0x0E, 0x00, 0x00, 0x00, 
    0x0E, 0x00, 0x00, 0x00, 
    0x01, 0xC0, 0x00, 0x00, 
    0x01, 0xC0, 0x00, 0x00, 
    0x01, 0xC0, 0x00, 0x00, 
    0x0E, 0x00, 0x00, 0x00, 
    0x0E, 0x00, 0x00, 0x00, 
    0x0E, 0x00, 0x00, 0x00, 
    0x70, 0x00, 0x00, 0x00, 
    0x70, 0x00, 0x00, 0x00, 
    0x70, 0x00, 0x00, 0x00, 
    0x00, 0x00, 0x00, 0x00, 
    0x00, 0x00, 0x00, 0x00, 
    0x00, 0x00, 0x00, 0x00, 
    // '?' (ASCII 63)
    0x00, 0x00, 0x00, 0x00, 
    0x00, 0x00, 0x00, 0x00, 
    0x00, 0x00, 0x00, 0x00, 
    0x00, 0x00, 0x00, 0x00, 
    0x00, 0x00, 0x00, 0x00, 
    0x00, 0x00, 0x00, 0x00, 
    0x7F, 0xF8, 0x00, 0x00, 
    0x7F, 0xF8, 0x00, 0x00, 
    0x7F, 0xF8, 0x00, 0x00, 
    0x00, 0x38, 0x00, 0x00, 
    0x00, 0x38, 0x00, 0x00, 
    0x00, 0x38, 0x00, 0x00, 
    0x0F, 0xF8, 0x00, 0x00, 
    0x0F, 0xF8, 0x00, 0x00, 
    0x0F, 0xF8, 0x00, 0x00, 
    0x00, 0x00, 0x00, 0x00, 
    0x00, 0x00, 0x00, 0x00, 
    0x00, 0x00, 0x00, 0x00, 
    0x0E, 0x00, 0x00, 0x00, 
    0x0E, 0x00, 0x00, 0x00, 
    0x0E, 0x00, 0x00, 0x00, 
    0x00, 0x00, 0x00, 0x00, 
    0x00, 0x00, 0x00, 0x00, 
    0x00, 0x00, 0x00, 0x00, 
    // '@' (ASCII 64)
    0x00, 0x00, 0x00, 0x00, 
    0x00, 0x00, 0x00, 0x00, 
    0x00, 0x00, 0x00, 0x00, 
    0x00, 0x00, 0x00, 0x00, 
    0x00, 0x00, 0x00, 0x00, 
    0x00, 0x00, 0x00, 0x00, 
    0x7F, 0xFF, 0x00, 0x00, 
    0x7F, 0xFF, 0x00, 0x00, 
    0x7F, 0xFF, 0x00, 0x00, 
    0x70, 0x07, 0x00, 0x00, 
    0x70, 0x07, 0x00, 0x00, 
    0x70, 0x07, 0x00, 0x00, 
    0x71, 0xFF, 0x00, 0x00, 
    0x71, 0xFF, 0x00, 0x00, 
    0x71, 0xFF, 0x00, 0x00, 
    0x70, 0x00, 0x00, 0x00, 
    0x70, 0x00, 0x00, 0x00, 
    0x70, 0x00, 0x00, 0x00, 
    0x7F, 0xFF, 0x00, 0x00, 
    0x7F, 0xFF, 0x00, 0x00, 
    0x7F, 0xFF, 0x00, 0x00, 
    0x00, 0x00, 0x00, 0x00, 
    0x00, 0x00, 0x00, 0x00, 
    0x00, 0x00, 0x00, 0x00, 
    // 'A' (ASCII 65)
    0x00, 0x00, 0x00, 0x00, 
    0x00, 0x00, 0x00, 0x00, 
    0x00, 0x00, 0x00, 0x00, 
    0x00, 0x00, 0x00, 0x00, 
    0x00, 0x00, 0x00, 0x00, 
    0x00, 0x00, 0x00, 0x00, 
    0x7F, 0xFF, 0x00, 0x00, 
    0x7F, 0xFF, 0x00, 0x00, 
    0x7F, 0xFF, 0x00, 0x00, 
    0x70, 0x07, 0x00, 0x00, 
    0x70, 0x07, 0x00, 0x00, 
    0x70, 0x07, 0x00, 0x00, 
    0x7F, 0xFF, 0x00, 0x00, 
    0x7F, 0xFF, 0x00, 0x00, 
    0x7F, 0xFF, 0x00, 0x00, 
    0x70, 0x07, 0x00, 0x00, 
    0x70, 0x07, 0x00, 0x00, 
    0x70, 0x07, 0x00, 0x00, 
    0x70, 0x07, 0x00, 0x00, 
    0x70, 0x07, 0x00, 0x00, 
    0x70, 0x07, 0x00, 0x00, 
    0x00, 0x00, 0x00, 0x00, 
    0x00, 0x00, 0x00, 0x00, 
    0x00, 0x00, 0x00, 0x00, 
    // 'B' (ASCII 66)
    0x00, 0x00, 0x00, 0x00, 
    0x00, 0x00, 0x00, 0x00, 
    0x00, 0x00, 0x00, 0x00, 
    0x00, 0x00, 0x00, 0x00, 
    0x00, 0x00, 0x00, 0x00, 
    0x00, 0x00, 0x00, 0x00, 
    0x7F, 0xFF, 0x00, 0x00, 
    0x7F, 0xFF, 0x00, 0x00, 
    0x7F, 0xFF, 0x00, 0x00, 
    0x70, 0x07, 0x00, 0x00, 
    0x70, 0x07, 0x00, 0x00, 
    0x70, 0x07, 0x00, 0x00, 
    0x7F, 0xF8, 0x00, 0x00, 
    0x7F, 0xF8, 0x00, 0x00, 
    0x7F, 0xF8, 0x00, 0x00, 
    0x70, 0x07, 0x00, 0x00, 
    0x70, 0x07, 0x00, 0x00, 
    0x70, 0x07, 0x00, 0x00, 
    0x7F, 0xFF, 0x00, 0x00, 
    0x7F, 0xFF, 0x00, 0x00, 
    0x7F, 0xFF, 0x00, 0x00, 
    0x00, 0x00, 0x00, 0x00, 
    0x00, 0x00, 0x00, 0x00, 
    0x00, 0x00, 0x00, 0x00, 
    // 'C' (ASCII 67)
    0x00, 0x00, 0x00, 0x00, 
    0x00, 0x00, 0x00, 0x00, 
    0x00, 0x00, 0x00, 0x00, 
    0x00, 0x00, 0x00, 0x00, 
    0x00, 0x00, 0x00, 0x00, 
    0x00, 0x00, 0x00, 0x00, 
    0x7F, 0xFF, 0x00, 0x00, 
    0x7F, 0xFF, 0x00, 0x00, 
    0x7F, 0xFF, 0x00, 0x00, 
    0x70, 0x00, 0x00, 0x00, 
    0x70, 0x00, 0x00, 0x00, 
    0x70, 0x00, 0x00, 0x00, 
    0x70, 0x00, 0x00, 0x00, 
    0x70, 0x00, 0x00, 0x00, 
    0x70, 0x00, 0x00, 0x00, 
    0x70, 0x00, 0x00, 0x00, 
    0x70, 0x00, 0x00, 0x00, 
    0x70, 0x00, 0x00, 0x00, 
    0x7F, 0xFF, 0x00, 0x00, 
    0x7F, 0xFF, 0x00, 0x00, 
    0x7F, 0xFF, 0x00, 0x00, 
    0x00, 0x00, 0x00, 0x00, 
    0x00, 0x00, 0x00, 0x00, 
    0x00, 0x00, 0x00, 0x00, 
    // 'D' (ASCII 68)
    0x00, 0x00, 0x00, 0x00, 
    0x00, 0x00, 0x00, 0x00, 
    0x00, 0x00, 0x00, 0x00, 
    0x00, 0x00, 0x00, 0x00, 
    0x00, 0x00, 0x00, 0x00, 
    0x00, 0x00, 0x00, 0x00, 
    0x7F, 0xF8, 0x00, 0x00, 
    0x7F, 0xF8, 0x00, 0x00, 
    0x7F, 0xF8, 0x00, 0x00, 
    0x70, 0x07, 0x00, 0x00, 
    0x70, 0x07, 0x00, 0x00, 
    0x70, 0x07, 0x00, 0x00, 
    0x70, 0x07, 0x00, 0x00, 
    0x70, 0x07, 0x00, 0x00, 
    0x70, 0x07, 0x00, 0x00, 
    0x70, 0x07, 0x00, 0x00, 
    0x70, 0x07, 0x00, 0x00, 
    0x70, 0x07, 0x00, 0x00, 
    0x7F, 0xF8, 0x00, 0x00, 
    0x7F, 0xF8, 0x00, 0x00, 
    0x7F, 0xF8, 0x00, 0x00, 
    0x00, 0x00, 0x00, 0x00, 
    0x00, 0x00, 0x00, 0x00, 
    0x00, 0x00, 0x00, 0x00, 
    // 'E' (ASCII 69)
    0x00, 0x00, 0x00, 0x00, 
    0x00, 0x00, 0x00, 0x00, 
    0x00, 0x00, 0x00, 0x00, 
    0x00, 0x00, 0x00, 0x00, 
    0x00, 0x00, 0x00, 0x00, 
    0x00, 0x00, 0x00, 0x00, 
    0x7F, 0xFF, 0x00, 0x00, 
    0x7F, 0xFF, 0x00, 0x00, 
    0x7F, 0xFF, 0x00, 0x00, 
    0x70, 0x00, 0x00, 0x00, 
    0x70, 0x00, 0x00, 0x00, 
    0x70, 0x00, 0x00, 0x00, 
    0x7F, 0xF8, 0x00, 0x00, 
    0x7F, 0xF8, 0x00, 0x00, 
    0x7F, 0xF8, 0x00, 0x00, 
    0x70, 0x00, 0x00, 0x00, 
    0x70, 0x00, 0x00, 0x00, 
    0x70, 0x00, 0x00, 0x00, 
    0x7F, 0xFF, 0x00, 0x00, 
    0x7F, 0xFF, 0x00, 0x00, 
    0x7F, 0xFF, 0x00, 0x00, 
    0x00, 0x00, 0x00, 0x00, 
    0x00, 0x00, 0x00, 0x00, 
    0x00, 0x00, 0x00, 0x00, 
    // 'F' (ASCII 70)
    0x00, 0x00, 0x00, 0x00, 
    0x00, 0x00, 0x00, 0x00, 
    0x00, 0x00, 0x00, 0x00, 
    0x00, 0x00, 0x00, 0x00, 
    0x00, 0x00, 0x00, 0x00, 
    0x00, 0x00, 0x00, 0x00, 
    0x7F, 0xFF, 0x00, 0x00, 
    0x7F, 0xFF, 0x00, 0x00, 
    0x7F, 0xFF, 0x00, 0x00, 
    0x70, 0x00, 0x00, 0x00, 
    0x70, 0x00, 0x00, 0x00, 
    0x70, 0x00, 0x00, 0x00, 
    0x7F, 0xF8, 0x00, 0x00, 
    0x7F, 0xF8, 0x00, 0x00, 
    0x7F, 0xF8, 0x00, 0x00, 
    0x70, 0x00, 0x00, 0x00, 
    0x70, 0x00, 0x00, 0x00, 
    0x70, 0x00, 0x00, 0x00, 
    0x70, 0x00, 0x00, 0x00, 
    0x70, 0x00, 0x00, 0x00, 
    0x70, 0x00, 0x00, 0x00, 
    0x00, 0x00, 0x00, 0x00, 
    0x00, 0x00, 0x00, 0x00, 
    0x00, 0x00, 0x00, 0x00, 
    // 'G' (ASCII 71)
    0x00, 0x00, 0x00, 0x00, 
    0x00, 0x00, 0x00, 0x00, 
    0x00, 0x00, 0x00, 0x00, 
    0x00, 0x00, 0x00, 0x00, 
    0x00, 0x00, 0x00, 0x00, 
    0x00, 0x00, 0x00, 0x00, 
    0x7F, 0xFF, 0x00, 0x00, 
    0x7F, 0xFF, 0x00, 0x00, 
    0x7F, 0xFF, 0x00, 0x00, 
    0x70, 0x00, 0x00, 0x00, 
    0x70, 0x00, 0x00, 0x00, 
    0x70, 0x00, 0x00, 0x00, 
    0x71, 0xFF, 0x00, 0x00, 
    0x71, 0xFF, 0x00, 0x00, 
    0x71, 0xFF, 0x00, 0x00, 
    0x70, 0x07, 0x00, 0x00, 
    0x70, 0x07, 0x00, 0x00, 
    0x70, 0x07, 0x00, 0x00, 
    0x7F, 0xFF, 0x00, 0x00, 
    0x7F, 0xFF, 0x00, 0x00, 
    0x7F, 0xFF, 0x00, 0x00, 
    0x00, 0x00, 0x00, 0x00, 
    0x00, 0x00, 0x00, 0x00, 
    0x00, 0x00, 0x00, 0x00, 
    // 'H' (ASCII 72)
    0x00, 0x00, 0x00, 0x00, 
    0x00, 0x00, 0x00, 0x00, 
    0x00, 0x00, 0x00, 0x00, 
    0x00, 0x00, 0x00, 0x00, 
    0x00, 0x00, 0x00, 0x00, 
    0x00, 0x00, 0x00, 0x00, 
    0x70, 0x07, 0x00, 0x00, 
    0x70, 0x07, 0x00, 0x00, 
    0x70, 0x07, 0x00, 0x00, 
    0x70, 0x07, 0x00, 0x00, 
    0x70, 0x07, 0x00, 0x00, 
    0x70, 0x07, 0x00, 0x00, 
    0x7F, 0xFF, 0x00, 0x00, 
    0x7F, 0xFF, 0x00, 0x00, 
    0x7F, 0xFF, 0x00, 0x00, 
    0x70, 0x07, 0x00, 0x00, 
    0x70, 0x07, 0x00, 0x00, 
    0x70, 0x07, 0x00, 0x00, 
    0x70, 0x07, 0x00, 0x00, 
    0x70, 0x07, 0x00, 0x00, 
    0x70, 0x07, 0x00, 0x00, 
    0x00, 0x00, 0x00, 0x00, 
    0x00, 0x00, 0x00, 0x00, 
    0x00, 0x00, 0x00, 0x00, 
    // 'I' (ASCII 73)
    0x00, 0x00, 0x00, 0x00, 
    0x00, 0x00, 0x00, 0x00, 
    0x00, 0x00, 0x00, 0x00, 
    0x00, 0x00, 0x00, 0x00, 
    0x00, 0x00, 0x00, 0x00, 
    0x00, 0x00, 0x00, 0x00, 
    0x70, 0x00, 0x00, 0x00, 
    0x70, 0x00, 0x00, 0x00, 
    0x70, 0x00, 0x00, 0x00, 
    0x70, 0x00, 0x00, 0x00, 
    0x70, 0x00, 0x00, 0x00, 
    0x70, 0x00, 0x00, 0x00, 
    0x70, 0x00, 0x00, 0x00, 
    0x70, 0x00, 0x00, 0x00, 
    0x70, 0x00, 0x00, 0x00, 
    0x70, 0x00, 0x00, 0x00, 
    0x70, 0x00, 0x00, 0x00, 
    0x70, 0x00, 0x00, 0x00, 
    0x70, 0x00, 0x00, 0x00, 
    0x70, 0x00, 0x00, 0x00, 
    0x70, 0x00, 0x00, 0x00, 
    0x00, 0x00, 0x00, 0x00, 
    0x00, 0x00, 0x00, 0x00, 
    0x00, 0x00, 0x00, 0x00, 
    // 'J' (ASCII 74)
    0x00, 0x00, 0x00, 0x00, 
    0x00, 0x00, 0x00, 0x00, 
    0x00, 0x00, 0x00, 0x00, 
    0x00, 0x00, 0x00, 0x00, 
    0x00, 0x00, 0x00, 0x00, 
    0x00, 0x00, 0x00, 0x00, 
    0x00, 0x38, 0x00, 0x00, 
    0x00, 0x38, 0x00, 0x00, 
    0x00, 0x38, 0x00, 0x00, 
    0x00, 0x38, 0x00, 0x00, 
    0x00, 0x38, 0x00, 0x00, 
    0x00, 0x38, 0x00, 0x00, 
    0x00, 0x38, 0x00, 0x00, 
    0x00, 0x38, 0x00, 0x00, 
    0x00, 0x38, 0x00, 0x00, 
    0x00, 0x38, 0x00, 0x00, 
    0x00, 0x38, 0x00, 0x00, 
    0x00, 0x38, 0x00, 0x00, 
    0x7F, 0xF8, 0x00, 0x00, 
    0x7F, 0xF8, 0x00, 0x00, 
    0x7F, 0xF8, 0x00, 0x00, 
    0x00, 0x00, 0x00, 0x00, 
    0x00, 0x00, 0x00, 0x00, 
    0x00, 0x00, 0x00, 0x00, 
    // 'K' (ASCII 75)
    0x00, 0x00, 0x00, 0x00, 
    0x00, 0x00, 0x00, 0x00, 
    0x00, 0x00, 0x00, 0x00, 
    0x00, 0x00, 0x00, 0x00, 
    0x00, 0x00, 0x00, 0x00, 
    0x00, 0x00, 0x00, 0x00, 
    0x70, 0x07, 0x00, 0x00, 
    0x70, 0x07, 0x00, 0x00, 
    0x70, 0x07, 0x00, 0x00, 
    0x70, 0x07, 0x00, 0x00, 
    0x70, 0x07, 0x00, 0x00, 
    0x70, 0x07, 0x00, 0x00, 
    0x7F, 0xF8, 0x00, 0x00, 
    0x7F, 0xF8, 0x00, 0x00, 
    0x7F, 0xF8, 0x00, 0x00, 
    0x70, 0x07, 0x00, 0x00, 
    0x70, 0x07, 0x00, 0x00, 
    0x70, 0x07, 0x00, 0x00, 
    0x70, 0x07, 0x00, 0x00, 
    0x70, 0x07, 0x00, 0x00, 
    0x70, 0x07, 0x00, 0x00, 
    0x00, 0x00, 0x00, 0x00, 
    0x00, 0x00, 0x00, 0x00, 
    0x00, 0x00, 0x00, 0x00, 
    // 'L' (ASCII 76)
    0x00, 0x00, 0x00, 0x00, 
    0x00, 0x00, 0x00, 0x00, 
    0x00, 0x00, 0x00, 0x00, 
    0x00, 0x00, 0x00, 0x00, 
    0x00, 0x00, 0x00, 0x00, 
    0x00, 0x00, 0x00, 0x00, 
    0x70, 0x00, 0x00, 0x00, 
    0x70, 0x00, 0x00, 0x00, 
    0x70, 0x00, 0x00, 0x00, 
    0x70, 0x00, 0x00, 0x00, 
    0x70, 0x00, 0x00, 0x00, 
    0x70, 0x00, 0x00, 0x00, 
    0x70, 0x00, 0x00, 0x00, 
    0x70, 0x00, 0x00, 0x00, 
    0x70, 0x00, 0x00, 0x00, 
    0x70, 0x00, 0x00, 0x00, 
    0x70, 0x00, 0x00, 0x00, 
    0x70, 0x00, 0x00, 0x00, 
    0x7F, 0xF8, 0x00, 0x00, 
    0x7F, 0xF8, 0x00, 0x00, 
    0x7F, 0xF8, 0x00, 0x00, 
    0x00, 0x00, 0x00, 0x00, 
    0x00, 0x00, 0x00, 0x00, 
    0x00, 0x00, 0x00, 0x00, 
    // 'M' (ASCII 77)
    0x00, 0x00, 0x00, 0x00, 
    0x00, 0x00, 0x00, 0x00, 
    0x00, 0x00, 0x00, 0x00, 
    0x00, 0x00, 0x00, 0x00, 
    0x00, 0x00, 0x00, 0x00, 
    0x00, 0x00, 0x00, 0x00, 
    0x7F, 0xFF, 0xFC, 0x00, 
    0x7F, 0xFF, 0xFC, 0x00, 
    0x7F, 0xFF, 0xFC, 0x00, 
    0x70, 0x38, 0x1C, 0x00, 
    0x70, 0x38, 0x1C, 0x00, 
    0x70, 0x38, 0x1C, 0x00, 
    0x70, 0x38, 0x1C, 0x00, 
    0x70, 0x38, 0x1C, 0x00, 
    0x70, 0x38, 0x1C, 0x00, 
    0x70, 0x38, 0x1C, 0x00, 
    0x70, 0x38, 0x1C, 0x00, 
    0x70, 0x38, 0x1C, 0x00, 
    0x70, 0x38, 0x1C, 0x00, 
    0x70, 0x38, 0x1C, 0x00, 
    0x70, 0x38, 0x1C, 0x00, 
    0x00, 0x00, 0x00, 0x00, 
    0x00, 0x00, 0x00, 0x00, 
    0x00, 0x00, 0x00, 0x00, 
    // 'N' (ASCII 78)
    0x00, 0x00, 0x00, 0x00, 
    0x00, 0x00, 0x00, 0x00, 
    0x00, 0x00, 0x00, 0x00, 
    0x00, 0x00, 0x00, 0x00, 
    0x00, 0x00, 0x00, 0x00, 
    0x00, 0x00, 0x00, 0x00, 
    0x7F, 0xFF, 0x00, 0x00, 
    0x7F, 0xFF, 0x00, 0x00, 
    0x7F, 0xFF, 0x00, 0x00, 
    0x70, 0x07, 0x00, 0x00, 
    0x70, 0x07, 0x00, 0x00, 
    0x70, 0x07, 0x00, 0x00, 
    0x70, 0x07, 0x00, 0x00, 
    0x70, 0x07, 0x00, 0x00, 
    0x70, 0x07, 0x00, 0x00, 
    0x70, 0x07, 0x00, 0x00, 
    0x70, 0x07, 0x00, 0x00, 
    0x70, 0x07, 0x00, 0x00, 
    0x70, 0x07, 0x00, 0x00, 
    0x70, 0x07, 0x00, 0x00, 
    0x70, 0x07, 0x00, 0x00, 
    0x00, 0x00, 0x00, 0x00, 
    0x00, 0x00, 0x00, 0x00, 
    0x00, 0x00, 0x00, 0x00, 
    // 'O' (ASCII 79)
    0x00, 0x00, 0x00, 0x00, 
    0x00, 0x00, 0x00, 0x00, 
    0x00, 0x00, 0x00, 0x00, 
    0x00, 0x00, 0x00, 0x00, 
    0x00, 0x00, 0x00, 0x00, 
    0x00, 0x00, 0x00, 0x00, 
    0x7F, 0xFF, 0x00, 0x00, 
    0x7F, 0xFF, 0x00, 0x00, 
    0x7F, 0xFF, 0x00, 0x00, 
    0x70, 0x07, 0x00, 0x00, 
    0x70, 0x07, 0x00, 0x00, 
    0x70, 0x07, 0x00, 0x00, 
    0x70, 0x07, 0x00, 0x00, 
    0x70, 0x07, 0x00, 0x00, 
    0x70, 0x07, 0x00, 0x00, 
    0x70, 0x07, 0x00, 0x00, 
    0x70, 0x07, 0x00, 0x00, 
    0x70, 0x07, 0x00, 0x00, 
    0x7F, 0xFF, 0x00, 0x00, 
    0x7F, 0xFF, 0x00, 0x00, 
    0x7F, 0xFF, 0x00, 0x00, 
    0x00, 0x00, 0x00, 0x00, 
    0x00, 0x00, 0x00, 0x00, 
    0x00, 0x00, 0x00, 0x00, 
    // 'P' (ASCII 80)
    0x00, 0x00, 0x00, 0x00, 
    0x00, 0x00, 0x00, 0x00, 
    0x00, 0x00, 0x00, 0x00, 
    0x00, 0x00, 0x00, 0x00, 
    0x00, 0x00, 0x00, 0x00, 
    0x00, 0x00, 0x00, 0x00, 
    0x7F, 0xFF, 0x00, 0x00, 
    0x7F, 0xFF, 0x00, 0x00, 
    0x7F, 0xFF, 0x00, 0x00, 
    0x70, 0x07, 0x00, 0x00, 
    0x70, 0x07, 0x00, 0x00, 
    0x70, 0x07, 0x00, 0x00, 
    0x7F, 0xFF, 0x00, 0x00, 
    0x7F, 0xFF, 0x00, 0x00, 
    0x7F, 0xFF, 0x00, 0x00, 
    0x70, 0x00, 0x00, 0x00, 
    0x70, 0x00, 0x00, 0x00, 
    0x70, 0x00, 0x00, 0x00, 
    0x70, 0x00, 0x00, 0x00, 
    0x70, 0x00, 0x00, 0x00, 
    0x70, 0x00, 0x00, 0x00, 
    0x00, 0x00, 0x00, 0x00, 
    0x00, 0x00, 0x00, 0x00, 
    0x00, 0x00, 0x00, 0x00, 
    // 'Q' (ASCII 81)
    0x00, 0x00, 0x00, 0x00, 
    0x00, 0x00, 0x00, 0x00, 
    0x00, 0x00, 0x00, 0x00, 
    0x00, 0x00, 0x00, 0x00, 
    0x00, 0x00, 0x00, 0x00, 
    0x00, 0x00, 0x00, 0x00, 
    0x7F, 0xFF, 0x00, 0x00, 
    0x7F, 0xFF, 0x00, 0x00, 
    0x7F, 0xFF, 0x00, 0x00, 
    0x70, 0x07, 0x00, 0x00, 
    0x70, 0x07, 0x00, 0x00, 
    0x70, 0x07, 0x00, 0x00, 
    0x70, 0x07, 0x00, 0x00, 
    0x70, 0x07, 0x00, 0x00, 
    0x70, 0x07, 0x00, 0x00, 
    0x70, 0x07, 0x00, 0x00, 
    0x70, 0x07, 0x00, 0x00, 
    0x70, 0x07, 0x00, 0x00, 
    0x7F, 0xFF, 0x00, 0x00, 
    0x7F, 0xFF, 0x00, 0x00, 
    0x7F, 0xFF, 0x00, 0x00, 
    0x01, 0xC0, 0x00, 0x00, 
    0x01, 0xC0, 0x00, 0x00, 
    0x01, 0xC0, 0x00, 0x00, 
    // 'R' (ASCII 82)
    0x00, 0x00, 0x00, 0x00, 
    0x00, 0x00, 0x00, 0x00, 
    0x00, 0x00, 0x00, 0x00, 
    0x00, 0x00, 0x00, 0x00, 
    0x00, 0x00, 0x00, 0x00, 
    0x00, 0x00, 0x00, 0x00, 
    0x7F, 0xFF, 0x00, 0x00, 
    0x7F, 0xFF, 0x00, 0x00, 
    0x7F, 0xFF, 0x00, 0x00, 
    0x70, 0x07, 0x00, 0x00, 
    0x70, 0x07, 0x00, 0x00, 
    0x70, 0x07, 0x00, 0x00, 
    0x7F, 0xF8, 0x00, 0x00, 
    0x7F, 0xF8, 0x00, 0x00, 
    0x7F, 0xF8, 0x00, 0x00, 
    0x70, 0x07, 0x00, 0x00, 
    0x70, 0x07, 0x00, 0x00, 
    0x70, 0x07, 0x00, 0x00, 
    0x70, 0x07, 0x00, 0x00, 
    0x70, 0x07, 0x00, 0x00, 
    0x70, 0x07, 0x00, 0x00, 
    0x00, 0x00, 0x00, 0x00, 
    0x00, 0x00, 0x00, 0x00, 
    0x00, 0x00, 0x00, 0x00, 
    // 'S' (ASCII 83)
    0x00, 0x00, 0x00, 0x00, 
    0x00, 0x00, 0x00, 0x00, 
    0x00, 0x00, 0x00, 0x00, 
    0x00, 0x00, 0x00, 0x00, 
    0x00, 0x00, 0x00, 0x00, 
    0x00, 0x00, 0x00, 0x00, 
    0x7F, 0xFF, 0x00, 0x00, 
    0x7F, 0xFF, 0x00, 0x00, 
    0x7F, 0xFF, 0x00, 0x00, 
    0x70, 0x00, 0x00, 0x00, 
    0x70, 0x00, 0x00, 0x00, 
    0x70, 0x00, 0x00, 0x00, 
    0x7F, 0xFF, 0x00, 0x00, 
    0x7F, 0xFF, 0x00, 0x00, 
    0x7F, 0xFF, 0x00, 0x00, 
    0x00, 0x07, 0x00, 0x00, 
    0x00, 0x07, 0x00, 0x00, 
    0x00, 0x07, 0x00, 0x00, 
    0x7F, 0xFF, 0x00, 0x00, 
    0x7F, 0xFF, 0x00, 0x00, 
    0x7F, 0xFF, 0x00, 0x00, 
    0x00, 0x00, 0x00, 0x00, 
    0x00, 0x00, 0x00, 0x00, 
    0x00, 0x00, 0x00, 0x00, 
    // 'T' (ASCII 84)
    0x00, 0x00, 0x00, 0x00, 
    0x00, 0x00, 0x00, 0x00, 
    0x00, 0x00, 0x00, 0x00, 
    0x00, 0x00, 0x00, 0x00, 
    0x00, 0x00, 0x00, 0x00, 
    0x00, 0x00, 0x00, 0x00, 
    0x7F, 0xFF, 0x00, 0x00, 
    0x7F, 0xFF, 0x00, 0x00, 
    0x7F, 0xFF, 0x00, 0x00, 
    0x01, 0xC0, 0x00, 0x00, 
    0x01, 0xC0, 0x00, 0x00, 
    0x01, 0xC0, 0x00, 0x00, 
    0x01, 0xC0, 0x00, 0x00, 
    0x01, 0xC0, 0x00, 0x00, 
    0x01, 0xC0, 0x00, 0x00, 
    0x01, 0xC0, 0x00, 0x00, 
    0x01, 0xC0, 0x00, 0x00, 
    0x01, 0xC0, 0x00, 0x00, 
    0x01, 0xC0, 0x00, 0x00, 
    0x01, 0xC0, 0x00, 0x00, 
    0x01, 0xC0, 0x00, 0x00, 
    0x00, 0x00, 0x00, 0x00, 
    0x00, 0x00, 0x00, 0x00, 
    0x00, 0x00, 0x00, 0x00, 
    // 'U' (ASCII 85)
    0x00, 0x00, 0x00, 0x00, 
    0x00, 0x00, 0x00, 0x00, 
    0x00, 0x00, 0x00, 0x00, 
    0x00, 0x00, 0x00, 0x00, 
    0x00, 0x00, 0x00, 0x00, 
    0x00, 0x00, 0x00, 0x00, 
    0x70, 0x07, 0x00, 0x00, 
    0x70, 0x07, 0x00, 0x00, 
    0x70, 0x07, 0x00, 0x00, 
    0x70, 0x07, 0x00, 0x00, 
    0x70, 0x07, 0x00, 0x00, 
    0x70, 0x07, 0x00, 0x00, 
    0x70, 0x07, 0x00, 0x00, 
    0x70, 0x07, 0x00, 0x00, 
    0x70, 0x07, 0x00, 0x00, 
    0x70, 0x07, 0x00, 0x00, 
    0x70, 0x07, 0x00, 0x00, 
    0x70, 0x07, 0x00, 0x00, 
    0x7F, 0xFF, 0x00, 0x00, 
    0x7F, 0xFF, 0x00, 0x00, 
    0x7F, 0xFF, 0x00, 0x00, 
    0x00, 0x00, 0x00, 0x00, 
    0x00, 0x00, 0x00, 0x00, 
    0x00, 0x00, 0x00, 0x00, 
    // 'V' (ASCII 86)
    0x00, 0x00, 0x00, 0x00, 
    0x00, 0x00, 0x00, 0x00, 
    0x00, 0x00, 0x00, 0x00, 
    0x00, 0x00, 0x00, 0x00, 
    0x00, 0x00, 0x00, 0x00, 
    0x00, 0x00, 0x00, 0x00, 
    0x70, 0x07, 0x00, 0x00, 
    0x70, 0x07, 0x00, 0x00, 
    0x70, 0x07, 0x00, 0x00, 
    0x70, 0x07, 0x00, 0x00, 
    0x70, 0x07, 0x00, 0x00, 
    0x70, 0x07, 0x00, 0x00, 
    0x70, 0x07, 0x00, 0x00, 
    0x70, 0x07, 0x00, 0x00, 
    0x70, 0x07, 0x00, 0x00, 
    0x70, 0x07, 0x00, 0x00, 
    0x70, 0x07, 0x00, 0x00, 
    0x70, 0x07, 0x00, 0x00, 
    0x0F, 0xF8, 0x00, 0x00, 
    0x0F, 0xF8, 0x00, 0x00, 
    0x0F, 0xF8, 0x00, 0x00, 
    0x00, 0x00, 0x00, 0x00, 
    0x00, 0x00, 0x00, 0x00, 
    0x00, 0x00, 0x00, 0x00, 
    // 'W' (ASCII 87)
    0x00, 0x00, 0x00, 0x00, 
    0x00, 0x00, 0x00, 0x00, 
    0x00, 0x00, 0x00, 0x00, 
    0x00, 0x00, 0x00, 0x00, 
    0x00, 0x00, 0x00, 0x00, 
    0x00, 0x00, 0x00, 0x00, 
    0x70, 0x38, 0x1C, 0x00, 
    0x70, 0x38, 0x1C, 0x00, 
    0x70, 0x38, 0x1C, 0x00, 
    0x70, 0x38, 0x1C, 0x00, 
    0x70, 0x38, 0x1C, 0x00, 
    0x70, 0x38, 0x1C, 0x00, 
    0x70, 0x38, 0x1C, 0x00, 
    0x70, 0x38, 0x1C, 0x00, 
    0x70, 0x38, 0x1C, 0x00, 
    0x70, 0x38, 0x1C, 0x00, 
    0x70, 0x38, 0x1C, 0x00, 
    0x70, 0x38, 0x1C, 0x00, 
    0x7F, 0xFF, 0xFC, 0x00, 
    0x7F, 0xFF, 0xFC, 0x00, 
    0x7F, 0xFF, 0xFC, 0x00, 
    0x00, 0x00, 0x00, 0x00, 
    0x00, 0x00, 0x00, 0x00, 
    0x00, 0x00, 0x00, 0x00, 
    // 'X' (ASCII 88)
    0x00, 0x00, 0x00, 0x00, 
    0x00, 0x00, 0x00, 0x00, 
    0x00, 0x00, 0x00, 0x00, 
    0x00, 0x00, 0x00, 0x00, 
    0x00, 0x00, 0x00, 0x00, 
    0x00, 0x00, 0x00, 0x00, 
    0x70, 0x07, 0x00, 0x00, 
    0x70, 0x07, 0x00, 0x00, 
    0x70, 0x07, 0x00, 0x00, 
    0x70, 0x07, 0x00, 0x00, 
    0x70, 0x07, 0x00, 0x00, 
    0x70, 0x07, 0x00, 0x00, 
    0x0F, 0xF8, 0x00, 0x00, 
    0x0F, 0xF8, 0x00, 0x00, 
    0x0F, 0xF8, 0x00, 0x00, 
    0x70, 0x07, 0x00, 0x00, 
    0x70, 0x07, 0x00, 0x00, 
    0x70, 0x07, 0x00, 0x00, 
    0x70, 0x07, 0x00, 0x00, 
    0x70, 0x07, 0x00, 0x00, 
    0x70, 0x07, 0x00, 0x00, 
    0x00, 0x00, 0x00, 0x00, 
    0x00, 0x00, 0x00, 0x00, 
    0x00, 0x00, 0x00, 0x00, 
    // 'Y' (ASCII 89)
    0x00, 0x00, 0x00, 0x00, 
    0x00, 0x00, 0x00, 0x00, 
    0x00, 0x00, 0x00, 0x00, 
    0x00, 0x00, 0x00, 0x00, 
    0x00, 0x00, 0x00, 0x00, 
    0x00, 0x00, 0x00, 0x00, 
    0x70, 0x07, 0x00, 0x00, 
    0x70, 0x07, 0x00, 0x00, 
    0x70, 0x07, 0x00, 0x00, 
    0x70, 0x07, 0x00, 0x00, 
    0x70, 0x07, 0x00, 0x00, 
    0x70, 0x07, 0x00, 0x00, 
    0x7F, 0xFF, 0x00, 0x00, 
    0x7F, 0xFF, 0x00, 0x00, 
    0x7F, 0xFF, 0x00, 0x00, 
    0x01, 0xC0, 0x00, 0x00, 
    0x01, 0xC0, 0x00, 0x00, 
    0x01, 0xC0, 0x00, 0x00, 
    0x01, 0xC0, 0x00, 0x00, 
    0x01, 0xC0, 0x00, 0x00, 
    0x01, 0xC0, 0x00, 0x00, 
    0x00, 0x00, 0x00, 0x00, 
    0x00, 0x00, 0x00, 0x00, 
    0x00, 0x00, 0x00, 0x00, 
    // 'Z' (ASCII 90)
    0x00, 0x00, 0x00, 0x00, 
    0x00, 0x00, 0x00, 0x00, 
    0x00, 0x00, 0x00, 0x00, 
    0x00, 0x00, 0x00, 0x00, 
    0x00, 0x00, 0x00, 0x00, 
    0x00, 0x00, 0x00, 0x00, 
    0x7F, 0xFF, 0x00, 0x00, 
    0x7F, 0xFF, 0x00, 0x00, 
    0x7F, 0xFF, 0x00, 0x00, 
    0x00, 0x07, 0x00, 0x00, 
    0x00, 0x07, 0x00, 0x00, 
    0x00, 0x07, 0x00, 0x00, 
    0x0F, 0xF8, 0x00, 0x00, 
    0x0F, 0xF8, 0x00, 0x00, 
    0x0F, 0xF8, 0x00, 0x00, 
    0x70, 0x00, 0x00, 0x00, 
    0x70, 0x00, 0x00, 0x00, 
    0x70, 0x00, 0x00, 0x00, 
    0x7F, 0xFF, 0x00, 0x00, 
    0x7F, 0xFF, 0x00, 0x00, 
    0x7F, 0xFF, 0x00, 0x00, 
    0x00, 0x00, 0x00, 0x00, 
    0x00, 0x00, 0x00, 0x00, 
    0x00, 0x00, 0x00, 0x00, 
    // '[' (ASCII 91)
    0x00, 0x00, 0x00, 0x00, 
    0x00, 0x00, 0x00, 0x00, 
    0x00, 0x00, 0x00, 0x00, 
    0x7E, 0x00, 0x00, 0x00, 
    0x7E, 0x00, 0x00, 0x00, 
    0x7E, 0x00, 0x00, 0x00, 
    0x70, 0x00, 0x00, 0x00, 
    0x70, 0x00, 0x00, 0x00, 
    0x70, 0x00, 0x00, 0x00, 
    0x70, 0x00, 0x00, 0x00, 
    0x70, 0x00, 0x00, 0x00, 
    0x70, 0x00, 0x00, 0x00, 
    0x70, 0x00, 0x00, 0x00, 
    0x70, 0x00, 0x00, 0x00, 
    0x70, 0x00, 0x00, 0x00, 
    0x70, 0x00, 0x00, 0x00, 
    0x70, 0x00, 0x00, 0x00, 
    0x70, 0x00, 0x00, 0x00, 
    0x70, 0x00, 0x00, 0x00, 
    0x70, 0x00, 0x00, 0x00, 
    0x70, 0x00, 0x00, 0x00, 
    0x7E, 0x00, 0x00, 0x00, 
    0x7E, 0x00, 0x00, 0x00, 
    0x7E, 0x00, 0x00, 0x00, 
    // '\' (ASCII 92)
    0x00, 0x00, 0x00, 0x00, 
    0x00, 0x00, 0x00, 0x00, 
    0x00, 0x00, 0x00, 0x00, 
    0x00, 0x00, 0x00, 0x00, 
    0x00, 0x00, 0x00, 0x00, 
    0x00, 0x00, 0x00, 0x00, 
    0x70, 0x00, 0x00, 0x00, 
    0x70, 0x00, 0x00, 0x00, 
    0x70, 0x00, 0x00, 0x00, 
    0x0E, 0x00, 0x00, 0x00, 
    0x0E, 0x00, 0x00, 0x00, 
    0x0E, 0x00, 0x00, 0x00, 
    0x01, 0xC0, 0x00, 0x00, 
    0x01, 0xC0, 0x00, 0x00, 
    0x01, 0xC0, 0x00, 0x00, 
    0x00, 0x38, 0x00, 0x00, 
    0x00, 0x38, 0x00, 0x00, 
    0x00, 0x38, 0x00, 0x00, 
    0x00, 0x07, 0x00, 0x00, 
    0x00, 0x07, 0x00, 0x00, 
    0x00, 0x07, 0x00, 0x00, 
    0x00, 0x00, 0x00, 0x00, 
    0x00, 0x00, 0x00, 0x00, 
    0x00, 0x00, 0x00, 0x00, 
    // ']' (ASCII 93)
    0x00, 0x00, 0x00, 0x00, 
    0x00, 0x00, 0x00, 0x00, 
    0x00, 0x00, 0x00, 0x00, 
    0x7E, 0x00, 0x00, 0x00, 
    0x7E, 0x00, 0x00, 0x00, 
    0x7E, 0x00, 0x00, 0x00, 
    0x0E, 0x00, 0x00, 0x00, 
    0x0E, 0x00, 0x00, 0x00, 
    0x0E, 0x00, 0x00, 0x00, 
    0x0E, 0x00, 0x00, 0x00, 
    0x0E, 0x00, 0x00, 0x00, 
    0x0E, 0x00, 0x00, 0x00, 
    0x0E, 0x00, 0x00, 0x00, 
    0x0E, 0x00, 0x00, 0x00, 
    0x0E, 0x00, 0x00, 0x00, 
    0x0E, 0x00, 0x00, 0x00, 
    0x0E, 0x00, 0x00, 0x00, 
    0x0E, 0x00, 0x00, 0x00, 
    0x0E, 0x00, 0x00, 0x00, 
    0x0E, 0x00, 0x00, 0x00, 
    0x0E, 0x00, 0x00, 0x00, 
    0x7E, 0x00, 0x00, 0x00, 
    0x7E, 0x00, 0x00, 0x00, 
    0x7E, 0x00, 0x00, 0x00, 
    // '^' (ASCII 94)
    0x00, 0x00, 0x00, 0x00, 
    0x00, 0x00, 0x00, 0x00, 
    0x00, 0x00, 0x00, 0x00, 
    0x00, 0x00, 0x00, 0x00, 
    0x00, 0x00, 0x00, 0x00, 
    0x00, 0x00, 0x00, 0x00, 
    0x0E, 0x00, 0x00, 0x00, 
    0x0E, 0x00, 0x00, 0x00, 
    0x0E, 0x00, 0x00, 0x00, 
    0x71, 0xC0, 0x00, 0x00, 
    0x71, 0xC0, 0x00, 0x00, 
    0x71, 0xC0, 0x00, 0x00, 
    0x00, 0x00, 0x00, 0x00, 
    0x00, 0x00, 0x00, 0x00, 
    0x00, 0x00, 0x00, 0x00, 
    0x00, 0x00, 0x00, 0x00, 
    0x00, 0x00, 0x00, 0x00, 
    0x00, 0x00, 0x00, 0x00, 
    0x00, 0x00, 0x00, 0x00, 
    0x00, 0x00, 0x00, 0x00, 
    0x00, 0x00, 0x00, 0x00, 
    0x00, 0x00, 0x00, 0x00, 
    0x00, 0x00, 0x00, 0x00, 
    0x00, 0x00, 0x00, 0x00, 
    // '_' (ASCII 95)
    0x00, 0x00, 0x00, 0x00, 
    0x00, 0x00, 0x00, 0x00, 
    0x00, 0x00, 0x00, 0x00, 
    0x00, 0x00, 0x00, 0x00, 
    0x00, 0x00, 0x00, 0x00, 
    0x00, 0x00, 0x00, 0x00, 
    0x00, 0x00, 0x00, 0x00, 
    0x00, 0x00, 0x00, 0x00, 
    0x00, 0x00, 0x00, 0x00, 
    0x00, 0x00, 0x00, 0x00, 
    0x00, 0x00, 0x00, 0x00, 
    0x00, 0x00, 0x00, 0x00, 
    0x00, 0x00, 0x00, 0x00, 
    0x00, 0x00, 0x00, 0x00, 
    0x00, 0x00, 0x00, 0x00, 
    0x00, 0x00, 0x00, 0x00, 
    0x00, 0x00, 0x00, 0x00, 
    0x00, 0x00, 0x00, 0x00, 
    0x00, 0x00, 0x00, 0x00, 
    0x00, 0x00, 0x00, 0x00, 
    0x00, 0x00, 0x00, 0x00, 
    0x7F, 0xFF, 0x00, 0x00, 
    0x7F, 0xFF, 0x00, 0x00, 
    0x7F, 0xFF, 0x00, 0x00, 
    // '`' (ASCII 96)
    0x00, 0x00, 0x00, 0x00, 
    0x00, 0x00, 0x00, 0x00, 
    0x00, 0x00, 0x00, 0x00, 
    0x00, 0x00, 0x00, 0x00, 
    0x00, 0x00, 0x00, 0x00, 
    0x00, 0x00, 0x00, 0x00, 
    0x70, 0x00, 0x00, 0x00, 
    0x70, 0x00, 0x00, 0x00, 
    0x70, 0x00, 0x00, 0x00, 
    0x0E, 0x00, 0x00, 0x00, 
    0x0E, 0x00, 0x00, 0x00, 
    0x0E, 0x00, 0x00, 0x00, 
    0x00, 0x00, 0x00, 0x00, 
    0x00, 0x00, 0x00, 0x00, 
    0x00, 0x00, 0x00, 0x00, 
    0x00, 0x00, 0x00, 0x00, 
    0x00, 0x00, 0x00, 0x00, 
    0x00, 0x00, 0x00, 0x00, 
    0x00, 0x00, 0x00, 0x00, 
    0x00, 0x00, 0x00, 0x00, 
    0x00, 0x00, 0x00, 0x00, 
    0x00, 0x00, 0x00, 0x00, 
    0x00, 0x00, 0x00, 0x00, 
    0x00, 0x00, 0x00, 0x00, 
    // 'a' (ASCII 97)
    0x00, 0x00, 0x00, 0x00, 
    0x00, 0x00, 0x00, 0x00, 
    0x00, 0x00, 0x00, 0x00, 
    0x00, 0x00, 0x00, 0x00, 
    0x00, 0x00, 0x00, 0x00, 
    0x00, 0x00, 0x00, 0x00, 
    0x00, 0x00, 0x00, 0x00, 
    0x00, 0x00, 0x00, 0x00, 
    0x00, 0x00, 0x00, 0x00, 
    0x0F, 0xF8, 0x00, 0x00, 
    0x0F, 0xF8, 0x00, 0x00, 
    0x0F, 0xF8, 0x00, 0x00, 
    0x70, 0x38, 0x00, 0x00, 
    0x70, 0x38, 0x00, 0x00, 
    0x70, 0x38, 0x00, 0x00, 
    0x70, 0x38, 0x00, 0x00, 
    0x70, 0x38, 0x00, 0x00, 
    0x70, 0x38, 0x00, 0x00, 
    0x7F, 0xF8, 0x00, 0x00, 
    0x7F, 0xF8, 0x00, 0x00, 
    0x7F, 0xF8, 0x00, 0x00, 
    0x00, 0x00, 0x00, 0x00, 
    0x00, 0x00, 0x00, 0x00, 
    0x00, 0x00, 0x00, 0x00, 
    // 'b' (ASCII 98)
    0x00, 0x00, 0x00, 0x00, 
    0x00, 0x00, 0x00, 0x00, 
    0x00, 0x00, 0x00, 0x00, 
    0x00, 0x00, 0x00, 0x00, 
    0x00, 0x00, 0x00, 0x00, 
    0x00, 0x00, 0x00, 0x00, 
    0x70, 0x00, 0x00, 0x00, 
    0x70, 0x00, 0x00, 0x00, 
    0x70, 0x00, 0x00, 0x00, 
    0x7F, 0xF8, 0x00, 0x00, 
    0x7F, 0xF8, 0x00, 0x00, 
    0x7F, 0xF8, 0x00, 0x00, 
    0x70, 0x38, 0x00, 0x00, 
    0x70, 0x38, 0x00, 0x00, 
    0x70, 0x38, 0x00, 0x00, 
    0x70, 0x38, 0x00, 0x00, 
    0x70, 0x38, 0x00, 0x00, 
    0x70, 0x38, 0x00, 0x00, 
    0x7F, 0xF8, 0x00, 0x00, 
    0x7F, 0xF8, 0x00, 0x00, 
    0x7F, 0xF8, 0x00, 0x00, 
    0x00, 0x00, 0x00, 0x00, 
    0x00, 0x00, 0x00, 0x00, 
    0x00, 0x00, 0x00, 0x00, 
    // 'c' (ASCII 99)
    0x00, 0x00, 0x00, 0x00, 
    0x00, 0x00, 0x00, 0x00, 
    0x00, 0x00, 0x00, 0x00, 
    0x00, 0x00, 0x00, 0x00, 
    0x00, 0x00, 0x00, 0x00, 
    0x00, 0x00, 0x00, 0x00, 
    0x00, 0x00, 0x00, 0x00, 
    0x00, 0x00, 0x00, 0x00, 
    0x00, 0x00, 0x00, 0x00, 
    0x7F, 0xF8, 0x00, 0x00, 
    0x7F, 0xF8, 0x00, 0x00, 
    0x7F, 0xF8, 0x00, 0x00, 
    0x70, 0x00, 0x00, 0x00, 
    0x70, 0x00, 0x00, 0x00, 
    0x70, 0x00, 0x00, 0x00, 
    0x70, 0x00, 0x00, 0x00, 
    0x70, 0x00, 0x00, 0x00, 
    0x70, 0x00, 0x00, 0x00, 
    0x7F, 0xF8, 0x00, 0x00, 
    0x7F, 0xF8, 0x00, 0x00, 
    0x7F, 0xF8, 0x00, 0x00, 
    0x00, 0x00, 0x00, 0x00, 
    0x00, 0x00, 0x00, 0x00, 
    0x00, 0x00, 0x00, 0x00, 
    // 'd' (ASCII 100)
    0x00, 0x00, 0x00, 0x00, 
    0x00, 0x00, 0x00, 0x00, 
    0x00, 0x00, 0x00, 0x00, 
    0x00, 0x00, 0x00, 0x00, 
    0x00, 0x00, 0x00, 0x00, 
    0x00, 0x00, 0x00, 0x00, 
    0x00, 0x38, 0x00, 0x00, 
    0x00, 0x38, 0x00, 0x00, 
    0x00, 0x38, 0x00, 0x00, 
    0x7F, 0xF8, 0x00, 0x00, 
    0x7F, 0xF8, 0x00, 0x00, 
    0x7F, 0xF8, 0x00, 0x00, 
    0x70, 0x38, 0x00, 0x00, 
    0x70, 0x38, 0x00, 0x00, 
    0x70, 0x38, 0x00, 0x00, 
    0x70, 0x38, 0x00, 0x00, 
    0x70, 0x38, 0x00, 0x00, 
    0x70, 0x38, 0x00, 0x00, 
    0x7F, 0xF8, 0x00, 0x00, 
    0x7F, 0xF8, 0x00, 0x00, 
    0x7F, 0xF8, 0x00, 0x00, 
    0x00, 0x00, 0x00, 0x00, 
    0x00, 0x00, 0x00, 0x00, 
    0x00, 0x00, 0x00, 0x00, 
    // 'e' (ASCII 101)
    0x00, 0x00, 0x00, 0x00, 
    0x00, 0x00, 0x00, 0x00, 
    0x00, 0x00, 0x00, 0x00, 
    0x00, 0x00, 0x00, 0x00, 
    0x00, 0x00, 0x00, 0x00, 
    0x00, 0x00, 0x00, 0x00, 
    0x00, 0x00, 0x00, 0x00, 
    0x00, 0x00, 0x00, 0x00, 
    0x00, 0x00, 0x00, 0x00, 
    0x7F, 0xF8, 0x00, 0x00, 
    0x7F, 0xF8, 0x00, 0x00, 
    0x7F, 0xF8, 0x00, 0x00, 
    0x70, 0x38, 0x00, 0x00, 
    0x70, 0x38, 0x00, 0x00, 
    0x70, 0x38, 0x00, 0x00, 
    0x71, 0xC0, 0x00, 0x00, 
    0x71, 0xC0, 0x00, 0x00, 
    0x71, 0xC0, 0x00, 0x00, 
    0x7F, 0xF8, 0x00, 0x00, 
    0x7F, 0xF8, 0x00, 0x00, 
    0x7F, 0xF8, 0x00, 0x00, 
    0x00, 0x00, 0x00, 0x00, 
    0x00, 0x00, 0x00, 0x00, 
    0x00, 0x00, 0x00, 0x00, 
    // 'f' (ASCII 102)
    0x00, 0x00, 0x00, 0x00, 
    0x00, 0x00, 0x00, 0x00, 
    0x00, 0x00, 0x00, 0x00, 
    0x00, 0x00, 0x00, 0x00, 
    0x00, 0x00, 0x00, 0x00, 
    0x00, 0x00, 0x00, 0x00, 
    0x7E, 0x00, 0x00, 0x00, 
    0x7E, 0x00, 0x00, 0x00, 
    0x7E, 0x00, 0x00, 0x00, 
    0x70, 0x00, 0x00, 0x00, 
    0x70, 0x00, 0x00, 0x00, 
    0x70, 0x00, 0x00, 0x00, 
    0x7E, 0x00, 0x00, 0x00, 
    0x7E, 0x00, 0x00, 0x00, 
    0x7E, 0x00, 0x00, 0x00, 
    0x70, 0x00, 0x00, 0x00, 
    0x70, 0x00, 0x00, 0x00, 
    0x70, 0x00, 0x00, 0x00, 
    0x70, 0x00, 0x00, 0x00, 
    0x70, 0x00, 0x00, 0x00, 
    0x70, 0x00, 0x00, 0x00, 
    0x00, 0x00, 0x00, 0x00, 
    0x00, 0x00, 0x00, 0x00, 
    0x00, 0x00, 0x00, 0x00, 
    // 'g' (ASCII 103)
    0x00, 0x00, 0x00, 0x00, 
    0x00, 0x00, 0x00, 0x00, 
    0x00, 0x00, 0x00, 0x00, 
    0x00, 0x00, 0x00, 0x00, 
    0x00, 0x00, 0x00, 0x00, 
    0x00, 0x00, 0x00, 0x00, 
    0x00, 0x00, 0x00, 0x00, 
    0x00, 0x00, 0x00, 0x00, 
    0x00, 0x00, 0x00, 0x00, 
    0x7F, 0xF8, 0x00, 0x00, 
    0x7F, 0xF8, 0x00, 0x00, 
    0x7F, 0xF8, 0x00, 0x00, 
    0x70, 0x38, 0x00, 0x00, 
    0x70, 0x38, 0x00, 0x00, 
    0x70, 0x38, 0x00, 0x00, 
    0x70, 0x38, 0x00, 0x00, 
    0x70, 0x38, 0x00, 0x00, 
    0x70, 0x38, 0x00, 0x00, 
    0x7F, 0xF8, 0x00, 0x00, 
    0x7F, 0xF8, 0x00, 0x00, 
    0x7F, 0xF8, 0x00, 0x00, 
    0x00, 0x38, 0x00, 0x00, 
    0x00, 0x38, 0x00, 0x00, 
    0x00, 0x38, 0x00, 0x00, 
    // 'h' (ASCII 104)
    0x00, 0x00, 0x00, 0x00, 
    0x00, 0x00, 0x00, 0x00, 
    0x00, 0x00, 0x00, 0x00, 
    0x00, 0x00, 0x00, 0x00, 
    0x00, 0x00, 0x00, 0x00, 
    0x00, 0x00, 0x00, 0x00, 
    0x70, 0x00, 0x00, 0x00, 
    0x70, 0x00, 0x00, 0x00, 
    0x70, 0x00, 0x00, 0x00, 
    0x7F, 0xF8, 0x00, 0x00, 
    0x7F, 0xF8, 0x00, 0x00, 
    0x7F, 0xF8, 0x00, 0x00, 
    0x70, 0x38, 0x00, 0x00, 
    0x70, 0x38, 0x00, 0x00, 
    0x70, 0x38, 0x00, 0x00, 
    0x70, 0x38, 0x00, 0x00, 
    0x70, 0x38, 0x00, 0x00, 
    0x70, 0x38, 0x00, 0x00, 
    0x70, 0x38, 0x00, 0x00, 
    0x70, 0x38, 0x00, 0x00, 
    0x70, 0x38, 0x00, 0x00, 
    0x00, 0x00, 0x00, 0x00, 
    0x00, 0x00, 0x00, 0x00, 
    0x00, 0x00, 0x00, 0x00, 
    // 'i' (ASCII 105)
    0x00, 0x00, 0x00, 0x00, 
    0x00, 0x00, 0x00, 0x00, 
    0x00, 0x00, 0x00, 0x00, 
    0x00, 0x00, 0x00, 0x00, 
    0x00, 0x00, 0x00, 0x00, 
    0x00, 0x00, 0x00, 0x00, 
    0x70, 0x00, 0x00, 0x00, 
    0x70, 0x00, 0x00, 0x00, 
    0x70, 0x00, 0x00, 0x00, 
    0x00, 0x00, 0x00, 0x00, 
    0x00, 0x00, 0x00, 0x00, 
    0x00, 0x00, 0x00, 0x00, 
    0x70, 0x00, 0x00, 0x00, 
    0x70, 0x00, 0x00, 0x00, 
    0x70, 0x00, 0x00, 0x00, 
    0x70, 0x00, 0x00, 0x00, 
    0x70, 0x00, 0x00, 0x00, 
    0x70, 0x00, 0x00, 0x00, 
    0x70, 0x00, 0x00, 0x00, 
    0x70, 0x00, 0x00, 0x00, 
    0x70, 0x00, 0x00, 0x00, 
    0x00, 0x00, 0x00, 0x00, 
    0x00, 0x00, 0x00, 0x00, 
    0x00, 0x00, 0x00, 0x00, 
    // 'j' (ASCII 106)
    0x00, 0x00, 0x00, 0x00, 
    0x00, 0x00, 0x00, 0x00, 
    0x00, 0x00, 0x00, 0x00, 
    0x00, 0x00, 0x00, 0x00, 
    0x00, 0x00, 0x00, 0x00, 
    0x00, 0x00, 0x00, 0x00, 
    0x0E, 0x00, 0x00, 0x00, 
    0x0E, 0x00, 0x00, 0x00, 
    0x0E, 0x00, 0x00, 0x00, 
    0x00, 0x00, 0x00, 0x00, 
    0x00, 0x00, 0x00, 0x00, 
    0x00, 0x00, 0x00, 0x00, 
    0x0E, 0x00, 0x00, 0x00, 
    0x0E, 0x00, 0x00, 0x00, 
    0x0E, 0x00, 0x00, 0x00, 
    0x0E, 0x00, 0x00, 0x00, 
    0x0E, 0x00, 0x00, 0x00, 
    0x0E, 0x00, 0x00, 0x00, 
    0x0E, 0x00, 0x00, 0x00, 
    0x0E, 0x00, 0x00, 0x00, 
    0x0E, 0x00, 0x00, 0x00, 
    0x0E, 0x00, 0x00, 0x00, 
    0x0E, 0x00, 0x00, 0x00, 
    0x0E, 0x00, 0x00, 0x00, 
    // 'k' (ASCII 107)
    0x00, 0x00, 0x00, 0x00, 
    0x00, 0x00, 0x00, 0x00, 
    0x00, 0x00, 0x00, 0x00, 
    0x00, 0x00, 0x00, 0x00, 
    0x00, 0x00, 0x00, 0x00, 
    0x00, 0x00, 0x00, 0x00, 
    0x70, 0x00, 0x00, 0x00, 
    0x70, 0x00, 0x00, 0x00, 
    0x70, 0x00, 0x00, 0x00, 
    0x70, 0x38, 0x00, 0x00, 
    0x70, 0x38, 0x00, 0x00, 
    0x70, 0x38, 0x00, 0x00, 
    0x7F, 0xC0, 0x00, 0x00, 
    0x7F, 0xC0, 0x00, 0x00, 
    0x7F, 0xC0, 0x00, 0x00, 
    0x70, 0x38, 0x00, 0x00, 
    0x70, 0x38, 0x00, 0x00, 
    0x70, 0x38, 0x00, 0x00, 
    0x70, 0x38, 0x00, 0x00, 
    0x70, 0x38, 0x00, 0x00, 
    0x70, 0x38, 0x00, 0x00, 
    0x00, 0x00, 0x00, 0x00, 
    0x00, 0x00, 0x00, 0x00, 
    0x00, 0x00, 0x00, 0x00, 
    // 'l' (ASCII 108)
    0x00, 0x00, 0x00, 0x00, 
    0x00, 0x00, 0x00, 0x00, 
    0x00, 0x00, 0x00, 0x00, 
    0x00, 0x00, 0x00, 0x00, 
    0x00, 0x00, 0x00, 0x00, 
    0x00, 0x00, 0x00, 0x00, 
    0x70, 0x00, 0x00, 0x00, 
    0x70, 0x00, 0x00, 0x00, 
    0x70, 0x00, 0x00, 0x00, 
    0x70, 0x00, 0x00, 0x00, 
    0x70, 0x00, 0x00, 0x00, 
    0x70, 0x00, 0x00, 0x00, 
    0x70, 0x00, 0x00, 0x00, 
    0x70, 0x00, 0x00, 0x00, 
    0x70, 0x00, 0x00, 0x00, 
    0x70, 0x00, 0x00, 0x00, 
    0x70, 0x00, 0x00, 0x00, 
    0x70, 0x00, 0x00, 0x00, 
    0x70, 0x00, 0x00, 0x00, 
    0x70, 0x00, 0x00, 0x00, 
    0x70, 0x00, 0x00, 0x00, 
    0x00, 0x00, 0x00, 0x00, 
    0x00, 0x00, 0x00, 0x00, 
    0x00, 0x00, 0x00, 0x00, 
    // 'm' (ASCII 109)
    0x00, 0x00, 0x00, 0x00, 
    0x00, 0x00, 0x00, 0x00, 
    0x00, 0x00, 0x00, 0x00, 
    0x00, 0x00, 0x00, 0x00, 
    0x00, 0x00, 0x00, 0x00, 
    0x00, 0x00, 0x00, 0x00, 
    0x00, 0x00, 0x00, 0x00, 
    0x00, 0x00, 0x00, 0x00, 
    0x00, 0x00, 0x00, 0x00, 
    0x7F, 0xFF, 0xFC, 0x00, 
    0x7F, 0xFF, 0xFC, 0x00, 
    0x7F, 0xFF, 0xFC, 0x00, 
    0x70, 0x38, 0x1C, 0x00, 
    0x70, 0x38, 0x1C, 0x00, 
    0x70, 0x38, 0x1C, 0x00, 
    0x70, 0x38, 0x1C, 0x00, 
    0x70, 0x38, 0x1C, 0x00, 
    0x70, 0x38, 0x1C, 0x00, 
    0x70, 0x38, 0x1C, 0x00, 
    0x70, 0x38, 0x1C, 0x00, 
    0x70, 0x38, 0x1C, 0x00, 
    0x00, 0x00, 0x00, 0x00, 
    0x00, 0x00, 0x00, 0x00, 
    0x00, 0x00, 0x00, 0x00, 
    // 'n' (ASCII 110)
    0x00, 0x00, 0x00, 0x00, 
    0x00, 0x00, 0x00, 0x00, 
    0x00, 0x00, 0x00, 0x00, 
    0x00, 0x00, 0x00, 0x00, 
    0x00, 0x00, 0x00, 0x00, 
    0x00, 0x00, 0x00, 0x00, 
    0x00, 0x00, 0x00, 0x00, 
    0x00, 0x00, 0x00, 0x00, 
    0x00, 0x00, 0x00, 0x00, 
    0x7F, 0xF8, 0x00, 0x00, 
    0x7F, 0xF8, 0x00, 0x00, 
    0x7F, 0xF8, 0x00, 0x00, 
    0x70, 0x38, 0x00, 0x00, 
    0x70, 0x38, 0x00, 0x00, 
    0x70, 0x38, 0x00, 0x00, 
    0x70, 0x38, 0x00, 0x00, 
    0x70, 0x38, 0x00, 0x00, 
    0x70, 0x38, 0x00, 0x00, 
    0x70, 0x38, 0x00, 0x00, 
    0x70, 0x38, 0x00, 0x00, 
    0x70, 0x38, 0x00, 0x00, 
    0x00, 0x00, 0x00, 0x00, 
    0x00, 0x00, 0x00, 0x00, 
    0x00, 0x00, 0x00, 0x00, 
    // 'o' (ASCII 111)
    0x00, 0x00, 0x00, 0x00, 
    0x00, 0x00, 0x00, 0x00, 
    0x00, 0x00, 0x00, 0x00, 
    0x00, 0x00, 0x00, 0x00, 
    0x00, 0x00, 0x00, 0x00, 
    0x00, 0x00, 0x00, 0x00, 
    0x00, 0x00, 0x00, 0x00, 
    0x00, 0x00, 0x00, 0x00, 
    0x00, 0x00, 0x00, 0x00, 
    0x7F, 0xF8, 0x00, 0x00, 
    0x7F, 0xF8, 0x00, 0x00, 
    0x7F, 0xF8, 0x00, 0x00, 
    0x70, 0x38, 0x00, 0x00, 
    0x70, 0x38, 0x00, 0x00, 
    0x70, 0x38, 0x00, 0x00, 
    0x70, 0x38, 0x00, 0x00, 
    0x70, 0x38, 0x00, 0x00, 
    0x70, 0x38, 0x00, 0x00, 
    0x7F, 0xF8, 0x00, 0x00, 
    0x7F, 0xF8, 0x00, 0x00, 
    0x7F, 0xF8, 0x00, 0x00, 
    0x00, 0x00, 0x00, 0x00, 
    0x00, 0x00, 0x00, 0x00, 
    0x00, 0x00, 0x00, 0x00, 
    // 'p' (ASCII 112)
    0x00, 0x00, 0x00, 0x00, 
    0x00, 0x00, 0x00, 0x00, 
    0x00, 0x00, 0x00, 0x00, 
    0x00, 0x00, 0x00, 0x00, 
    0x00, 0x00, 0x00, 0x00, 
    0x00, 0x00, 0x00, 0x00, 
    0x00, 0x00, 0x00, 0x00, 
    0x00, 0x00, 0x00, 0x00, 
    0x00, 0x00, 0x00, 0x00, 
    0x7F, 0xF8, 0x00, 0x00, 
    0x7F, 0xF8, 0x00, 0x00, 
    0x7F, 0xF8, 0x00, 0x00, 
    0x70, 0x38, 0x00, 0x00, 
    0x70, 0x38, 0x00, 0x00, 
    0x70, 0x38, 0x00, 0x00, 
    0x70, 0x38, 0x00, 0x00, 
    0x70, 0x38, 0x00, 0x00, 
    0x70, 0x38, 0x00, 0x00, 
    0x7F, 0xF8, 0x00, 0x00, 
    0x7F, 0xF8, 0x00, 0x00, 
    0x7F, 0xF8, 0x00, 0x00, 
    0x70, 0x00, 0x00, 0x00, 
    0x70, 0x00, 0x00, 0x00, 
    0x70, 0x00, 0x00, 0x00, 
    // 'q' (ASCII 113)
    0x00, 0x00, 0x00, 0x00, 
    0x00, 0x00, 0x00, 0x00, 
    0x00, 0x00, 0x00, 0x00, 
    0x00, 0x00, 0x00, 0x00, 
    0x00, 0x00, 0x00, 0x00, 
    0x00, 0x00, 0x00, 0x00, 
    0x00, 0x00, 0x00, 0x00, 
    0x00, 0x00, 0x00, 0x00, 
    0x00, 0x00, 0x00, 0x00, 
    0x7F, 0xF8, 0x00, 0x00, 
    0x7F, 0xF8, 0x00, 0x00, 
    0x7F, 0xF8, 0x00, 0x00, 
    0x70, 0x38, 0x00, 0x00, 
    0x70, 0x38, 0x00, 0x00, 
    0x70, 0x38, 0x00, 0x00, 
    0x70, 0x38, 0x00, 0x00, 
    0x70, 0x38, 0x00, 0x00, 
    0x70, 0x38, 0x00, 0x00, 
    0x7F, 0xF8, 0x00, 0x00, 
    0x7F, 0xF8, 0x00, 0x00, 
    0x7F, 0xF8, 0x00, 0x00, 
    0x00, 0x38, 0x00, 0x00, 
    0x00, 0x38, 0x00, 0x00, 
    0x00, 0x38, 0x00, 0x00, 
    // 'r' (ASCII 114)
    0x00, 0x00, 0x00, 0x00, 
    0x00, 0x00, 0x00, 0x00, 
    0x00, 0x00, 0x00, 0x00, 
    0x00, 0x00, 0x00, 0x00, 
    0x00, 0x00, 0x00, 0x00, 
    0x00, 0x00, 0x00, 0x00, 
    0x00, 0x00, 0x00, 0x00, 
    0x00, 0x00, 0x00, 0x00, 
    0x00, 0x00, 0x00, 0x00, 
    0x7F, 0xC0, 0x00, 0x00, 
    0x7F, 0xC0, 0x00, 0x00, 
    0x7F, 0xC0, 0x00, 0x00, 
    0x70, 0x00, 0x00, 0x00, 
    0x70, 0x00, 0x00, 0x00, 
    0x70, 0x00, 0x00, 0x00, 
    0x70, 0x00, 0x00, 0x00, 
    0x70, 0x00, 0x00, 0x00, 
    0x70, 0x00, 0x00, 0x00, 
    0x70, 0x00, 0x00, 0x00, 
    0x70, 0x00, 0x00, 0x00, 
    0x70, 0x00, 0x00, 0x00, 
    0x00, 0x00, 0x00, 0x00, 
    0x00, 0x00, 0x00, 0x00, 
    0x00, 0x00, 0x00, 0x00, 
    // 's' (ASCII 115)
    0x00, 0x00, 0x00, 0x00, 
    0x00, 0x00, 0x00, 0x00, 
    0x00, 0x00, 0x00, 0x00, 
    0x00, 0x00, 0x00, 0x00, 
    0x00, 0x00, 0x00, 0x00, 
    0x00, 0x00, 0x00, 0x00, 
    0x00, 0x00, 0x00, 0x00, 
    0x00, 0x00, 0x00, 0x00, 
    0x00, 0x00, 0x00, 0x00, 
    0x0F, 0xF8, 0x00, 0x00, 
    0x0F, 0xF8, 0x00, 0x00, 
    0x0F, 0xF8, 0x00, 0x00, 
    0x7E, 0x00, 0x00, 0x00, 
    0x7E, 0x00, 0x00, 0x00, 
    0x7E, 0x00, 0x00, 0x00, 
    0x01, 0xF8, 0x00, 0x00, 
    0x01, 0xF8, 0x00, 0x00, 
    0x01, 0xF8, 0x00, 0x00, 
    0x7F, 0xC0, 0x00, 0x00, 
    0x7F, 0xC0, 0x00, 0x00, 
    0x7F, 0xC0, 0x00, 0x00, 
    0x00, 0x00, 0x00, 0x00, 
    0x00, 0x00, 0x00, 0x00, 
    0x00, 0x00, 0x00, 0x00, 
    // 't' (ASCII 116)
    0x00, 0x00, 0x00, 0x00, 
    0x00, 0x00, 0x00, 0x00, 
    0x00, 0x00, 0x00, 0x00, 
    0x00, 0x00, 0x00, 0x00, 
    0x00, 0x00, 0x00, 0x00, 
    0x00, 0x00, 0x00, 0x00, 
    0x0E, 0x00, 0x00, 0x00, 
    0x0E, 0x00, 0x00, 0x00, 
    0x0E, 0x00, 0x00, 0x00, 
    0x7F, 0xC0, 0x00, 0x00, 
    0x7F, 0xC0, 0x00, 0x00, 
    0x7F, 0xC0, 0x00, 0x00, 
    0x0E, 0x00, 0x00, 0x00, 
    0x0E, 0x00, 0x00, 0x00, 
    0x0E, 0x00, 0x00, 0x00, 
    0x0E, 0x00, 0x00, 0x00, 
    0x0E, 0x00, 0x00, 0x00, 
    0x0E, 0x00, 0x00, 0x00, 
    0x0E, 0x00, 0x00, 0x00, 
    0x0E, 0x00, 0x00, 0x00, 
    0x0E, 0x00, 0x00, 0x00, 
    0x00, 0x00, 0x00, 0x00, 
    0x00, 0x00, 0x00, 0x00, 
    0x00, 0x00, 0x00, 0x00, 
    // 'u' (ASCII 117)
    0x00, 0x00, 0x00, 0x00, 
    0x00, 0x00, 0x00, 0x00, 
    0x00, 0x00, 0x00, 0x00, 
    0x00, 0x00, 0x00, 0x00, 
    0x00, 0x00, 0x00, 0x00, 
    0x00, 0x00, 0x00, 0x00, 
    0x00, 0x00, 0x00, 0x00, 
    0x00, 0x00, 0x00, 0x00, 
    0x00, 0x00, 0x00, 0x00, 
    0x70, 0x38, 0x00, 0x00, 
    0x70, 0x38, 0x00, 0x00, 
    0x70, 0x38, 0x00, 0x00, 
    0x70, 0x38, 0x00, 0x00, 
    0x70, 0x38, 0x00, 0x00, 
    0x70, 0x38, 0x00, 0x00, 
    0x70, 0x38, 0x00, 0x00, 
    0x70, 0x38, 0x00, 0x00, 
    0x70, 0x38, 0x00, 0x00, 
    0x7F, 0xF8, 0x00, 0x00, 
    0x7F, 0xF8, 0x00, 0x00, 
    0x7F, 0xF8, 0x00, 0x00, 
    0x00, 0x00, 0x00, 0x00, 
    0x00, 0x00, 0x00, 0x00, 
    0x00, 0x00, 0x00, 0x00, 
    // 'v' (ASCII 118)
    0x00, 0x00, 0x00, 0x00, 
    0x00, 0x00, 0x00, 0x00, 
    0x00, 0x00, 0x00, 0x00, 
    0x00, 0x00, 0x00, 0x00, 
    0x00, 0x00, 0x00, 0x00, 
    0x00, 0x00, 0x00, 0x00, 
    0x00, 0x00, 0x00, 0x00, 
    0x00, 0x00, 0x00, 0x00, 
    0x00, 0x00, 0x00, 0x00, 
    0x70, 0x38, 0x00, 0x00, 
    0x70, 0x38, 0x00, 0x00, 
    0x70, 0x38, 0x00, 0x00, 
    0x70, 0x38, 0x00, 0x00, 
    0x70, 0x38, 0x00, 0x00, 
    0x70, 0x38, 0x00, 0x00, 
    0x70, 0x38, 0x00, 0x00, 
    0x70, 0x38, 0x00, 0x00, 
    0x70, 0x38, 0x00, 0x00, 
    0x0F, 0xC0, 0x00, 0x00, 
    0x0F, 0xC0, 0x00, 0x00, 
    0x0F, 0xC0, 0x00, 0x00, 
    0x00, 0x00, 0x00, 0x00, 
    0x00, 0x00, 0x00, 0x00, 
    0x00, 0x00, 0x00, 0x00, 
    // 'w' (ASCII 119)
    0x00, 0x00, 0x00, 0x00, 
    0x00, 0x00, 0x00, 0x00, 
    0x00, 0x00, 0x00, 0x00, 
    0x00, 0x00, 0x00, 0x00, 
    0x00, 0x00, 0x00, 0x00, 
    0x00, 0x00, 0x00, 0x00, 
    0x00, 0x00, 0x00, 0x00, 
    0x00, 0x00, 0x00, 0x00, 
    0x00, 0x00, 0x00, 0x00, 
    0x70, 0x38, 0x1C, 0x00, 
    0x70, 0x38, 0x1C, 0x00, 
    0x70, 0x38, 0x1C, 0x00, 
    0x70, 0x38, 0x1C, 0x00, 
    0x70, 0x38, 0x1C, 0x00, 
    0x70, 0x38, 0x1C, 0x00, 
    0x70, 0x38, 0x1C, 0x00, 
    0x70, 0x38, 0x1C, 0x00, 
    0x70, 0x38, 0x1C, 0x00, 
    0x7F, 0xFF, 0xFC, 0x00, 
    0x7F, 0xFF, 0xFC, 0x00, 
    0x7F, 0xFF, 0xFC, 0x00, 
    0x00, 0x00, 0x00, 0x00, 
    0x00, 0x00, 0x00, 0x00, 
    0x00, 0x00, 0x00, 0x00, 
    // 'x' (ASCII 120)
    0x00, 0x00, 0x00, 0x00, 
    0x00, 0x00, 0x00, 0x00, 
    0x00, 0x00, 0x00, 0x00, 
    0x00, 0x00, 0x00, 0x00, 
    0x00, 0x00, 0x00, 0x00, 
    0x00, 0x00, 0x00, 0x00, 
    0x00, 0x00, 0x00, 0x00, 
    0x00, 0x00, 0x00, 0x00, 
    0x00, 0x00, 0x00, 0x00, 
    0x70, 0x38, 0x00, 0x00, 
    0x70, 0x38, 0x00, 0x00, 
    0x70, 0x38, 0x00, 0x00, 
    0x0F, 0xC0, 0x00, 0x00, 
    0x0F, 0xC0, 0x00, 0x00, 
    0x0F, 0xC0, 0x00, 0x00, 
    0x0F, 0xC0, 0x00, 0x00, 
    0x0F, 0xC0, 0x00, 0x00, 
    0x0F, 0xC0, 0x00, 0x00, 
    0x70, 0x38, 0x00, 0x00, 
    0x70, 0x38, 0x00, 0x00, 
    0x70, 0x38, 0x00, 0x00, 
    0x00, 0x00, 0x00, 0x00, 
    0x00, 0x00, 0x00, 0x00, 
    0x00, 0x00, 0x00, 0x00, 
    // 'y' (ASCII 121)
    0x00, 0x00, 0x00, 0x00, 
    0x00, 0x00, 0x00, 0x00, 
    0x00, 0x00, 0x00, 0x00, 
    0x00, 0x00, 0x00, 0x00, 
    0x00, 0x00, 0x00, 0x00, 
    0x00, 0x00, 0x00, 0x00, 
    0x00, 0x00, 0x00, 0x00, 
    0x00, 0x00, 0x00, 0x00, 
    0x00, 0x00, 0x00, 0x00, 
    0x70, 0x38, 0x00, 0x00, 
    0x70, 0x38, 0x00, 0x00, 
    0x70, 0x38, 0x00, 0x00, 
    0x70, 0x38, 0x00, 0x00, 
    0x70, 0x38, 0x00, 0x00, 
    0x70, 0x38, 0x00, 0x00, 
    0x70, 0x38, 0x00, 0x00, 
    0x70, 0x38, 0x00, 0x00, 
    0x70, 0x38, 0x00, 0x00, 
    0x7F, 0xF8, 0x00, 0x00, 
    0x7F, 0xF8, 0x00, 0x00, 
    0x7F, 0xF8, 0x00, 0x00, 
    0x00, 0x38, 0x00, 0x00, 
    0x00, 0x38, 0x00, 0x00, 
    0x00, 0x38, 0x00, 0x00, 
    // 'z' (ASCII 122)
    0x00, 0x00, 0x00, 0x00, 
    0x00, 0x00, 0x00, 0x00, 
    0x00, 0x00, 0x00, 0x00, 
    0x00, 0x00, 0x00, 0x00, 
    0x00, 0x00, 0x00, 0x00, 
    0x00, 0x00, 0x00, 0x00, 
    0x00, 0x00, 0x00, 0x00, 
    0x00, 0x00, 0x00, 0x00, 
    0x00, 0x00, 0x00, 0x00, 
    0x7F, 0xF8, 0x00, 0x00, 
    0x7F, 0xF8, 0x00, 0x00, 
    0x7F, 0xF8, 0x00, 0x00, 
    0x01, 0xC0, 0x00, 0x00, 
    0x01, 0xC0, 0x00, 0x00, 
    0x01, 0xC0, 0x00, 0x00, 
    0x0E, 0x00, 0x00, 0x00, 
    0x0E, 0x00, 0x00, 0x00, 
    0x0E, 0x00, 0x00, 0x00, 
    0x7F, 0xF8, 0x00, 0x00, 
    0x7F, 0xF8, 0x00, 0x00, 
    0x7F, 0xF8, 0x00, 0x00, 
    0x00, 0x00, 0x00, 0x00, 
    0x00, 0x00, 0x00, 0x00, 
    0x00, 0x00, 0x00, 0x00, 
    // '{' (ASCII 123)
    0x00, 0x00, 0x00, 0x00, 
    0x00, 0x00, 0x00, 0x00, 
    0x00, 0x00, 0x00, 0x00, 
    0x01, 0xC0, 0x00, 0x00, 
    0x01, 0xC0, 0x00, 0x00, 
    0x01, 0xC0, 0x00, 0x00, 
    0x0E, 0x00, 0x00, 0x00, 
    0x0E, 0x00, 0x00, 0x00, 
    0x0E, 0x00, 0x00, 0x00, 
    0x0E, 0x00, 0x00, 0x00, 
    0x0E, 0x00, 0x00, 0x00, 
    0x0E, 0x00, 0x00, 0x00, 
    0x70, 0x00, 0x00, 0x00, 
    0x70, 0x00, 0x00, 0x00, 
    0x70, 0x00, 0x00, 0x00, 
    0x0E, 0x00, 0x00, 0x00, 
    0x0E, 0x00, 0x00, 0x00, 
    0x0E, 0x00, 0x00, 0x00, 
    0x0E, 0x00, 0x00, 0x00, 
    0x0E, 0x00, 0x00, 0x00, 
    0x0E, 0x00, 0x00, 0x00, 
    0x01, 0xC0, 0x00, 0x00, 
    0x01, 0xC0, 0x00, 0x00, 
    0x01, 0xC0, 0x00, 0x00, 
    // '|' (ASCII 124)
    0x00, 0x00, 0x00, 0x00, 
    0x00, 0x00, 0x00, 0x00, 
    0x00, 0x00, 0x00, 0x00, 
    0x0E, 0x00, 0x00, 0x00, 
    0x0E, 0x00, 0x00, 0x00, 
    0x0E, 0x00, 0x00, 0x00, 
    0x0E, 0x00, 0x00, 0x00, 
    0x0E, 0x00, 0x00, 0x00, 
    0x0E, 0x00, 0x00, 0x00, 
    0x0E, 0x00, 0x00, 0x00, 
    0x0E, 0x00, 0x00, 0x00, 
    0x0E, 0x00, 0x00, 0x00, 
    0x0E, 0x00, 0x00, 0x00, 
    0x0E, 0x00, 0x00, 0x00, 
    0x0E, 0x00, 0x00, 0x00, 
    0x0E, 0x00, 0x00, 0x00, 
    0x0E, 0x00, 0x00, 0x00, 
    0x0E, 0x00, 0x00, 0x00, 
    0x0E, 0x00, 0x00, 0x00, 
    0x0E, 0x00, 0x00, 0x00, 
    0x0E, 0x00, 0x00, 0x00, 
    0x0E, 0x00, 0x00, 0x00, 
    0x0E, 0x00, 0x00, 0x00, 
    0x0E, 0x00, 0x00, 0x00, 
    // '}' (ASCII 125)
    0x00, 0x00, 0x00, 0x00, 
    0x00, 0x00, 0x00, 0x00, 
    0x00, 0x00, 0x00, 0x00, 
    0x70, 0x00, 0x00, 0x00, 
    0x70, 0x00, 0x00, 0x00, 
    0x70, 0x00, 0x00, 0x00, 
    0x0E, 0x00, 0x00, 0x00, 
    0x0E, 0x00, 0x00, 0x00, 
    0x0E, 0x00, 0x00, 0x00, 
    0x0E, 0x00, 0x00, 0x00, 
    0x0E, 0x00, 0x00, 0x00, 
    0x0E, 0x00, 0x00, 0x00, 
    0x01, 0xC0, 0x00, 0x00, 
    0x01, 0xC0, 0x00, 0x00, 
    0x01, 0xC0, 0x00, 0x00, 
    0x0E, 0x00, 0x00, 0x00, 
    0x0E, 0x00, 0x00, 0x00, 
    0x0E, 0x00, 0x00, 0x00, 
    0x0E, 0x00, 0x00, 0x00, 
    0x0E, 0x00, 0x00, 0x00, 
    0x0E, 0x00, 0x00, 0x00, 
    0x70, 0x00, 0x00, 0x00, 
    0x70, 0x00, 0x00, 0x00, 
    0x70, 0x00, 0x00, 0x00, 
    // '~' (ASCII 126)
    0x00, 0x00, 0x00, 0x00, 
    0x00, 0x00, 0x00, 0x00, 
    0x00, 0x00, 0x00, 0x00, 
    0x00, 0x00, 0x00, 0x00, 
    0x00, 0x00, 0x00, 0x00, 
    0x00, 0x00, 0x00, 0x00, 
    0x00, 0x00, 0x00, 0x00, 
    0x00, 0x00, 0x00, 0x00, 
    0x00, 0x00, 0x00, 0x00, 
    0x0E, 0x38, 0x00, 0x00, 
    0x0E, 0x38, 0x00, 0x00, 
    0x0E, 0x38, 0x00, 0x00, 
    0x71, 0xC0, 0x00, 0x00, 
    0x71, 0xC0, 0x00, 0x00, 
    0x71, 0xC0, 0x00, 0x00, 
    0x00, 0x00, 0x00, 0x00, 
    0x00, 0x00, 0x00, 0x00, 
    0x00, 0x00, 0x00, 0x00, 
    0x00, 0x00, 0x00, 0x00, 
    0x00, 0x00, 0x00, 0x00, 
    0x00, 0x00, 0x00, 0x00, 
    0x00, 0x00, 0x00, 0x00, 
    0x00, 0x00, 0x00, 0x00, 
    0x00, 0x00, 0x00, 0x00, 
};

sFONT Font_Hooge_24 = {
  Font_Hooge_24_Table,
  26, // Width
  24  // Height
};

