// Generated Font Arrays for STM32 - Derived from Logisoso
#include "fonts.h"

// @8x8 pixel layout for Logisoso
const uint8_t Font_Logisoso_8_Table[] = {
    // ' ' (ASCII 32)
    0x00, 
    0x00, 
    0x00, 
    0x00, 
    0x00, 
    0x00, 
    0x00, 
    0x00, 
    // '!' (ASCII 33)
    0x00, 
    0x00, 
    0x00, 
    0x00, 
    0x00, 
    0x00, 
    0x00, 
    0x00, 
    // '"' (ASCII 34)
    0x00, 
    0x00, 
    0x00, 
    0x00, 
    0x00, 
    0x00, 
    0x00, 
    0x00, 
    // '#' (ASCII 35)
    0x00, 
    0x00, 
    0x30, 
    0x30, 
    0x30, 
    0x30, 
    0x20, 
    0x00, 
    // '$' (ASCII 36)
    0x00, 
    0x30, 
    0x50, 
    0x20, 
    0x10, 
    0x10, 
    0x30, 
    0x00, 
    // '%' (ASCII 37)
    0x00, 
    0x00, 
    0x30, 
    0x00, 
    0x20, 
    0x20, 
    0x10, 
    0x00, 
    // '&' (ASCII 38)
    0x00, 
    0x20, 
    0x20, 
    0x20, 
    0x60, 
    0x50, 
    0x30, 
    0x00, 
    // ''' (ASCII 39)
    0x00, 
    0x00, 
    0x00, 
    0x00, 
    0x00, 
    0x00, 
    0x00, 
    0x00, 
    // '(' (ASCII 40)
    0x00, 
    0x00, 
    0x20, 
    0x20, 
    0x20, 
    0x20, 
    0x00, 
    0x00, 
    // ')' (ASCII 41)
    0x00, 
    0x00, 
    0x20, 
    0x10, 
    0x10, 
    0x00, 
    0x20, 
    0x00, 
    // '*' (ASCII 42)
    0x00, 
    0x30, 
    0x20, 
    0x00, 
    0x00, 
    0x00, 
    0x00, 
    0x00, 
    // '+' (ASCII 43)
    0x00, 
    0x00, 
    0x00, 
    0x00, 
    0x30, 
    0x20, 
    0x00, 
    0x00, 
    // ',' (ASCII 44)
    0x00, 
    0x00, 
    0x00, 
    0x00, 
    0x00, 
    0x00, 
    0x00, 
    0x00, 
    // '-' (ASCII 45)
    0x00, 
    0x00, 
    0x00, 
    0x00, 
    0x20, 
    0x00, 
    0x00, 
    0x00, 
    // '.' (ASCII 46)
    0x00, 
    0x00, 
    0x00, 
    0x00, 
    0x00, 
    0x00, 
    0x00, 
    0x00, 
    // '/' (ASCII 47)
    0x00, 
    0x00, 
    0x10, 
    0x00, 
    0x20, 
    0x20, 
    0x00, 
    0x00, 
    // '0' (ASCII 48)
    0x00, 
    0x20, 
    0x50, 
    0x40, 
    0x40, 
    0x50, 
    0x30, 
    0x00, 
    // '1' (ASCII 49)
    0x00, 
    0x00, 
    0x30, 
    0x10, 
    0x10, 
    0x10, 
    0x10, 
    0x00, 
    // '2' (ASCII 50)
    0x00, 
    0x20, 
    0x50, 
    0x10, 
    0x20, 
    0x20, 
    0x70, 
    0x00, 
    // '3' (ASCII 51)
    0x00, 
    0x30, 
    0x10, 
    0x30, 
    0x10, 
    0x10, 
    0x30, 
    0x00, 
    // '4' (ASCII 52)
    0x00, 
    0x00, 
    0x20, 
    0x20, 
    0x20, 
    0x30, 
    0x10, 
    0x00, 
    // '5' (ASCII 53)
    0x00, 
    0x30, 
    0x40, 
    0x60, 
    0x10, 
    0x10, 
    0x30, 
    0x00, 
    // '6' (ASCII 54)
    0x00, 
    0x20, 
    0x40, 
    0x60, 
    0x50, 
    0x50, 
    0x30, 
    0x00, 
    // '7' (ASCII 55)
    0x00, 
    0x30, 
    0x10, 
    0x10, 
    0x10, 
    0x20, 
    0x20, 
    0x00, 
    // '8' (ASCII 56)
    0x00, 
    0x20, 
    0x50, 
    0x10, 
    0x30, 
    0x50, 
    0x30, 
    0x00, 
    // '9' (ASCII 57)
    0x00, 
    0x20, 
    0x50, 
    0x40, 
    0x30, 
    0x10, 
    0x30, 
    0x00, 
    // ':' (ASCII 58)
    0x00, 
    0x00, 
    0x00, 
    0x00, 
    0x00, 
    0x00, 
    0x00, 
    0x00, 
    // ';' (ASCII 59)
    0x00, 
    0x00, 
    0x00, 
    0x00, 
    0x00, 
    0x00, 
    0x00, 
    0x00, 
    // '<' (ASCII 60)
    0x00, 
    0x00, 
    0x00, 
    0x00, 
    0x20, 
    0x00, 
    0x00, 
    0x00, 
    // '=' (ASCII 61)
    0x00, 
    0x00, 
    0x00, 
    0x00, 
    0x30, 
    0x30, 
    0x00, 
    0x00, 
    // '>' (ASCII 62)
    0x00, 
    0x00, 
    0x00, 
    0x20, 
    0x10, 
    0x20, 
    0x00, 
    0x00, 
    // '?' (ASCII 63)
    0x00, 
    0x20, 
    0x10, 
    0x10, 
    0x20, 
    0x20, 
    0x00, 
    0x00, 
    // '@' (ASCII 64)
    0x00, 
    0x00, 
    0x2C, 
    0x5C, 
    0x5C, 
    0x5C, 
    0x5C, 
    0x20, 
    // 'A' (ASCII 65)
    0x00, 
    0x00, 
    0x20, 
    0x30, 
    0x30, 
    0x30, 
    0x10, 
    0x00, 
    // 'B' (ASCII 66)
    0x00, 
    0x20, 
    0x50, 
    0x70, 
    0x70, 
    0x50, 
    0x70, 
    0x00, 
    // 'C' (ASCII 67)
    0x00, 
    0x20, 
    0x50, 
    0x40, 
    0x40, 
    0x40, 
    0x30, 
    0x00, 
    // 'D' (ASCII 68)
    0x00, 
    0x20, 
    0x50, 
    0x40, 
    0x40, 
    0x50, 
    0x70, 
    0x00, 
    // 'E' (ASCII 69)
    0x00, 
    0x30, 
    0x40, 
    0x40, 
    0x60, 
    0x40, 
    0x70, 
    0x00, 
    // 'F' (ASCII 70)
    0x00, 
    0x30, 
    0x40, 
    0x40, 
    0x60, 
    0x40, 
    0x40, 
    0x00, 
    // 'G' (ASCII 71)
    0x00, 
    0x20, 
    0x50, 
    0x40, 
    0x50, 
    0x50, 
    0x30, 
    0x00, 
    // 'H' (ASCII 72)
    0x00, 
    0x00, 
    0x40, 
    0x50, 
    0x70, 
    0x40, 
    0x40, 
    0x00, 
    // 'I' (ASCII 73)
    0x00, 
    0x00, 
    0x00, 
    0x00, 
    0x00, 
    0x00, 
    0x00, 
    0x00, 
    // 'J' (ASCII 74)
    0x00, 
    0x00, 
    0x10, 
    0x10, 
    0x10, 
    0x10, 
    0x30, 
    0x00, 
    // 'K' (ASCII 75)
    0x00, 
    0x00, 
    0x70, 
    0x60, 
    0x60, 
    0x60, 
    0x10, 
    0x00, 
    // 'L' (ASCII 76)
    0x00, 
    0x00, 
    0x40, 
    0x40, 
    0x40, 
    0x40, 
    0x70, 
    0x00, 
    // 'M' (ASCII 77)
    0x00, 
    0x00, 
    0x70, 
    0x70, 
    0x70, 
    0x50, 
    0x40, 
    0x00, 
    // 'N' (ASCII 78)
    0x00, 
    0x00, 
    0x60, 
    0x70, 
    0x70, 
    0x50, 
    0x50, 
    0x00, 
    // 'O' (ASCII 79)
    0x00, 
    0x20, 
    0x50, 
    0x40, 
    0x40, 
    0x50, 
    0x30, 
    0x00, 
    // 'P' (ASCII 80)
    0x00, 
    0x20, 
    0x50, 
    0x50, 
    0x60, 
    0x40, 
    0x40, 
    0x00, 
    // 'Q' (ASCII 81)
    0x00, 
    0x20, 
    0x50, 
    0x40, 
    0x40, 
    0x50, 
    0x30, 
    0x00, 
    // 'R' (ASCII 82)
    0x00, 
    0x20, 
    0x50, 
    0x50, 
    0x70, 
    0x50, 
    0x50, 
    0x00, 
    // 'S' (ASCII 83)
    0x00, 
    0x20, 
    0x50, 
    0x20, 
    0x10, 
    0x10, 
    0x30, 
    0x00, 
    // 'T' (ASCII 84)
    0x00, 
    0x30, 
    0x20, 
    0x20, 
    0x20, 
    0x20, 
    0x20, 
    0x00, 
    // 'U' (ASCII 85)
    0x00, 
    0x00, 
    0x50, 
    0x40, 
    0x40, 
    0x50, 
    0x30, 
    0x00, 
    // 'V' (ASCII 86)
    0x00, 
    0x00, 
    0x10, 
    0x30, 
    0x30, 
    0x30, 
    0x20, 
    0x00, 
    // 'W' (ASCII 87)
    0x00, 
    0x00, 
    0x50, 
    0x10, 
    0x30, 
    0x30, 
    0x30, 
    0x00, 
    // 'X' (ASCII 88)
    0x00, 
    0x00, 
    0x30, 
    0x30, 
    0x20, 
    0x30, 
    0x10, 
    0x00, 
    // 'Y' (ASCII 89)
    0x00, 
    0x00, 
    0x30, 
    0x20, 
    0x20, 
    0x20, 
    0x00, 
    0x00, 
    // 'Z' (ASCII 90)
    0x00, 
    0x30, 
    0x10, 
    0x10, 
    0x20, 
    0x20, 
    0x70, 
    0x00, 
    // '[' (ASCII 91)
    0x00, 
    0x20, 
    0x20, 
    0x20, 
    0x20, 
    0x20, 
    0x20, 
    0x00, 
    // '\' (ASCII 92)
    0x00, 
    0x00, 
    0x20, 
    0x20, 
    0x00, 
    0x10, 
    0x10, 
    0x00, 
    // ']' (ASCII 93)
    0x00, 
    0x20, 
    0x10, 
    0x10, 
    0x10, 
    0x10, 
    0x30, 
    0x00, 
    // '^' (ASCII 94)
    0x20, 
    0x00, 
    0x00, 
    0x00, 
    0x00, 
    0x00, 
    0x00, 
    0x00, 
    // '_' (ASCII 95)
    0x00, 
    0x00, 
    0x00, 
    0x00, 
    0x00, 
    0x00, 
    0x00, 
    0x00, 
    // '`' (ASCII 96)
    0x00, 
    0x00, 
    0x00, 
    0x00, 
    0x00, 
    0x00, 
    0x00, 
    0x00, 
    // 'a' (ASCII 97)
    0x00, 
    0x00, 
    0x00, 
    0x30, 
    0x10, 
    0x50, 
    0x30, 
    0x00, 
    // 'b' (ASCII 98)
    0x00, 
    0x00, 
    0x40, 
    0x70, 
    0x40, 
    0x50, 
    0x70, 
    0x00, 
    // 'c' (ASCII 99)
    0x00, 
    0x00, 
    0x00, 
    0x30, 
    0x40, 
    0x40, 
    0x30, 
    0x00, 
    // 'd' (ASCII 100)
    0x00, 
    0x00, 
    0x10, 
    0x30, 
    0x40, 
    0x50, 
    0x30, 
    0x00, 
    // 'e' (ASCII 101)
    0x00, 
    0x00, 
    0x00, 
    0x30, 
    0x70, 
    0x60, 
    0x30, 
    0x00, 
    // 'f' (ASCII 102)
    0x00, 
    0x10, 
    0x20, 
    0x20, 
    0x20, 
    0x20, 
    0x20, 
    0x00, 
    // 'g' (ASCII 103)
    0x00, 
    0x00, 
    0x00, 
    0x30, 
    0x50, 
    0x20, 
    0x20, 
    0x50, 
    // 'h' (ASCII 104)
    0x00, 
    0x00, 
    0x40, 
    0x70, 
    0x40, 
    0x40, 
    0x40, 
    0x00, 
    // 'i' (ASCII 105)
    0x00, 
    0x00, 
    0x00, 
    0x40, 
    0x40, 
    0x40, 
    0x00, 
    0x00, 
    // 'j' (ASCII 106)
    0x00, 
    0x00, 
    0x00, 
    0x10, 
    0x10, 
    0x10, 
    0x10, 
    0x30, 
    // 'k' (ASCII 107)
    0x00, 
    0x00, 
    0x40, 
    0x50, 
    0x60, 
    0x60, 
    0x50, 
    0x00, 
    // 'l' (ASCII 108)
    0x00, 
    0x00, 
    0x40, 
    0x40, 
    0x40, 
    0x40, 
    0x20, 
    0x00, 
    // 'm' (ASCII 109)
    0x00, 
    0x00, 
    0x00, 
    0x7C, 
    0x40, 
    0x50, 
    0x40, 
    0x00, 
    // 'n' (ASCII 110)
    0x00, 
    0x00, 
    0x00, 
    0x70, 
    0x40, 
    0x40, 
    0x40, 
    0x00, 
    // 'o' (ASCII 111)
    0x00, 
    0x00, 
    0x00, 
    0x30, 
    0x40, 
    0x50, 
    0x30, 
    0x00, 
    // 'p' (ASCII 112)
    0x00, 
    0x00, 
    0x00, 
    0x70, 
    0x40, 
    0x50, 
    0x70, 
    0x40, 
    // 'q' (ASCII 113)
    0x00, 
    0x00, 
    0x00, 
    0x30, 
    0x40, 
    0x50, 
    0x30, 
    0x10, 
    // 'r' (ASCII 114)
    0x00, 
    0x00, 
    0x00, 
    0x60, 
    0x40, 
    0x40, 
    0x40, 
    0x00, 
    // 's' (ASCII 115)
    0x00, 
    0x00, 
    0x00, 
    0x30, 
    0x20, 
    0x10, 
    0x20, 
    0x00, 
    // 't' (ASCII 116)
    0x00, 
    0x00, 
    0x60, 
    0x60, 
    0x00, 
    0x40, 
    0x20, 
    0x00, 
    // 'u' (ASCII 117)
    0x00, 
    0x00, 
    0x00, 
    0x50, 
    0x40, 
    0x50, 
    0x30, 
    0x00, 
    // 'v' (ASCII 118)
    0x00, 
    0x00, 
    0x00, 
    0x50, 
    0x30, 
    0x30, 
    0x20, 
    0x00, 
    // 'w' (ASCII 119)
    0x00, 
    0x00, 
    0x00, 
    0x50, 
    0x1C, 
    0x3C, 
    0x2C, 
    0x00, 
    // 'x' (ASCII 120)
    0x00, 
    0x00, 
    0x00, 
    0x30, 
    0x20, 
    0x20, 
    0x10, 
    0x00, 
    // 'y' (ASCII 121)
    0x00, 
    0x00, 
    0x00, 
    0x30, 
    0x30, 
    0x30, 
    0x30, 
    0x20, 
    // 'z' (ASCII 122)
    0x00, 
    0x00, 
    0x00, 
    0x30, 
    0x10, 
    0x20, 
    0x70, 
    0x00, 
    // '{' (ASCII 123)
    0x00, 
    0x00, 
    0x20, 
    0x20, 
    0x20, 
    0x20, 
    0x20, 
    0x00, 
    // '|' (ASCII 124)
    0x00, 
    0x20, 
    0x20, 
    0x20, 
    0x20, 
    0x20, 
    0x20, 
    0x00, 
    // '}' (ASCII 125)
    0x00, 
    0x00, 
    0x20, 
    0x00, 
    0x10, 
    0x00, 
    0x20, 
    0x00, 
    // '~' (ASCII 126)
    0x00, 
    0x00, 
    0x00, 
    0x00, 
    0x30, 
    0x00, 
    0x00, 
    0x00, 
};

sFONT Font_Logisoso_8 = {
  Font_Logisoso_8_Table,
  8, // Width
  8  // Height
};

// @11x12 pixel layout for Logisoso
const uint8_t Font_Logisoso_12_Table[] = {
    // ' ' (ASCII 32)
    0x00, 0x00, 
    0x00, 0x00, 
    0x00, 0x00, 
    0x00, 0x00, 
    0x00, 0x00, 
    0x00, 0x00, 
    0x00, 0x00, 
    0x00, 0x00, 
    0x00, 0x00, 
    0x00, 0x00, 
    0x00, 0x00, 
    0x00, 0x00, 
    // '!' (ASCII 33)
    0x00, 0x00, 
    0x00, 0x00, 
    0x20, 0x00, 
    0x20, 0x00, 
    0x20, 0x00, 
    0x20, 0x00, 
    0x20, 0x00, 
    0x20, 0x00, 
    0x00, 0x00, 
    0x20, 0x00, 
    0x00, 0x00, 
    0x00, 0x00, 
    // '"' (ASCII 34)
    0x00, 0x00, 
    0x00, 0x00, 
    0x18, 0x00, 
    0x00, 0x00, 
    0x00, 0x00, 
    0x00, 0x00, 
    0x00, 0x00, 
    0x00, 0x00, 
    0x00, 0x00, 
    0x00, 0x00, 
    0x00, 0x00, 
    0x00, 0x00, 
    // '#' (ASCII 35)
    0x00, 0x00, 
    0x00, 0x00, 
    0x1C, 0x00, 
    0x1C, 0x00, 
    0x3C, 0x00, 
    0x3C, 0x00, 
    0x38, 0x00, 
    0x3C, 0x00, 
    0x28, 0x00, 
    0x38, 0x00, 
    0x00, 0x00, 
    0x00, 0x00, 
    // '$' (ASCII 36)
    0x00, 0x00, 
    0x10, 0x00, 
    0x38, 0x00, 
    0x2C, 0x00, 
    0x20, 0x00, 
    0x30, 0x00, 
    0x18, 0x00, 
    0x0C, 0x00, 
    0x24, 0x00, 
    0x38, 0x00, 
    0x10, 0x00, 
    0x00, 0x00, 
    // '%' (ASCII 37)
    0x00, 0x00, 
    0x00, 0x00, 
    0x24, 0x00, 
    0x28, 0x00, 
    0x08, 0x00, 
    0x18, 0x00, 
    0x10, 0x00, 
    0x10, 0x00, 
    0x28, 0x00, 
    0x2C, 0x00, 
    0x00, 0x00, 
    0x00, 0x00, 
    // '&' (ASCII 38)
    0x00, 0x00, 
    0x00, 0x00, 
    0x38, 0x00, 
    0x20, 0x00, 
    0x20, 0x00, 
    0x30, 0x00, 
    0x30, 0x00, 
    0x7C, 0x00, 
    0x2C, 0x00, 
    0x3C, 0x00, 
    0x00, 0x00, 
    0x00, 0x00, 
    // ''' (ASCII 39)
    0x00, 0x00, 
    0x00, 0x00, 
    0x20, 0x00, 
    0x00, 0x00, 
    0x00, 0x00, 
    0x00, 0x00, 
    0x00, 0x00, 
    0x00, 0x00, 
    0x00, 0x00, 
    0x00, 0x00, 
    0x00, 0x00, 
    0x00, 0x00, 
    // '(' (ASCII 40)
    0x00, 0x00, 
    0x00, 0x00, 
    0x18, 0x00, 
    0x10, 0x00, 
    0x10, 0x00, 
    0x30, 0x00, 
    0x30, 0x00, 
    0x10, 0x00, 
    0x10, 0x00, 
    0x18, 0x00, 
    0x00, 0x00, 
    0x00, 0x00, 
    // ')' (ASCII 41)
    0x00, 0x00, 
    0x00, 0x00, 
    0x10, 0x00, 
    0x10, 0x00, 
    0x08, 0x00, 
    0x08, 0x00, 
    0x08, 0x00, 
    0x08, 0x00, 
    0x10, 0x00, 
    0x10, 0x00, 
    0x00, 0x00, 
    0x00, 0x00, 
    // '*' (ASCII 42)
    0x00, 0x00, 
    0x18, 0x00, 
    0x38, 0x00, 
    0x18, 0x00, 
    0x00, 0x00, 
    0x00, 0x00, 
    0x00, 0x00, 
    0x00, 0x00, 
    0x00, 0x00, 
    0x00, 0x00, 
    0x00, 0x00, 
    0x00, 0x00, 
    // '+' (ASCII 43)
    0x00, 0x00, 
    0x00, 0x00, 
    0x00, 0x00, 
    0x00, 0x00, 
    0x00, 0x00, 
    0x00, 0x00, 
    0x18, 0x00, 
    0x38, 0x00, 
    0x10, 0x00, 
    0x00, 0x00, 
    0x00, 0x00, 
    0x00, 0x00, 
    // ',' (ASCII 44)
    0x00, 0x00, 
    0x00, 0x00, 
    0x00, 0x00, 
    0x00, 0x00, 
    0x00, 0x00, 
    0x00, 0x00, 
    0x00, 0x00, 
    0x00, 0x00, 
    0x00, 0x00, 
    0x20, 0x00, 
    0x00, 0x00, 
    0x00, 0x00, 
    // '-' (ASCII 45)
    0x00, 0x00, 
    0x00, 0x00, 
    0x00, 0x00, 
    0x00, 0x00, 
    0x00, 0x00, 
    0x00, 0x00, 
    0x18, 0x00, 
    0x38, 0x00, 
    0x00, 0x00, 
    0x00, 0x00, 
    0x00, 0x00, 
    0x00, 0x00, 
    // '.' (ASCII 46)
    0x00, 0x00, 
    0x00, 0x00, 
    0x00, 0x00, 
    0x00, 0x00, 
    0x00, 0x00, 
    0x00, 0x00, 
    0x00, 0x00, 
    0x00, 0x00, 
    0x00, 0x00, 
    0x20, 0x00, 
    0x00, 0x00, 
    0x00, 0x00, 
    // '/' (ASCII 47)
    0x00, 0x00, 
    0x00, 0x00, 
    0x0C, 0x00, 
    0x08, 0x00, 
    0x08, 0x00, 
    0x18, 0x00, 
    0x10, 0x00, 
    0x10, 0x00, 
    0x20, 0x00, 
    0x20, 0x00, 
    0x00, 0x00, 
    0x00, 0x00, 
    // '0' (ASCII 48)
    0x00, 0x00, 
    0x00, 0x00, 
    0x38, 0x00, 
    0x2C, 0x00, 
    0x24, 0x00, 
    0x24, 0x00, 
    0x24, 0x00, 
    0x24, 0x00, 
    0x24, 0x00, 
    0x38, 0x00, 
    0x00, 0x00, 
    0x00, 0x00, 
    // '1' (ASCII 49)
    0x00, 0x00, 
    0x00, 0x00, 
    0x08, 0x00, 
    0x18, 0x00, 
    0x08, 0x00, 
    0x08, 0x00, 
    0x08, 0x00, 
    0x08, 0x00, 
    0x08, 0x00, 
    0x08, 0x00, 
    0x00, 0x00, 
    0x00, 0x00, 
    // '2' (ASCII 50)
    0x00, 0x00, 
    0x00, 0x00, 
    0x38, 0x00, 
    0x24, 0x00, 
    0x24, 0x00, 
    0x08, 0x00, 
    0x18, 0x00, 
    0x10, 0x00, 
    0x20, 0x00, 
    0x3C, 0x00, 
    0x00, 0x00, 
    0x00, 0x00, 
    // '3' (ASCII 51)
    0x00, 0x00, 
    0x00, 0x00, 
    0x3C, 0x00, 
    0x08, 0x00, 
    0x18, 0x00, 
    0x18, 0x00, 
    0x0C, 0x00, 
    0x04, 0x00, 
    0x04, 0x00, 
    0x38, 0x00, 
    0x00, 0x00, 
    0x00, 0x00, 
    // '4' (ASCII 52)
    0x00, 0x00, 
    0x00, 0x00, 
    0x10, 0x00, 
    0x10, 0x00, 
    0x30, 0x00, 
    0x20, 0x00, 
    0x28, 0x00, 
    0x38, 0x00, 
    0x38, 0x00, 
    0x08, 0x00, 
    0x00, 0x00, 
    0x00, 0x00, 
    // '5' (ASCII 53)
    0x00, 0x00, 
    0x00, 0x00, 
    0x3C, 0x00, 
    0x20, 0x00, 
    0x20, 0x00, 
    0x38, 0x00, 
    0x24, 0x00, 
    0x04, 0x00, 
    0x24, 0x00, 
    0x38, 0x00, 
    0x00, 0x00, 
    0x00, 0x00, 
    // '6' (ASCII 54)
    0x00, 0x00, 
    0x00, 0x00, 
    0x38, 0x00, 
    0x2C, 0x00, 
    0x20, 0x00, 
    0x38, 0x00, 
    0x2C, 0x00, 
    0x24, 0x00, 
    0x24, 0x00, 
    0x38, 0x00, 
    0x00, 0x00, 
    0x00, 0x00, 
    // '7' (ASCII 55)
    0x00, 0x00, 
    0x00, 0x00, 
    0x3C, 0x00, 
    0x2C, 0x00, 
    0x08, 0x00, 
    0x08, 0x00, 
    0x08, 0x00, 
    0x18, 0x00, 
    0x10, 0x00, 
    0x10, 0x00, 
    0x00, 0x00, 
    0x00, 0x00, 
    // '8' (ASCII 56)
    0x00, 0x00, 
    0x00, 0x00, 
    0x38, 0x00, 
    0x2C, 0x00, 
    0x24, 0x00, 
    0x3C, 0x00, 
    0x38, 0x00, 
    0x24, 0x00, 
    0x24, 0x00, 
    0x38, 0x00, 
    0x00, 0x00, 
    0x00, 0x00, 
    // '9' (ASCII 57)
    0x00, 0x00, 
    0x00, 0x00, 
    0x38, 0x00, 
    0x2C, 0x00, 
    0x24, 0x00, 
    0x2C, 0x00, 
    0x3C, 0x00, 
    0x04, 0x00, 
    0x24, 0x00, 
    0x38, 0x00, 
    0x00, 0x00, 
    0x00, 0x00, 
    // ':' (ASCII 58)
    0x00, 0x00, 
    0x00, 0x00, 
    0x00, 0x00, 
    0x00, 0x00, 
    0x00, 0x00, 
    0x00, 0x00, 
    0x00, 0x00, 
    0x00, 0x00, 
    0x20, 0x00, 
    0x00, 0x00, 
    0x00, 0x00, 
    0x00, 0x00, 
    // ';' (ASCII 59)
    0x00, 0x00, 
    0x00, 0x00, 
    0x00, 0x00, 
    0x00, 0x00, 
    0x00, 0x00, 
    0x00, 0x00, 
    0x00, 0x00, 
    0x00, 0x00, 
    0x20, 0x00, 
    0x00, 0x00, 
    0x00, 0x00, 
    0x00, 0x00, 
    // '<' (ASCII 60)
    0x00, 0x00, 
    0x00, 0x00, 
    0x00, 0x00, 
    0x00, 0x00, 
    0x08, 0x00, 
    0x10, 0x00, 
    0x30, 0x00, 
    0x18, 0x00, 
    0x00, 0x00, 
    0x00, 0x00, 
    0x00, 0x00, 
    0x00, 0x00, 
    // '=' (ASCII 61)
    0x00, 0x00, 
    0x00, 0x00, 
    0x00, 0x00, 
    0x00, 0x00, 
    0x00, 0x00, 
    0x00, 0x00, 
    0x3C, 0x00, 
    0x00, 0x00, 
    0x3C, 0x00, 
    0x00, 0x00, 
    0x00, 0x00, 
    0x00, 0x00, 
    // '>' (ASCII 62)
    0x00, 0x00, 
    0x00, 0x00, 
    0x00, 0x00, 
    0x00, 0x00, 
    0x30, 0x00, 
    0x18, 0x00, 
    0x08, 0x00, 
    0x10, 0x00, 
    0x00, 0x00, 
    0x00, 0x00, 
    0x00, 0x00, 
    0x00, 0x00, 
    // '?' (ASCII 63)
    0x00, 0x00, 
    0x00, 0x00, 
    0x38, 0x00, 
    0x24, 0x00, 
    0x0C, 0x00, 
    0x08, 0x00, 
    0x10, 0x00, 
    0x10, 0x00, 
    0x10, 0x00, 
    0x10, 0x00, 
    0x00, 0x00, 
    0x00, 0x00, 
    // '@' (ASCII 64)
    0x00, 0x00, 
    0x00, 0x00, 
    0x0E, 0x00, 
    0x13, 0x00, 
    0x25, 0x80, 
    0x2E, 0x80, 
    0x6A, 0x80, 
    0x2A, 0x80, 
    0x6A, 0x80, 
    0x2F, 0x80, 
    0x20, 0x00, 
    0x1F, 0x00, 
    // 'A' (ASCII 65)
    0x00, 0x00, 
    0x00, 0x00, 
    0x10, 0x00, 
    0x18, 0x00, 
    0x18, 0x00, 
    0x38, 0x00, 
    0x28, 0x00, 
    0x38, 0x00, 
    0x38, 0x00, 
    0x24, 0x00, 
    0x00, 0x00, 
    0x00, 0x00, 
    // 'B' (ASCII 66)
    0x00, 0x00, 
    0x00, 0x00, 
    0x38, 0x00, 
    0x2C, 0x00, 
    0x2C, 0x00, 
    0x38, 0x00, 
    0x28, 0x00, 
    0x24, 0x00, 
    0x2C, 0x00, 
    0x38, 0x00, 
    0x00, 0x00, 
    0x00, 0x00, 
    // 'C' (ASCII 67)
    0x00, 0x00, 
    0x00, 0x00, 
    0x38, 0x00, 
    0x24, 0x00, 
    0x20, 0x00, 
    0x20, 0x00, 
    0x20, 0x00, 
    0x20, 0x00, 
    0x24, 0x00, 
    0x38, 0x00, 
    0x00, 0x00, 
    0x00, 0x00, 
    // 'D' (ASCII 68)
    0x00, 0x00, 
    0x00, 0x00, 
    0x38, 0x00, 
    0x2C, 0x00, 
    0x24, 0x00, 
    0x24, 0x00, 
    0x24, 0x00, 
    0x24, 0x00, 
    0x24, 0x00, 
    0x38, 0x00, 
    0x00, 0x00, 
    0x00, 0x00, 
    // 'E' (ASCII 69)
    0x00, 0x00, 
    0x00, 0x00, 
    0x3C, 0x00, 
    0x20, 0x00, 
    0x20, 0x00, 
    0x30, 0x00, 
    0x30, 0x00, 
    0x20, 0x00, 
    0x20, 0x00, 
    0x3C, 0x00, 
    0x00, 0x00, 
    0x00, 0x00, 
    // 'F' (ASCII 70)
    0x00, 0x00, 
    0x00, 0x00, 
    0x3C, 0x00, 
    0x20, 0x00, 
    0x20, 0x00, 
    0x30, 0x00, 
    0x30, 0x00, 
    0x20, 0x00, 
    0x20, 0x00, 
    0x20, 0x00, 
    0x00, 0x00, 
    0x00, 0x00, 
    // 'G' (ASCII 71)
    0x00, 0x00, 
    0x00, 0x00, 
    0x38, 0x00, 
    0x24, 0x00, 
    0x20, 0x00, 
    0x20, 0x00, 
    0x2C, 0x00, 
    0x24, 0x00, 
    0x24, 0x00, 
    0x3C, 0x00, 
    0x00, 0x00, 
    0x00, 0x00, 
    // 'H' (ASCII 72)
    0x00, 0x00, 
    0x00, 0x00, 
    0x24, 0x00, 
    0x24, 0x00, 
    0x24, 0x00, 
    0x3C, 0x00, 
    0x3C, 0x00, 
    0x24, 0x00, 
    0x24, 0x00, 
    0x24, 0x00, 
    0x00, 0x00, 
    0x00, 0x00, 
    // 'I' (ASCII 73)
    0x00, 0x00, 
    0x00, 0x00, 
    0x20, 0x00, 
    0x20, 0x00, 
    0x20, 0x00, 
    0x20, 0x00, 
    0x20, 0x00, 
    0x20, 0x00, 
    0x20, 0x00, 
    0x20, 0x00, 
    0x00, 0x00, 
    0x00, 0x00, 
    // 'J' (ASCII 74)
    0x00, 0x00, 
    0x00, 0x00, 
    0x04, 0x00, 
    0x04, 0x00, 
    0x04, 0x00, 
    0x04, 0x00, 
    0x04, 0x00, 
    0x04, 0x00, 
    0x24, 0x00, 
    0x38, 0x00, 
    0x00, 0x00, 
    0x00, 0x00, 
    // 'K' (ASCII 75)
    0x00, 0x00, 
    0x00, 0x00, 
    0x28, 0x00, 
    0x28, 0x00, 
    0x30, 0x00, 
    0x30, 0x00, 
    0x30, 0x00, 
    0x30, 0x00, 
    0x28, 0x00, 
    0x28, 0x00, 
    0x00, 0x00, 
    0x00, 0x00, 
    // 'L' (ASCII 76)
    0x00, 0x00, 
    0x00, 0x00, 
    0x20, 0x00, 
    0x20, 0x00, 
    0x20, 0x00, 
    0x20, 0x00, 
    0x20, 0x00, 
    0x20, 0x00, 
    0x20, 0x00, 
    0x3C, 0x00, 
    0x00, 0x00, 
    0x00, 0x00, 
    // 'M' (ASCII 77)
    0x00, 0x00, 
    0x00, 0x00, 
    0x2C, 0x00, 
    0x2C, 0x00, 
    0x3C, 0x00, 
    0x3C, 0x00, 
    0x3C, 0x00, 
    0x24, 0x00, 
    0x24, 0x00, 
    0x24, 0x00, 
    0x00, 0x00, 
    0x00, 0x00, 
    // 'N' (ASCII 78)
    0x00, 0x00, 
    0x00, 0x00, 
    0x24, 0x00, 
    0x24, 0x00, 
    0x34, 0x00, 
    0x34, 0x00, 
    0x3C, 0x00, 
    0x2C, 0x00, 
    0x2C, 0x00, 
    0x2C, 0x00, 
    0x00, 0x00, 
    0x00, 0x00, 
    // 'O' (ASCII 79)
    0x00, 0x00, 
    0x00, 0x00, 
    0x38, 0x00, 
    0x2C, 0x00, 
    0x24, 0x00, 
    0x24, 0x00, 
    0x24, 0x00, 
    0x24, 0x00, 
    0x24, 0x00, 
    0x38, 0x00, 
    0x00, 0x00, 
    0x00, 0x00, 
    // 'P' (ASCII 80)
    0x00, 0x00, 
    0x00, 0x00, 
    0x38, 0x00, 
    0x2C, 0x00, 
    0x24, 0x00, 
    0x2C, 0x00, 
    0x38, 0x00, 
    0x20, 0x00, 
    0x20, 0x00, 
    0x20, 0x00, 
    0x00, 0x00, 
    0x00, 0x00, 
    // 'Q' (ASCII 81)
    0x00, 0x00, 
    0x00, 0x00, 
    0x38, 0x00, 
    0x2C, 0x00, 
    0x24, 0x00, 
    0x24, 0x00, 
    0x24, 0x00, 
    0x24, 0x00, 
    0x24, 0x00, 
    0x3C, 0x00, 
    0x00, 0x00, 
    0x00, 0x00, 
    // 'R' (ASCII 82)
    0x00, 0x00, 
    0x00, 0x00, 
    0x38, 0x00, 
    0x2C, 0x00, 
    0x24, 0x00, 
    0x2C, 0x00, 
    0x38, 0x00, 
    0x28, 0x00, 
    0x28, 0x00, 
    0x2C, 0x00, 
    0x00, 0x00, 
    0x00, 0x00, 
    // 'S' (ASCII 83)
    0x00, 0x00, 
    0x00, 0x00, 
    0x38, 0x00, 
    0x24, 0x00, 
    0x20, 0x00, 
    0x30, 0x00, 
    0x18, 0x00, 
    0x0C, 0x00, 
    0x24, 0x00, 
    0x38, 0x00, 
    0x00, 0x00, 
    0x00, 0x00, 
    // 'T' (ASCII 84)
    0x00, 0x00, 
    0x00, 0x00, 
    0x3C, 0x00, 
    0x10, 0x00, 
    0x10, 0x00, 
    0x10, 0x00, 
    0x10, 0x00, 
    0x10, 0x00, 
    0x10, 0x00, 
    0x10, 0x00, 
    0x00, 0x00, 
    0x00, 0x00, 
    // 'U' (ASCII 85)
    0x00, 0x00, 
    0x00, 0x00, 
    0x24, 0x00, 
    0x24, 0x00, 
    0x24, 0x00, 
    0x24, 0x00, 
    0x24, 0x00, 
    0x24, 0x00, 
    0x24, 0x00, 
    0x38, 0x00, 
    0x00, 0x00, 
    0x00, 0x00, 
    // 'V' (ASCII 86)
    0x00, 0x00, 
    0x00, 0x00, 
    0x24, 0x00, 
    0x2C, 0x00, 
    0x28, 0x00, 
    0x28, 0x00, 
    0x38, 0x00, 
    0x18, 0x00, 
    0x18, 0x00, 
    0x10, 0x00, 
    0x00, 0x00, 
    0x00, 0x00, 
    // 'W' (ASCII 87)
    0x00, 0x00, 
    0x00, 0x00, 
    0x24, 0x00, 
    0x24, 0x00, 
    0x24, 0x00, 
    0x2C, 0x00, 
    0x3C, 0x00, 
    0x38, 0x00, 
    0x38, 0x00, 
    0x28, 0x00, 
    0x00, 0x00, 
    0x00, 0x00, 
    // 'X' (ASCII 88)
    0x00, 0x00, 
    0x00, 0x00, 
    0x2C, 0x00, 
    0x28, 0x00, 
    0x38, 0x00, 
    0x18, 0x00, 
    0x18, 0x00, 
    0x38, 0x00, 
    0x28, 0x00, 
    0x2C, 0x00, 
    0x00, 0x00, 
    0x00, 0x00, 
    // 'Y' (ASCII 89)
    0x00, 0x00, 
    0x00, 0x00, 
    0x2C, 0x00, 
    0x28, 0x00, 
    0x38, 0x00, 
    0x10, 0x00, 
    0x10, 0x00, 
    0x10, 0x00, 
    0x20, 0x00, 
    0x20, 0x00, 
    0x00, 0x00, 
    0x00, 0x00, 
    // 'Z' (ASCII 90)
    0x00, 0x00, 
    0x00, 0x00, 
    0x3C, 0x00, 
    0x0C, 0x00, 
    0x08, 0x00, 
    0x18, 0x00, 
    0x10, 0x00, 
    0x30, 0x00, 
    0x20, 0x00, 
    0x3C, 0x00, 
    0x00, 0x00, 
    0x00, 0x00, 
    // '[' (ASCII 91)
    0x00, 0x00, 
    0x00, 0x00, 
    0x18, 0x00, 
    0x30, 0x00, 
    0x30, 0x00, 
    0x30, 0x00, 
    0x30, 0x00, 
    0x30, 0x00, 
    0x30, 0x00, 
    0x38, 0x00, 
    0x00, 0x00, 
    0x00, 0x00, 
    // '\' (ASCII 92)
    0x00, 0x00, 
    0x00, 0x00, 
    0x20, 0x00, 
    0x20, 0x00, 
    0x10, 0x00, 
    0x10, 0x00, 
    0x18, 0x00, 
    0x08, 0x00, 
    0x08, 0x00, 
    0x0C, 0x00, 
    0x00, 0x00, 
    0x00, 0x00, 
    // ']' (ASCII 93)
    0x00, 0x00, 
    0x00, 0x00, 
    0x18, 0x00, 
    0x08, 0x00, 
    0x08, 0x00, 
    0x08, 0x00, 
    0x08, 0x00, 
    0x08, 0x00, 
    0x08, 0x00, 
    0x18, 0x00, 
    0x00, 0x00, 
    0x00, 0x00, 
    // '^' (ASCII 94)
    0x18, 0x00, 
    0x00, 0x00, 
    0x00, 0x00, 
    0x00, 0x00, 
    0x00, 0x00, 
    0x00, 0x00, 
    0x00, 0x00, 
    0x00, 0x00, 
    0x00, 0x00, 
    0x00, 0x00, 
    0x00, 0x00, 
    0x00, 0x00, 
    // '_' (ASCII 95)
    0x00, 0x00, 
    0x00, 0x00, 
    0x00, 0x00, 
    0x00, 0x00, 
    0x00, 0x00, 
    0x00, 0x00, 
    0x00, 0x00, 
    0x00, 0x00, 
    0x00, 0x00, 
    0x00, 0x00, 
    0x7C, 0x00, 
    0x00, 0x00, 
    // '`' (ASCII 96)
    0x00, 0x00, 
    0x10, 0x00, 
    0x00, 0x00, 
    0x00, 0x00, 
    0x00, 0x00, 
    0x00, 0x00, 
    0x00, 0x00, 
    0x00, 0x00, 
    0x00, 0x00, 
    0x00, 0x00, 
    0x00, 0x00, 
    0x00, 0x00, 
    // 'a' (ASCII 97)
    0x00, 0x00, 
    0x00, 0x00, 
    0x00, 0x00, 
    0x00, 0x00, 
    0x38, 0x00, 
    0x24, 0x00, 
    0x1C, 0x00, 
    0x3C, 0x00, 
    0x24, 0x00, 
    0x3C, 0x00, 
    0x00, 0x00, 
    0x00, 0x00, 
    // 'b' (ASCII 98)
    0x00, 0x00, 
    0x00, 0x00, 
    0x60, 0x00, 
    0x20, 0x00, 
    0x38, 0x00, 
    0x2C, 0x00, 
    0x24, 0x00, 
    0x24, 0x00, 
    0x24, 0x00, 
    0x38, 0x00, 
    0x00, 0x00, 
    0x00, 0x00, 
    // 'c' (ASCII 99)
    0x00, 0x00, 
    0x00, 0x00, 
    0x00, 0x00, 
    0x00, 0x00, 
    0x38, 0x00, 
    0x2C, 0x00, 
    0x20, 0x00, 
    0x20, 0x00, 
    0x24, 0x00, 
    0x38, 0x00, 
    0x00, 0x00, 
    0x00, 0x00, 
    // 'd' (ASCII 100)
    0x00, 0x00, 
    0x00, 0x00, 
    0x04, 0x00, 
    0x04, 0x00, 
    0x3C, 0x00, 
    0x2C, 0x00, 
    0x24, 0x00, 
    0x24, 0x00, 
    0x24, 0x00, 
    0x3C, 0x00, 
    0x00, 0x00, 
    0x00, 0x00, 
    // 'e' (ASCII 101)
    0x00, 0x00, 
    0x00, 0x00, 
    0x00, 0x00, 
    0x00, 0x00, 
    0x38, 0x00, 
    0x24, 0x00, 
    0x3C, 0x00, 
    0x38, 0x00, 
    0x20, 0x00, 
    0x38, 0x00, 
    0x00, 0x00, 
    0x00, 0x00, 
    // 'f' (ASCII 102)
    0x00, 0x00, 
    0x00, 0x00, 
    0x1C, 0x00, 
    0x10, 0x00, 
    0x30, 0x00, 
    0x38, 0x00, 
    0x10, 0x00, 
    0x10, 0x00, 
    0x10, 0x00, 
    0x10, 0x00, 
    0x00, 0x00, 
    0x00, 0x00, 
    // 'g' (ASCII 103)
    0x00, 0x00, 
    0x00, 0x00, 
    0x00, 0x00, 
    0x00, 0x00, 
    0x3C, 0x00, 
    0x24, 0x00, 
    0x2C, 0x00, 
    0x38, 0x00, 
    0x20, 0x00, 
    0x38, 0x00, 
    0x2C, 0x00, 
    0x3C, 0x00, 
    // 'h' (ASCII 104)
    0x00, 0x00, 
    0x00, 0x00, 
    0x60, 0x00, 
    0x20, 0x00, 
    0x38, 0x00, 
    0x2C, 0x00, 
    0x24, 0x00, 
    0x24, 0x00, 
    0x24, 0x00, 
    0x64, 0x00, 
    0x00, 0x00, 
    0x00, 0x00, 
    // 'i' (ASCII 105)
    0x00, 0x00, 
    0x00, 0x00, 
    0x20, 0x00, 
    0x00, 0x00, 
    0x20, 0x00, 
    0x20, 0x00, 
    0x20, 0x00, 
    0x20, 0x00, 
    0x20, 0x00, 
    0x20, 0x00, 
    0x00, 0x00, 
    0x00, 0x00, 
    // 'j' (ASCII 106)
    0x00, 0x00, 
    0x00, 0x00, 
    0x08, 0x00, 
    0x00, 0x00, 
    0x08, 0x00, 
    0x08, 0x00, 
    0x08, 0x00, 
    0x08, 0x00, 
    0x08, 0x00, 
    0x08, 0x00, 
    0x08, 0x00, 
    0x38, 0x00, 
    // 'k' (ASCII 107)
    0x00, 0x00, 
    0x00, 0x00, 
    0x60, 0x00, 
    0x20, 0x00, 
    0x2C, 0x00, 
    0x28, 0x00, 
    0x30, 0x00, 
    0x30, 0x00, 
    0x38, 0x00, 
    0x68, 0x00, 
    0x00, 0x00, 
    0x00, 0x00, 
    // 'l' (ASCII 108)
    0x00, 0x00, 
    0x00, 0x00, 
    0x60, 0x00, 
    0x20, 0x00, 
    0x20, 0x00, 
    0x20, 0x00, 
    0x20, 0x00, 
    0x20, 0x00, 
    0x20, 0x00, 
    0x30, 0x00, 
    0x00, 0x00, 
    0x00, 0x00, 
    // 'm' (ASCII 109)
    0x00, 0x00, 
    0x00, 0x00, 
    0x00, 0x00, 
    0x00, 0x00, 
    0x3F, 0x00, 
    0x2C, 0x80, 
    0x24, 0x80, 
    0x24, 0x80, 
    0x24, 0x80, 
    0x64, 0x80, 
    0x00, 0x00, 
    0x00, 0x00, 
    // 'n' (ASCII 110)
    0x00, 0x00, 
    0x00, 0x00, 
    0x00, 0x00, 
    0x00, 0x00, 
    0x38, 0x00, 
    0x2C, 0x00, 
    0x24, 0x00, 
    0x24, 0x00, 
    0x24, 0x00, 
    0x64, 0x00, 
    0x00, 0x00, 
    0x00, 0x00, 
    // 'o' (ASCII 111)
    0x00, 0x00, 
    0x00, 0x00, 
    0x00, 0x00, 
    0x00, 0x00, 
    0x38, 0x00, 
    0x2C, 0x00, 
    0x24, 0x00, 
    0x24, 0x00, 
    0x24, 0x00, 
    0x38, 0x00, 
    0x00, 0x00, 
    0x00, 0x00, 
    // 'p' (ASCII 112)
    0x00, 0x00, 
    0x00, 0x00, 
    0x00, 0x00, 
    0x00, 0x00, 
    0x38, 0x00, 
    0x2C, 0x00, 
    0x24, 0x00, 
    0x24, 0x00, 
    0x24, 0x00, 
    0x38, 0x00, 
    0x20, 0x00, 
    0x20, 0x00, 
    // 'q' (ASCII 113)
    0x00, 0x00, 
    0x00, 0x00, 
    0x00, 0x00, 
    0x00, 0x00, 
    0x3C, 0x00, 
    0x2C, 0x00, 
    0x24, 0x00, 
    0x24, 0x00, 
    0x24, 0x00, 
    0x3C, 0x00, 
    0x04, 0x00, 
    0x04, 0x00, 
    // 'r' (ASCII 114)
    0x00, 0x00, 
    0x00, 0x00, 
    0x00, 0x00, 
    0x00, 0x00, 
    0x38, 0x00, 
    0x20, 0x00, 
    0x60, 0x00, 
    0x60, 0x00, 
    0x60, 0x00, 
    0x60, 0x00, 
    0x00, 0x00, 
    0x00, 0x00, 
    // 's' (ASCII 115)
    0x00, 0x00, 
    0x00, 0x00, 
    0x00, 0x00, 
    0x00, 0x00, 
    0x38, 0x00, 
    0x28, 0x00, 
    0x30, 0x00, 
    0x18, 0x00, 
    0x28, 0x00, 
    0x38, 0x00, 
    0x00, 0x00, 
    0x00, 0x00, 
    // 't' (ASCII 116)
    0x00, 0x00, 
    0x00, 0x00, 
    0x20, 0x00, 
    0x20, 0x00, 
    0x70, 0x00, 
    0x20, 0x00, 
    0x20, 0x00, 
    0x20, 0x00, 
    0x20, 0x00, 
    0x30, 0x00, 
    0x00, 0x00, 
    0x00, 0x00, 
    // 'u' (ASCII 117)
    0x00, 0x00, 
    0x00, 0x00, 
    0x00, 0x00, 
    0x00, 0x00, 
    0x24, 0x00, 
    0x24, 0x00, 
    0x24, 0x00, 
    0x24, 0x00, 
    0x24, 0x00, 
    0x3C, 0x00, 
    0x00, 0x00, 
    0x00, 0x00, 
    // 'v' (ASCII 118)
    0x00, 0x00, 
    0x00, 0x00, 
    0x00, 0x00, 
    0x00, 0x00, 
    0x24, 0x00, 
    0x2C, 0x00, 
    0x28, 0x00, 
    0x28, 0x00, 
    0x38, 0x00, 
    0x18, 0x00, 
    0x00, 0x00, 
    0x00, 0x00, 
    // 'w' (ASCII 119)
    0x00, 0x00, 
    0x00, 0x00, 
    0x00, 0x00, 
    0x00, 0x00, 
    0x24, 0x80, 
    0x2C, 0x80, 
    0x2D, 0x80, 
    0x2F, 0x00, 
    0x3B, 0x00, 
    0x1B, 0x00, 
    0x00, 0x00, 
    0x00, 0x00, 
    // 'x' (ASCII 120)
    0x00, 0x00, 
    0x00, 0x00, 
    0x00, 0x00, 
    0x00, 0x00, 
    0x2C, 0x00, 
    0x38, 0x00, 
    0x10, 0x00, 
    0x10, 0x00, 
    0x38, 0x00, 
    0x2C, 0x00, 
    0x00, 0x00, 
    0x00, 0x00, 
    // 'y' (ASCII 121)
    0x00, 0x00, 
    0x00, 0x00, 
    0x00, 0x00, 
    0x00, 0x00, 
    0x24, 0x00, 
    0x2C, 0x00, 
    0x38, 0x00, 
    0x18, 0x00, 
    0x18, 0x00, 
    0x18, 0x00, 
    0x18, 0x00, 
    0x30, 0x00, 
    // 'z' (ASCII 122)
    0x00, 0x00, 
    0x00, 0x00, 
    0x00, 0x00, 
    0x00, 0x00, 
    0x3C, 0x00, 
    0x08, 0x00, 
    0x18, 0x00, 
    0x10, 0x00, 
    0x20, 0x00, 
    0x3C, 0x00, 
    0x00, 0x00, 
    0x00, 0x00, 
    // '{' (ASCII 123)
    0x00, 0x00, 
    0x00, 0x00, 
    0x08, 0x00, 
    0x10, 0x00, 
    0x10, 0x00, 
    0x10, 0x00, 
    0x30, 0x00, 
    0x10, 0x00, 
    0x10, 0x00, 
    0x10, 0x00, 
    0x08, 0x00, 
    0x00, 0x00, 
    // '|' (ASCII 124)
    0x00, 0x00, 
    0x10, 0x00, 
    0x10, 0x00, 
    0x10, 0x00, 
    0x10, 0x00, 
    0x10, 0x00, 
    0x10, 0x00, 
    0x10, 0x00, 
    0x10, 0x00, 
    0x10, 0x00, 
    0x10, 0x00, 
    0x00, 0x00, 
    // '}' (ASCII 125)
    0x00, 0x00, 
    0x00, 0x00, 
    0x30, 0x00, 
    0x10, 0x00, 
    0x10, 0x00, 
    0x10, 0x00, 
    0x08, 0x00, 
    0x10, 0x00, 
    0x10, 0x00, 
    0x10, 0x00, 
    0x30, 0x00, 
    0x00, 0x00, 
    // '~' (ASCII 126)
    0x00, 0x00, 
    0x00, 0x00, 
    0x00, 0x00, 
    0x00, 0x00, 
    0x00, 0x00, 
    0x00, 0x00, 
    0x28, 0x00, 
    0x3C, 0x00, 
    0x00, 0x00, 
    0x00, 0x00, 
    0x00, 0x00, 
    0x00, 0x00, 
};

sFONT Font_Logisoso_12 = {
  Font_Logisoso_12_Table,
  11, // Width
  12  // Height
};

// @13x16 pixel layout for Logisoso
const uint8_t Font_Logisoso_16_Table[] = {
    // ' ' (ASCII 32)
    0x00, 0x00, 
    0x00, 0x00, 
    0x00, 0x00, 
    0x00, 0x00, 
    0x00, 0x00, 
    0x00, 0x00, 
    0x00, 0x00, 
    0x00, 0x00, 
    0x00, 0x00, 
    0x00, 0x00, 
    0x00, 0x00, 
    0x00, 0x00, 
    0x00, 0x00, 
    0x00, 0x00, 
    0x00, 0x00, 
    0x00, 0x00, 
    // '!' (ASCII 33)
    0x00, 0x00, 
    0x00, 0x00, 
    0x00, 0x00, 
    0x30, 0x00, 
    0x30, 0x00, 
    0x30, 0x00, 
    0x30, 0x00, 
    0x30, 0x00, 
    0x30, 0x00, 
    0x30, 0x00, 
    0x30, 0x00, 
    0x00, 0x00, 
    0x00, 0x00, 
    0x10, 0x00, 
    0x00, 0x00, 
    0x00, 0x00, 
    // '"' (ASCII 34)
    0x00, 0x00, 
    0x00, 0x00, 
    0x00, 0x00, 
    0x1C, 0x00, 
    0x00, 0x00, 
    0x00, 0x00, 
    0x00, 0x00, 
    0x00, 0x00, 
    0x00, 0x00, 
    0x00, 0x00, 
    0x00, 0x00, 
    0x00, 0x00, 
    0x00, 0x00, 
    0x00, 0x00, 
    0x00, 0x00, 
    0x00, 0x00, 
    // '#' (ASCII 35)
    0x00, 0x00, 
    0x00, 0x00, 
    0x00, 0x00, 
    0x1A, 0x00, 
    0x1A, 0x00, 
    0x1A, 0x00, 
    0x3E, 0x00, 
    0x3E, 0x00, 
    0x16, 0x00, 
    0x3E, 0x00, 
    0x34, 0x00, 
    0x34, 0x00, 
    0x3C, 0x00, 
    0x2C, 0x00, 
    0x00, 0x00, 
    0x00, 0x00, 
    // '$' (ASCII 36)
    0x00, 0x00, 
    0x08, 0x00, 
    0x08, 0x00, 
    0x1E, 0x00, 
    0x32, 0x00, 
    0x20, 0x00, 
    0x30, 0x00, 
    0x18, 0x00, 
    0x0C, 0x00, 
    0x06, 0x00, 
    0x02, 0x00, 
    0x22, 0x00, 
    0x3E, 0x00, 
    0x1C, 0x00, 
    0x08, 0x00, 
    0x00, 0x00, 
    // '%' (ASCII 37)
    0x00, 0x00, 
    0x00, 0x00, 
    0x00, 0x00, 
    0x32, 0x00, 
    0x36, 0x00, 
    0x04, 0x00, 
    0x0C, 0x00, 
    0x0C, 0x00, 
    0x08, 0x00, 
    0x18, 0x00, 
    0x10, 0x00, 
    0x16, 0x00, 
    0x36, 0x00, 
    0x26, 0x00, 
    0x00, 0x00, 
    0x00, 0x00, 
    // '&' (ASCII 38)
    0x00, 0x00, 
    0x00, 0x00, 
    0x08, 0x00, 
    0x1E, 0x00, 
    0x32, 0x00, 
    0x30, 0x00, 
    0x10, 0x00, 
    0x38, 0x00, 
    0x38, 0x00, 
    0x2E, 0x00, 
    0x2E, 0x00, 
    0x26, 0x00, 
    0x3E, 0x00, 
    0x1E, 0x00, 
    0x00, 0x00, 
    0x00, 0x00, 
    // ''' (ASCII 39)
    0x00, 0x00, 
    0x00, 0x00, 
    0x00, 0x00, 
    0x30, 0x00, 
    0x00, 0x00, 
    0x00, 0x00, 
    0x00, 0x00, 
    0x00, 0x00, 
    0x00, 0x00, 
    0x00, 0x00, 
    0x00, 0x00, 
    0x00, 0x00, 
    0x00, 0x00, 
    0x00, 0x00, 
    0x00, 0x00, 
    0x00, 0x00, 
    // '(' (ASCII 40)
    0x00, 0x00, 
    0x00, 0x00, 
    0x00, 0x00, 
    0x0C, 0x00, 
    0x08, 0x00, 
    0x18, 0x00, 
    0x18, 0x00, 
    0x18, 0x00, 
    0x10, 0x00, 
    0x18, 0x00, 
    0x18, 0x00, 
    0x08, 0x00, 
    0x0C, 0x00, 
    0x00, 0x00, 
    0x00, 0x00, 
    0x00, 0x00, 
    // ')' (ASCII 41)
    0x00, 0x00, 
    0x00, 0x00, 
    0x00, 0x00, 
    0x18, 0x00, 
    0x08, 0x00, 
    0x0C, 0x00, 
    0x04, 0x00, 
    0x04, 0x00, 
    0x04, 0x00, 
    0x04, 0x00, 
    0x0C, 0x00, 
    0x0C, 0x00, 
    0x08, 0x00, 
    0x00, 0x00, 
    0x00, 0x00, 
    0x00, 0x00, 
    // '*' (ASCII 42)
    0x00, 0x00, 
    0x08, 0x00, 
    0x3E, 0x00, 
    0x1C, 0x00, 
    0x3E, 0x00, 
    0x08, 0x00, 
    0x00, 0x00, 
    0x00, 0x00, 
    0x00, 0x00, 
    0x00, 0x00, 
    0x00, 0x00, 
    0x00, 0x00, 
    0x00, 0x00, 
    0x00, 0x00, 
    0x00, 0x00, 
    0x00, 0x00, 
    // '+' (ASCII 43)
    0x00, 0x00, 
    0x00, 0x00, 
    0x00, 0x00, 
    0x00, 0x00, 
    0x00, 0x00, 
    0x00, 0x00, 
    0x00, 0x00, 
    0x08, 0x00, 
    0x08, 0x00, 
    0x3E, 0x00, 
    0x08, 0x00, 
    0x08, 0x00, 
    0x00, 0x00, 
    0x00, 0x00, 
    0x00, 0x00, 
    0x00, 0x00, 
    // ',' (ASCII 44)
    0x00, 0x00, 
    0x00, 0x00, 
    0x00, 0x00, 
    0x00, 0x00, 
    0x00, 0x00, 
    0x00, 0x00, 
    0x00, 0x00, 
    0x00, 0x00, 
    0x00, 0x00, 
    0x00, 0x00, 
    0x00, 0x00, 
    0x00, 0x00, 
    0x00, 0x00, 
    0x10, 0x00, 
    0x00, 0x00, 
    0x00, 0x00, 
    // '-' (ASCII 45)
    0x00, 0x00, 
    0x00, 0x00, 
    0x00, 0x00, 
    0x00, 0x00, 
    0x00, 0x00, 
    0x00, 0x00, 
    0x00, 0x00, 
    0x00, 0x00, 
    0x00, 0x00, 
    0x3E, 0x00, 
    0x00, 0x00, 
    0x00, 0x00, 
    0x00, 0x00, 
    0x00, 0x00, 
    0x00, 0x00, 
    0x00, 0x00, 
    // '.' (ASCII 46)
    0x00, 0x00, 
    0x00, 0x00, 
    0x00, 0x00, 
    0x00, 0x00, 
    0x00, 0x00, 
    0x00, 0x00, 
    0x00, 0x00, 
    0x00, 0x00, 
    0x00, 0x00, 
    0x00, 0x00, 
    0x00, 0x00, 
    0x00, 0x00, 
    0x00, 0x00, 
    0x10, 0x00, 
    0x00, 0x00, 
    0x00, 0x00, 
    // '/' (ASCII 47)
    0x00, 0x00, 
    0x00, 0x00, 
    0x00, 0x00, 
    0x06, 0x00, 
    0x06, 0x00, 
    0x04, 0x00, 
    0x0C, 0x00, 
    0x0C, 0x00, 
    0x08, 0x00, 
    0x18, 0x00, 
    0x18, 0x00, 
    0x10, 0x00, 
    0x30, 0x00, 
    0x20, 0x00, 
    0x00, 0x00, 
    0x00, 0x00, 
    // '0' (ASCII 48)
    0x00, 0x00, 
    0x00, 0x00, 
    0x00, 0x00, 
    0x1E, 0x00, 
    0x32, 0x00, 
    0x22, 0x00, 
    0x22, 0x00, 
    0x22, 0x00, 
    0x22, 0x00, 
    0x22, 0x00, 
    0x22, 0x00, 
    0x22, 0x00, 
    0x3E, 0x00, 
    0x0C, 0x00, 
    0x00, 0x00, 
    0x00, 0x00, 
    // '1' (ASCII 49)
    0x00, 0x00, 
    0x00, 0x00, 
    0x00, 0x00, 
    0x0C, 0x00, 
    0x1C, 0x00, 
    0x0C, 0x00, 
    0x04, 0x00, 
    0x04, 0x00, 
    0x04, 0x00, 
    0x04, 0x00, 
    0x04, 0x00, 
    0x04, 0x00, 
    0x04, 0x00, 
    0x04, 0x00, 
    0x00, 0x00, 
    0x00, 0x00, 
    // '2' (ASCII 50)
    0x00, 0x00, 
    0x00, 0x00, 
    0x00, 0x00, 
    0x1E, 0x00, 
    0x32, 0x00, 
    0x22, 0x00, 
    0x22, 0x00, 
    0x06, 0x00, 
    0x0C, 0x00, 
    0x08, 0x00, 
    0x18, 0x00, 
    0x30, 0x00, 
    0x3E, 0x00, 
    0x3E, 0x00, 
    0x00, 0x00, 
    0x00, 0x00, 
    // '3' (ASCII 51)
    0x00, 0x00, 
    0x00, 0x00, 
    0x00, 0x00, 
    0x3E, 0x00, 
    0x06, 0x00, 
    0x04, 0x00, 
    0x0C, 0x00, 
    0x0C, 0x00, 
    0x06, 0x00, 
    0x02, 0x00, 
    0x02, 0x00, 
    0x02, 0x00, 
    0x3E, 0x00, 
    0x1C, 0x00, 
    0x00, 0x00, 
    0x00, 0x00, 
    // '4' (ASCII 52)
    0x00, 0x00, 
    0x00, 0x00, 
    0x00, 0x00, 
    0x18, 0x00, 
    0x18, 0x00, 
    0x10, 0x00, 
    0x10, 0x00, 
    0x30, 0x00, 
    0x34, 0x00, 
    0x24, 0x00, 
    0x3E, 0x00, 
    0x3E, 0x00, 
    0x04, 0x00, 
    0x04, 0x00, 
    0x00, 0x00, 
    0x00, 0x00, 
    // '5' (ASCII 53)
    0x00, 0x00, 
    0x00, 0x00, 
    0x00, 0x00, 
    0x3E, 0x00, 
    0x20, 0x00, 
    0x20, 0x00, 
    0x3C, 0x00, 
    0x3E, 0x00, 
    0x22, 0x00, 
    0x02, 0x00, 
    0x02, 0x00, 
    0x22, 0x00, 
    0x3E, 0x00, 
    0x1C, 0x00, 
    0x00, 0x00, 
    0x00, 0x00, 
    // '6' (ASCII 54)
    0x00, 0x00, 
    0x00, 0x00, 
    0x00, 0x00, 
    0x1E, 0x00, 
    0x32, 0x00, 
    0x20, 0x00, 
    0x20, 0x00, 
    0x3C, 0x00, 
    0x36, 0x00, 
    0x22, 0x00, 
    0x22, 0x00, 
    0x22, 0x00, 
    0x3E, 0x00, 
    0x1C, 0x00, 
    0x00, 0x00, 
    0x00, 0x00, 
    // '7' (ASCII 55)
    0x00, 0x00, 
    0x00, 0x00, 
    0x00, 0x00, 
    0x3E, 0x00, 
    0x22, 0x00, 
    0x06, 0x00, 
    0x06, 0x00, 
    0x04, 0x00, 
    0x04, 0x00, 
    0x0C, 0x00, 
    0x0C, 0x00, 
    0x08, 0x00, 
    0x18, 0x00, 
    0x18, 0x00, 
    0x00, 0x00, 
    0x00, 0x00, 
    // '8' (ASCII 56)
    0x00, 0x00, 
    0x00, 0x00, 
    0x00, 0x00, 
    0x1E, 0x00, 
    0x32, 0x00, 
    0x22, 0x00, 
    0x22, 0x00, 
    0x3E, 0x00, 
    0x3E, 0x00, 
    0x32, 0x00, 
    0x22, 0x00, 
    0x22, 0x00, 
    0x3E, 0x00, 
    0x0C, 0x00, 
    0x00, 0x00, 
    0x00, 0x00, 
    // '9' (ASCII 57)
    0x00, 0x00, 
    0x00, 0x00, 
    0x00, 0x00, 
    0x1E, 0x00, 
    0x32, 0x00, 
    0x22, 0x00, 
    0x22, 0x00, 
    0x22, 0x00, 
    0x3E, 0x00, 
    0x0A, 0x00, 
    0x02, 0x00, 
    0x22, 0x00, 
    0x3E, 0x00, 
    0x1C, 0x00, 
    0x00, 0x00, 
    0x00, 0x00, 
    // ':' (ASCII 58)
    0x00, 0x00, 
    0x00, 0x00, 
    0x00, 0x00, 
    0x00, 0x00, 
    0x00, 0x00, 
    0x00, 0x00, 
    0x30, 0x00, 
    0x00, 0x00, 
    0x00, 0x00, 
    0x00, 0x00, 
    0x00, 0x00, 
    0x30, 0x00, 
    0x00, 0x00, 
    0x00, 0x00, 
    0x00, 0x00, 
    0x00, 0x00, 
    // ';' (ASCII 59)
    0x00, 0x00, 
    0x00, 0x00, 
    0x00, 0x00, 
    0x00, 0x00, 
    0x00, 0x00, 
    0x00, 0x00, 
    0x30, 0x00, 
    0x00, 0x00, 
    0x00, 0x00, 
    0x00, 0x00, 
    0x00, 0x00, 
    0x30, 0x00, 
    0x10, 0x00, 
    0x00, 0x00, 
    0x00, 0x00, 
    0x00, 0x00, 
    // '<' (ASCII 60)
    0x00, 0x00, 
    0x00, 0x00, 
    0x00, 0x00, 
    0x00, 0x00, 
    0x00, 0x00, 
    0x00, 0x00, 
    0x0C, 0x00, 
    0x18, 0x00, 
    0x10, 0x00, 
    0x18, 0x00, 
    0x04, 0x00, 
    0x00, 0x00, 
    0x00, 0x00, 
    0x00, 0x00, 
    0x00, 0x00, 
    0x00, 0x00, 
    // '=' (ASCII 61)
    0x00, 0x00, 
    0x00, 0x00, 
    0x00, 0x00, 
    0x00, 0x00, 
    0x00, 0x00, 
    0x00, 0x00, 
    0x00, 0x00, 
    0x00, 0x00, 
    0x3E, 0x00, 
    0x00, 0x00, 
    0x00, 0x00, 
    0x3E, 0x00, 
    0x00, 0x00, 
    0x00, 0x00, 
    0x00, 0x00, 
    0x00, 0x00, 
    // '>' (ASCII 62)
    0x00, 0x00, 
    0x00, 0x00, 
    0x00, 0x00, 
    0x00, 0x00, 
    0x00, 0x00, 
    0x10, 0x00, 
    0x18, 0x00, 
    0x0C, 0x00, 
    0x04, 0x00, 
    0x0C, 0x00, 
    0x18, 0x00, 
    0x00, 0x00, 
    0x00, 0x00, 
    0x00, 0x00, 
    0x00, 0x00, 
    0x00, 0x00, 
    // '?' (ASCII 63)
    0x00, 0x00, 
    0x00, 0x00, 
    0x08, 0x00, 
    0x3E, 0x00, 
    0x22, 0x00, 
    0x02, 0x00, 
    0x06, 0x00, 
    0x0C, 0x00, 
    0x08, 0x00, 
    0x08, 0x00, 
    0x08, 0x00, 
    0x08, 0x00, 
    0x08, 0x00, 
    0x08, 0x00, 
    0x00, 0x00, 
    0x00, 0x00, 
    // '@' (ASCII 64)
    0x00, 0x00, 
    0x00, 0x00, 
    0x00, 0x00, 
    0x07, 0x80, 
    0x1F, 0xC0, 
    0x30, 0x60, 
    0x37, 0xA0, 
    0x27, 0xB0, 
    0x25, 0xB0, 
    0x25, 0xB0, 
    0x25, 0xB0, 
    0x25, 0xB0, 
    0x27, 0xE0, 
    0x33, 0x60, 
    0x18, 0x00, 
    0x0F, 0xC0, 
    // 'A' (ASCII 65)
    0x00, 0x00, 
    0x00, 0x00, 
    0x00, 0x00, 
    0x08, 0x00, 
    0x0C, 0x00, 
    0x1C, 0x00, 
    0x1C, 0x00, 
    0x1C, 0x00, 
    0x14, 0x00, 
    0x16, 0x00, 
    0x3E, 0x00, 
    0x3E, 0x00, 
    0x22, 0x00, 
    0x22, 0x00, 
    0x00, 0x00, 
    0x00, 0x00, 
    // 'B' (ASCII 66)
    0x00, 0x00, 
    0x00, 0x00, 
    0x00, 0x00, 
    0x3C, 0x00, 
    0x26, 0x00, 
    0x22, 0x00, 
    0x26, 0x00, 
    0x3C, 0x00, 
    0x3E, 0x00, 
    0x22, 0x00, 
    0x22, 0x00, 
    0x22, 0x00, 
    0x3E, 0x00, 
    0x38, 0x00, 
    0x00, 0x00, 
    0x00, 0x00, 
    // 'C' (ASCII 67)
    0x00, 0x00, 
    0x00, 0x00, 
    0x00, 0x00, 
    0x1E, 0x00, 
    0x32, 0x00, 
    0x20, 0x00, 
    0x20, 0x00, 
    0x20, 0x00, 
    0x20, 0x00, 
    0x20, 0x00, 
    0x20, 0x00, 
    0x22, 0x00, 
    0x3E, 0x00, 
    0x0C, 0x00, 
    0x00, 0x00, 
    0x00, 0x00, 
    // 'D' (ASCII 68)
    0x00, 0x00, 
    0x00, 0x00, 
    0x00, 0x00, 
    0x3E, 0x00, 
    0x22, 0x00, 
    0x22, 0x00, 
    0x22, 0x00, 
    0x22, 0x00, 
    0x22, 0x00, 
    0x22, 0x00, 
    0x22, 0x00, 
    0x22, 0x00, 
    0x3E, 0x00, 
    0x3C, 0x00, 
    0x00, 0x00, 
    0x00, 0x00, 
    // 'E' (ASCII 69)
    0x00, 0x00, 
    0x00, 0x00, 
    0x00, 0x00, 
    0x3E, 0x00, 
    0x20, 0x00, 
    0x20, 0x00, 
    0x20, 0x00, 
    0x3C, 0x00, 
    0x3C, 0x00, 
    0x20, 0x00, 
    0x20, 0x00, 
    0x20, 0x00, 
    0x3E, 0x00, 
    0x3E, 0x00, 
    0x00, 0x00, 
    0x00, 0x00, 
    // 'F' (ASCII 70)
    0x00, 0x00, 
    0x00, 0x00, 
    0x00, 0x00, 
    0x3E, 0x00, 
    0x20, 0x00, 
    0x20, 0x00, 
    0x20, 0x00, 
    0x3C, 0x00, 
    0x3C, 0x00, 
    0x20, 0x00, 
    0x20, 0x00, 
    0x20, 0x00, 
    0x20, 0x00, 
    0x20, 0x00, 
    0x00, 0x00, 
    0x00, 0x00, 
    // 'G' (ASCII 71)
    0x00, 0x00, 
    0x00, 0x00, 
    0x00, 0x00, 
    0x1E, 0x00, 
    0x32, 0x00, 
    0x20, 0x00, 
    0x20, 0x00, 
    0x20, 0x00, 
    0x26, 0x00, 
    0x22, 0x00, 
    0x22, 0x00, 
    0x22, 0x00, 
    0x3E, 0x00, 
    0x0E, 0x00, 
    0x00, 0x00, 
    0x00, 0x00, 
    // 'H' (ASCII 72)
    0x00, 0x00, 
    0x00, 0x00, 
    0x00, 0x00, 
    0x22, 0x00, 
    0x22, 0x00, 
    0x22, 0x00, 
    0x22, 0x00, 
    0x3E, 0x00, 
    0x3E, 0x00, 
    0x22, 0x00, 
    0x22, 0x00, 
    0x22, 0x00, 
    0x22, 0x00, 
    0x22, 0x00, 
    0x00, 0x00, 
    0x00, 0x00, 
    // 'I' (ASCII 73)
    0x00, 0x00, 
    0x00, 0x00, 
    0x00, 0x00, 
    0x30, 0x00, 
    0x30, 0x00, 
    0x30, 0x00, 
    0x30, 0x00, 
    0x30, 0x00, 
    0x30, 0x00, 
    0x30, 0x00, 
    0x30, 0x00, 
    0x30, 0x00, 
    0x30, 0x00, 
    0x10, 0x00, 
    0x00, 0x00, 
    0x00, 0x00, 
    // 'J' (ASCII 74)
    0x00, 0x00, 
    0x00, 0x00, 
    0x00, 0x00, 
    0x02, 0x00, 
    0x02, 0x00, 
    0x02, 0x00, 
    0x02, 0x00, 
    0x02, 0x00, 
    0x02, 0x00, 
    0x02, 0x00, 
    0x02, 0x00, 
    0x22, 0x00, 
    0x3E, 0x00, 
    0x1C, 0x00, 
    0x00, 0x00, 
    0x00, 0x00, 
    // 'K' (ASCII 75)
    0x00, 0x00, 
    0x00, 0x00, 
    0x00, 0x00, 
    0x26, 0x00, 
    0x24, 0x00, 
    0x2C, 0x00, 
    0x38, 0x00, 
    0x30, 0x00, 
    0x30, 0x00, 
    0x38, 0x00, 
    0x28, 0x00, 
    0x2C, 0x00, 
    0x26, 0x00, 
    0x22, 0x00, 
    0x00, 0x00, 
    0x00, 0x00, 
    // 'L' (ASCII 76)
    0x00, 0x00, 
    0x00, 0x00, 
    0x00, 0x00, 
    0x20, 0x00, 
    0x20, 0x00, 
    0x20, 0x00, 
    0x20, 0x00, 
    0x20, 0x00, 
    0x20, 0x00, 
    0x20, 0x00, 
    0x20, 0x00, 
    0x20, 0x00, 
    0x3E, 0x00, 
    0x3E, 0x00, 
    0x00, 0x00, 
    0x00, 0x00, 
    // 'M' (ASCII 77)
    0x00, 0x00, 
    0x00, 0x00, 
    0x00, 0x00, 
    0x32, 0x00, 
    0x36, 0x00, 
    0x36, 0x00, 
    0x3E, 0x00, 
    0x3E, 0x00, 
    0x2A, 0x00, 
    0x2A, 0x00, 
    0x22, 0x00, 
    0x22, 0x00, 
    0x22, 0x00, 
    0x22, 0x00, 
    0x00, 0x00, 
    0x00, 0x00, 
    // 'N' (ASCII 78)
    0x00, 0x00, 
    0x00, 0x00, 
    0x00, 0x00, 
    0x32, 0x00, 
    0x32, 0x00, 
    0x32, 0x00, 
    0x3A, 0x00, 
    0x3A, 0x00, 
    0x2E, 0x00, 
    0x2E, 0x00, 
    0x26, 0x00, 
    0x26, 0x00, 
    0x22, 0x00, 
    0x22, 0x00, 
    0x00, 0x00, 
    0x00, 0x00, 
    // 'O' (ASCII 79)
    0x00, 0x00, 
    0x00, 0x00, 
    0x00, 0x00, 
    0x1E, 0x00, 
    0x32, 0x00, 
    0x22, 0x00, 
    0x22, 0x00, 
    0x22, 0x00, 
    0x22, 0x00, 
    0x22, 0x00, 
    0x22, 0x00, 
    0x22, 0x00, 
    0x3E, 0x00, 
    0x1C, 0x00, 
    0x00, 0x00, 
    0x00, 0x00, 
    // 'P' (ASCII 80)
    0x00, 0x00, 
    0x00, 0x00, 
    0x00, 0x00, 
    0x3C, 0x00, 
    0x26, 0x00, 
    0x22, 0x00, 
    0x22, 0x00, 
    0x26, 0x00, 
    0x3C, 0x00, 
    0x20, 0x00, 
    0x20, 0x00, 
    0x20, 0x00, 
    0x20, 0x00, 
    0x20, 0x00, 
    0x00, 0x00, 
    0x00, 0x00, 
    // 'Q' (ASCII 81)
    0x00, 0x00, 
    0x00, 0x00, 
    0x00, 0x00, 
    0x1E, 0x00, 
    0x32, 0x00, 
    0x22, 0x00, 
    0x22, 0x00, 
    0x22, 0x00, 
    0x22, 0x00, 
    0x22, 0x00, 
    0x22, 0x00, 
    0x22, 0x00, 
    0x3E, 0x00, 
    0x1E, 0x00, 
    0x00, 0x00, 
    0x00, 0x00, 
    // 'R' (ASCII 82)
    0x00, 0x00, 
    0x00, 0x00, 
    0x00, 0x00, 
    0x3C, 0x00, 
    0x26, 0x00, 
    0x22, 0x00, 
    0x22, 0x00, 
    0x26, 0x00, 
    0x3C, 0x00, 
    0x2C, 0x00, 
    0x24, 0x00, 
    0x26, 0x00, 
    0x26, 0x00, 
    0x22, 0x00, 
    0x00, 0x00, 
    0x00, 0x00, 
    // 'S' (ASCII 83)
    0x00, 0x00, 
    0x00, 0x00, 
    0x00, 0x00, 
    0x1E, 0x00, 
    0x32, 0x00, 
    0x20, 0x00, 
    0x30, 0x00, 
    0x18, 0x00, 
    0x0C, 0x00, 
    0x06, 0x00, 
    0x02, 0x00, 
    0x22, 0x00, 
    0x3E, 0x00, 
    0x1C, 0x00, 
    0x00, 0x00, 
    0x00, 0x00, 
    // 'T' (ASCII 84)
    0x00, 0x00, 
    0x00, 0x00, 
    0x00, 0x00, 
    0x3E, 0x00, 
    0x08, 0x00, 
    0x08, 0x00, 
    0x08, 0x00, 
    0x08, 0x00, 
    0x08, 0x00, 
    0x08, 0x00, 
    0x08, 0x00, 
    0x08, 0x00, 
    0x08, 0x00, 
    0x08, 0x00, 
    0x00, 0x00, 
    0x00, 0x00, 
    // 'U' (ASCII 85)
    0x00, 0x00, 
    0x00, 0x00, 
    0x00, 0x00, 
    0x22, 0x00, 
    0x22, 0x00, 
    0x22, 0x00, 
    0x22, 0x00, 
    0x22, 0x00, 
    0x22, 0x00, 
    0x22, 0x00, 
    0x22, 0x00, 
    0x22, 0x00, 
    0x3E, 0x00, 
    0x1C, 0x00, 
    0x00, 0x00, 
    0x00, 0x00, 
    // 'V' (ASCII 86)
    0x00, 0x00, 
    0x00, 0x00, 
    0x00, 0x00, 
    0x22, 0x00, 
    0x32, 0x00, 
    0x36, 0x00, 
    0x16, 0x00, 
    0x16, 0x00, 
    0x14, 0x00, 
    0x1C, 0x00, 
    0x1C, 0x00, 
    0x0C, 0x00, 
    0x0C, 0x00, 
    0x08, 0x00, 
    0x00, 0x00, 
    0x00, 0x00, 
    // 'W' (ASCII 87)
    0x00, 0x00, 
    0x00, 0x00, 
    0x00, 0x00, 
    0x22, 0x00, 
    0x22, 0x00, 
    0x22, 0x00, 
    0x22, 0x00, 
    0x3A, 0x00, 
    0x3E, 0x00, 
    0x3E, 0x00, 
    0x3E, 0x00, 
    0x3E, 0x00, 
    0x36, 0x00, 
    0x16, 0x00, 
    0x00, 0x00, 
    0x00, 0x00, 
    // 'X' (ASCII 88)
    0x00, 0x00, 
    0x00, 0x00, 
    0x00, 0x00, 
    0x32, 0x00, 
    0x36, 0x00, 
    0x16, 0x00, 
    0x1C, 0x00, 
    0x1C, 0x00, 
    0x1C, 0x00, 
    0x1C, 0x00, 
    0x14, 0x00, 
    0x36, 0x00, 
    0x32, 0x00, 
    0x22, 0x00, 
    0x00, 0x00, 
    0x00, 0x00, 
    // 'Y' (ASCII 89)
    0x00, 0x00, 
    0x00, 0x00, 
    0x00, 0x00, 
    0x32, 0x00, 
    0x36, 0x00, 
    0x14, 0x00, 
    0x1C, 0x00, 
    0x1C, 0x00, 
    0x18, 0x00, 
    0x18, 0x00, 
    0x18, 0x00, 
    0x10, 0x00, 
    0x30, 0x00, 
    0x20, 0x00, 
    0x00, 0x00, 
    0x00, 0x00, 
    // 'Z' (ASCII 90)
    0x00, 0x00, 
    0x00, 0x00, 
    0x00, 0x00, 
    0x3E, 0x00, 
    0x02, 0x00, 
    0x06, 0x00, 
    0x04, 0x00, 
    0x0C, 0x00, 
    0x08, 0x00, 
    0x18, 0x00, 
    0x10, 0x00, 
    0x30, 0x00, 
    0x3E, 0x00, 
    0x3E, 0x00, 
    0x00, 0x00, 
    0x00, 0x00, 
    // '[' (ASCII 91)
    0x00, 0x00, 
    0x00, 0x00, 
    0x00, 0x00, 
    0x1C, 0x00, 
    0x18, 0x00, 
    0x10, 0x00, 
    0x10, 0x00, 
    0x10, 0x00, 
    0x10, 0x00, 
    0x10, 0x00, 
    0x10, 0x00, 
    0x10, 0x00, 
    0x1C, 0x00, 
    0x1C, 0x00, 
    0x00, 0x00, 
    0x00, 0x00, 
    // '\' (ASCII 92)
    0x00, 0x00, 
    0x00, 0x00, 
    0x00, 0x00, 
    0x30, 0x00, 
    0x10, 0x00, 
    0x18, 0x00, 
    0x18, 0x00, 
    0x08, 0x00, 
    0x0C, 0x00, 
    0x0C, 0x00, 
    0x04, 0x00, 
    0x06, 0x00, 
    0x06, 0x00, 
    0x02, 0x00, 
    0x00, 0x00, 
    0x00, 0x00, 
    // ']' (ASCII 93)
    0x00, 0x00, 
    0x00, 0x00, 
    0x00, 0x00, 
    0x1C, 0x00, 
    0x04, 0x00, 
    0x04, 0x00, 
    0x04, 0x00, 
    0x04, 0x00, 
    0x04, 0x00, 
    0x04, 0x00, 
    0x04, 0x00, 
    0x04, 0x00, 
    0x1C, 0x00, 
    0x1C, 0x00, 
    0x00, 0x00, 
    0x00, 0x00, 
    // '^' (ASCII 94)
    0x0C, 0x00, 
    0x14, 0x00, 
    0x00, 0x00, 
    0x00, 0x00, 
    0x00, 0x00, 
    0x00, 0x00, 
    0x00, 0x00, 
    0x00, 0x00, 
    0x00, 0x00, 
    0x00, 0x00, 
    0x00, 0x00, 
    0x00, 0x00, 
    0x00, 0x00, 
    0x00, 0x00, 
    0x00, 0x00, 
    0x00, 0x00, 
    // '_' (ASCII 95)
    0x00, 0x00, 
    0x00, 0x00, 
    0x00, 0x00, 
    0x00, 0x00, 
    0x00, 0x00, 
    0x00, 0x00, 
    0x00, 0x00, 
    0x00, 0x00, 
    0x00, 0x00, 
    0x00, 0x00, 
    0x00, 0x00, 
    0x00, 0x00, 
    0x00, 0x00, 
    0x00, 0x00, 
    0x7F, 0x00, 
    0x00, 0x00, 
    // '`' (ASCII 96)
    0x00, 0x00, 
    0x08, 0x00, 
    0x0C, 0x00, 
    0x00, 0x00, 
    0x00, 0x00, 
    0x00, 0x00, 
    0x00, 0x00, 
    0x00, 0x00, 
    0x00, 0x00, 
    0x00, 0x00, 
    0x00, 0x00, 
    0x00, 0x00, 
    0x00, 0x00, 
    0x00, 0x00, 
    0x00, 0x00, 
    0x00, 0x00, 
    // 'a' (ASCII 97)
    0x00, 0x00, 
    0x00, 0x00, 
    0x00, 0x00, 
    0x00, 0x00, 
    0x00, 0x00, 
    0x0C, 0x00, 
    0x3E, 0x00, 
    0x32, 0x00, 
    0x02, 0x00, 
    0x1E, 0x00, 
    0x32, 0x00, 
    0x22, 0x00, 
    0x3F, 0x00, 
    0x1D, 0x00, 
    0x00, 0x00, 
    0x00, 0x00, 
    // 'b' (ASCII 98)
    0x00, 0x00, 
    0x00, 0x00, 
    0x20, 0x00, 
    0x20, 0x00, 
    0x20, 0x00, 
    0x3C, 0x00, 
    0x3E, 0x00, 
    0x22, 0x00, 
    0x22, 0x00, 
    0x22, 0x00, 
    0x22, 0x00, 
    0x22, 0x00, 
    0x3E, 0x00, 
    0x3C, 0x00, 
    0x00, 0x00, 
    0x00, 0x00, 
    // 'c' (ASCII 99)
    0x00, 0x00, 
    0x00, 0x00, 
    0x00, 0x00, 
    0x00, 0x00, 
    0x00, 0x00, 
    0x1C, 0x00, 
    0x3E, 0x00, 
    0x22, 0x00, 
    0x20, 0x00, 
    0x20, 0x00, 
    0x20, 0x00, 
    0x22, 0x00, 
    0x3E, 0x00, 
    0x1C, 0x00, 
    0x00, 0x00, 
    0x00, 0x00, 
    // 'd' (ASCII 100)
    0x00, 0x00, 
    0x00, 0x00, 
    0x02, 0x00, 
    0x02, 0x00, 
    0x02, 0x00, 
    0x1E, 0x00, 
    0x3E, 0x00, 
    0x22, 0x00, 
    0x22, 0x00, 
    0x22, 0x00, 
    0x22, 0x00, 
    0x22, 0x00, 
    0x3E, 0x00, 
    0x1E, 0x00, 
    0x00, 0x00, 
    0x00, 0x00, 
    // 'e' (ASCII 101)
    0x00, 0x00, 
    0x00, 0x00, 
    0x00, 0x00, 
    0x00, 0x00, 
    0x00, 0x00, 
    0x1C, 0x00, 
    0x3E, 0x00, 
    0x22, 0x00, 
    0x22, 0x00, 
    0x3E, 0x00, 
    0x20, 0x00, 
    0x20, 0x00, 
    0x3E, 0x00, 
    0x1C, 0x00, 
    0x00, 0x00, 
    0x00, 0x00, 
    // 'f' (ASCII 102)
    0x00, 0x00, 
    0x00, 0x00, 
    0x04, 0x00, 
    0x1E, 0x00, 
    0x1A, 0x00, 
    0x18, 0x00, 
    0x18, 0x00, 
    0x3E, 0x00, 
    0x18, 0x00, 
    0x18, 0x00, 
    0x18, 0x00, 
    0x18, 0x00, 
    0x18, 0x00, 
    0x10, 0x00, 
    0x00, 0x00, 
    0x00, 0x00, 
    // 'g' (ASCII 103)
    0x00, 0x00, 
    0x00, 0x00, 
    0x00, 0x00, 
    0x00, 0x00, 
    0x00, 0x00, 
    0x1E, 0x00, 
    0x3E, 0x00, 
    0x22, 0x00, 
    0x22, 0x00, 
    0x3E, 0x00, 
    0x1C, 0x00, 
    0x30, 0x00, 
    0x1C, 0x00, 
    0x3E, 0x00, 
    0x22, 0x00, 
    0x3E, 0x00, 
    // 'h' (ASCII 104)
    0x00, 0x00, 
    0x00, 0x00, 
    0x20, 0x00, 
    0x20, 0x00, 
    0x20, 0x00, 
    0x3C, 0x00, 
    0x3E, 0x00, 
    0x22, 0x00, 
    0x22, 0x00, 
    0x22, 0x00, 
    0x22, 0x00, 
    0x22, 0x00, 
    0x22, 0x00, 
    0x22, 0x00, 
    0x00, 0x00, 
    0x00, 0x00, 
    // 'i' (ASCII 105)
    0x00, 0x00, 
    0x00, 0x00, 
    0x20, 0x00, 
    0x20, 0x00, 
    0x00, 0x00, 
    0x20, 0x00, 
    0x20, 0x00, 
    0x20, 0x00, 
    0x20, 0x00, 
    0x20, 0x00, 
    0x20, 0x00, 
    0x20, 0x00, 
    0x30, 0x00, 
    0x10, 0x00, 
    0x00, 0x00, 
    0x00, 0x00, 
    // 'j' (ASCII 106)
    0x00, 0x00, 
    0x00, 0x00, 
    0x00, 0x00, 
    0x06, 0x00, 
    0x00, 0x00, 
    0x06, 0x00, 
    0x06, 0x00, 
    0x06, 0x00, 
    0x06, 0x00, 
    0x06, 0x00, 
    0x06, 0x00, 
    0x06, 0x00, 
    0x06, 0x00, 
    0x06, 0x00, 
    0x16, 0x00, 
    0x1C, 0x00, 
    // 'k' (ASCII 107)
    0x00, 0x00, 
    0x00, 0x00, 
    0x20, 0x00, 
    0x20, 0x00, 
    0x20, 0x00, 
    0x22, 0x00, 
    0x26, 0x00, 
    0x24, 0x00, 
    0x2C, 0x00, 
    0x38, 0x00, 
    0x3C, 0x00, 
    0x3C, 0x00, 
    0x26, 0x00, 
    0x22, 0x00, 
    0x00, 0x00, 
    0x00, 0x00, 
    // 'l' (ASCII 108)
    0x00, 0x00, 
    0x00, 0x00, 
    0x20, 0x00, 
    0x20, 0x00, 
    0x20, 0x00, 
    0x20, 0x00, 
    0x20, 0x00, 
    0x20, 0x00, 
    0x20, 0x00, 
    0x20, 0x00, 
    0x20, 0x00, 
    0x20, 0x00, 
    0x30, 0x00, 
    0x10, 0x00, 
    0x00, 0x00, 
    0x00, 0x00, 
    // 'm' (ASCII 109)
    0x00, 0x00, 
    0x00, 0x00, 
    0x00, 0x00, 
    0x00, 0x00, 
    0x00, 0x00, 
    0x3C, 0xC0, 
    0x3F, 0xE0, 
    0x23, 0x30, 
    0x22, 0x30, 
    0x22, 0x30, 
    0x22, 0x30, 
    0x22, 0x30, 
    0x22, 0x30, 
    0x22, 0x30, 
    0x00, 0x00, 
    0x00, 0x00, 
    // 'n' (ASCII 110)
    0x00, 0x00, 
    0x00, 0x00, 
    0x00, 0x00, 
    0x00, 0x00, 
    0x00, 0x00, 
    0x3C, 0x00, 
    0x3E, 0x00, 
    0x22, 0x00, 
    0x22, 0x00, 
    0x22, 0x00, 
    0x22, 0x00, 
    0x22, 0x00, 
    0x22, 0x00, 
    0x22, 0x00, 
    0x00, 0x00, 
    0x00, 0x00, 
    // 'o' (ASCII 111)
    0x00, 0x00, 
    0x00, 0x00, 
    0x00, 0x00, 
    0x00, 0x00, 
    0x00, 0x00, 
    0x1C, 0x00, 
    0x3E, 0x00, 
    0x22, 0x00, 
    0x22, 0x00, 
    0x22, 0x00, 
    0x22, 0x00, 
    0x22, 0x00, 
    0x3E, 0x00, 
    0x1C, 0x00, 
    0x00, 0x00, 
    0x00, 0x00, 
    // 'p' (ASCII 112)
    0x00, 0x00, 
    0x00, 0x00, 
    0x00, 0x00, 
    0x00, 0x00, 
    0x00, 0x00, 
    0x3C, 0x00, 
    0x3E, 0x00, 
    0x22, 0x00, 
    0x22, 0x00, 
    0x22, 0x00, 
    0x22, 0x00, 
    0x22, 0x00, 
    0x3E, 0x00, 
    0x3C, 0x00, 
    0x20, 0x00, 
    0x20, 0x00, 
    // 'q' (ASCII 113)
    0x00, 0x00, 
    0x00, 0x00, 
    0x00, 0x00, 
    0x00, 0x00, 
    0x00, 0x00, 
    0x1E, 0x00, 
    0x3E, 0x00, 
    0x22, 0x00, 
    0x22, 0x00, 
    0x22, 0x00, 
    0x22, 0x00, 
    0x22, 0x00, 
    0x3E, 0x00, 
    0x1E, 0x00, 
    0x02, 0x00, 
    0x02, 0x00, 
    // 'r' (ASCII 114)
    0x00, 0x00, 
    0x00, 0x00, 
    0x00, 0x00, 
    0x00, 0x00, 
    0x00, 0x00, 
    0x3C, 0x00, 
    0x3C, 0x00, 
    0x20, 0x00, 
    0x20, 0x00, 
    0x20, 0x00, 
    0x20, 0x00, 
    0x20, 0x00, 
    0x20, 0x00, 
    0x20, 0x00, 
    0x00, 0x00, 
    0x00, 0x00, 
    // 's' (ASCII 115)
    0x00, 0x00, 
    0x00, 0x00, 
    0x00, 0x00, 
    0x00, 0x00, 
    0x00, 0x00, 
    0x18, 0x00, 
    0x3C, 0x00, 
    0x26, 0x00, 
    0x30, 0x00, 
    0x1C, 0x00, 
    0x06, 0x00, 
    0x26, 0x00, 
    0x3C, 0x00, 
    0x18, 0x00, 
    0x00, 0x00, 
    0x00, 0x00, 
    // 't' (ASCII 116)
    0x00, 0x00, 
    0x00, 0x00, 
    0x20, 0x00, 
    0x30, 0x00, 
    0x30, 0x00, 
    0x38, 0x00, 
    0x38, 0x00, 
    0x30, 0x00, 
    0x30, 0x00, 
    0x30, 0x00, 
    0x30, 0x00, 
    0x30, 0x00, 
    0x38, 0x00, 
    0x18, 0x00, 
    0x00, 0x00, 
    0x00, 0x00, 
    // 'u' (ASCII 117)
    0x00, 0x00, 
    0x00, 0x00, 
    0x00, 0x00, 
    0x00, 0x00, 
    0x00, 0x00, 
    0x22, 0x00, 
    0x22, 0x00, 
    0x22, 0x00, 
    0x22, 0x00, 
    0x22, 0x00, 
    0x22, 0x00, 
    0x22, 0x00, 
    0x3E, 0x00, 
    0x1E, 0x00, 
    0x00, 0x00, 
    0x00, 0x00, 
    // 'v' (ASCII 118)
    0x00, 0x00, 
    0x00, 0x00, 
    0x00, 0x00, 
    0x00, 0x00, 
    0x00, 0x00, 
    0x22, 0x00, 
    0x22, 0x00, 
    0x32, 0x00, 
    0x36, 0x00, 
    0x16, 0x00, 
    0x14, 0x00, 
    0x1C, 0x00, 
    0x1C, 0x00, 
    0x0C, 0x00, 
    0x00, 0x00, 
    0x00, 0x00, 
    // 'w' (ASCII 119)
    0x00, 0x00, 
    0x00, 0x00, 
    0x00, 0x00, 
    0x00, 0x00, 
    0x00, 0x00, 
    0x22, 0x20, 
    0x23, 0x20, 
    0x33, 0x20, 
    0x37, 0x20, 
    0x17, 0x60, 
    0x15, 0x60, 
    0x1D, 0xC0, 
    0x1D, 0xC0, 
    0x0C, 0xC0, 
    0x00, 0x00, 
    0x00, 0x00, 
    // 'x' (ASCII 120)
    0x00, 0x00, 
    0x00, 0x00, 
    0x00, 0x00, 
    0x00, 0x00, 
    0x00, 0x00, 
    0x22, 0x00, 
    0x36, 0x00, 
    0x14, 0x00, 
    0x1C, 0x00, 
    0x08, 0x00, 
    0x1C, 0x00, 
    0x14, 0x00, 
    0x36, 0x00, 
    0x22, 0x00, 
    0x00, 0x00, 
    0x00, 0x00, 
    // 'y' (ASCII 121)
    0x00, 0x00, 
    0x00, 0x00, 
    0x00, 0x00, 
    0x00, 0x00, 
    0x00, 0x00, 
    0x12, 0x00, 
    0x12, 0x00, 
    0x12, 0x00, 
    0x16, 0x00, 
    0x1E, 0x00, 
    0x1C, 0x00, 
    0x0C, 0x00, 
    0x0C, 0x00, 
    0x0C, 0x00, 
    0x0C, 0x00, 
    0x38, 0x00, 
    // 'z' (ASCII 122)
    0x00, 0x00, 
    0x00, 0x00, 
    0x00, 0x00, 
    0x00, 0x00, 
    0x00, 0x00, 
    0x3E, 0x00, 
    0x3E, 0x00, 
    0x06, 0x00, 
    0x0C, 0x00, 
    0x08, 0x00, 
    0x18, 0x00, 
    0x30, 0x00, 
    0x3E, 0x00, 
    0x3E, 0x00, 
    0x00, 0x00, 
    0x00, 0x00, 
    // '{' (ASCII 123)
    0x00, 0x00, 
    0x00, 0x00, 
    0x04, 0x00, 
    0x0C, 0x00, 
    0x08, 0x00, 
    0x08, 0x00, 
    0x08, 0x00, 
    0x08, 0x00, 
    0x10, 0x00, 
    0x18, 0x00, 
    0x08, 0x00, 
    0x08, 0x00, 
    0x08, 0x00, 
    0x0C, 0x00, 
    0x06, 0x00, 
    0x00, 0x00, 
    // '|' (ASCII 124)
    0x00, 0x00, 
    0x08, 0x00, 
    0x08, 0x00, 
    0x08, 0x00, 
    0x08, 0x00, 
    0x08, 0x00, 
    0x08, 0x00, 
    0x08, 0x00, 
    0x08, 0x00, 
    0x08, 0x00, 
    0x08, 0x00, 
    0x08, 0x00, 
    0x08, 0x00, 
    0x08, 0x00, 
    0x08, 0x00, 
    0x00, 0x00, 
    // '}' (ASCII 125)
    0x00, 0x00, 
    0x00, 0x00, 
    0x10, 0x00, 
    0x18, 0x00, 
    0x08, 0x00, 
    0x08, 0x00, 
    0x08, 0x00, 
    0x0C, 0x00, 
    0x06, 0x00, 
    0x0C, 0x00, 
    0x08, 0x00, 
    0x08, 0x00, 
    0x08, 0x00, 
    0x18, 0x00, 
    0x10, 0x00, 
    0x00, 0x00, 
    // '~' (ASCII 126)
    0x00, 0x00, 
    0x00, 0x00, 
    0x00, 0x00, 
    0x00, 0x00, 
    0x00, 0x00, 
    0x00, 0x00, 
    0x00, 0x00, 
    0x00, 0x00, 
    0x00, 0x00, 
    0x3E, 0x00, 
    0x00, 0x00, 
    0x00, 0x00, 
    0x00, 0x00, 
    0x00, 0x00, 
    0x00, 0x00, 
    0x00, 0x00, 
};

sFONT Font_Logisoso_16 = {
  Font_Logisoso_16_Table,
  13, // Width
  16  // Height
};

// @16x20 pixel layout for Logisoso
const uint8_t Font_Logisoso_20_Table[] = {
    // ' ' (ASCII 32)
    0x00, 0x00, 
    0x00, 0x00, 
    0x00, 0x00, 
    0x00, 0x00, 
    0x00, 0x00, 
    0x00, 0x00, 
    0x00, 0x00, 
    0x00, 0x00, 
    0x00, 0x00, 
    0x00, 0x00, 
    0x00, 0x00, 
    0x00, 0x00, 
    0x00, 0x00, 
    0x00, 0x00, 
    0x00, 0x00, 
    0x00, 0x00, 
    0x00, 0x00, 
    0x00, 0x00, 
    0x00, 0x00, 
    0x00, 0x00, 
    // '!' (ASCII 33)
    0x00, 0x00, 
    0x00, 0x00, 
    0x00, 0x00, 
    0x10, 0x00, 
    0x10, 0x00, 
    0x10, 0x00, 
    0x10, 0x00, 
    0x10, 0x00, 
    0x10, 0x00, 
    0x10, 0x00, 
    0x10, 0x00, 
    0x10, 0x00, 
    0x10, 0x00, 
    0x10, 0x00, 
    0x00, 0x00, 
    0x10, 0x00, 
    0x10, 0x00, 
    0x00, 0x00, 
    0x00, 0x00, 
    0x00, 0x00, 
    // '"' (ASCII 34)
    0x00, 0x00, 
    0x00, 0x00, 
    0x00, 0x00, 
    0x0A, 0x00, 
    0x0A, 0x00, 
    0x00, 0x00, 
    0x00, 0x00, 
    0x00, 0x00, 
    0x00, 0x00, 
    0x00, 0x00, 
    0x00, 0x00, 
    0x00, 0x00, 
    0x00, 0x00, 
    0x00, 0x00, 
    0x00, 0x00, 
    0x00, 0x00, 
    0x00, 0x00, 
    0x00, 0x00, 
    0x00, 0x00, 
    0x00, 0x00, 
    // '#' (ASCII 35)
    0x00, 0x00, 
    0x00, 0x00, 
    0x00, 0x00, 
    0x0D, 0x80, 
    0x0D, 0x80, 
    0x0D, 0x80, 
    0x0D, 0x00, 
    0x1F, 0x80, 
    0x3F, 0x80, 
    0x1B, 0x00, 
    0x1B, 0x00, 
    0x3F, 0x80, 
    0x3F, 0x80, 
    0x12, 0x00, 
    0x16, 0x00, 
    0x36, 0x00, 
    0x36, 0x00, 
    0x00, 0x00, 
    0x00, 0x00, 
    0x00, 0x00, 
    // '$' (ASCII 36)
    0x00, 0x00, 
    0x04, 0x00, 
    0x04, 0x00, 
    0x0E, 0x00, 
    0x1F, 0x00, 
    0x31, 0x80, 
    0x30, 0x00, 
    0x30, 0x00, 
    0x18, 0x00, 
    0x0C, 0x00, 
    0x06, 0x00, 
    0x03, 0x00, 
    0x01, 0x80, 
    0x01, 0x80, 
    0x31, 0x80, 
    0x1F, 0x00, 
    0x0E, 0x00, 
    0x04, 0x00, 
    0x04, 0x00, 
    0x00, 0x00, 
    // '%' (ASCII 37)
    0x00, 0x00, 
    0x00, 0x00, 
    0x00, 0x00, 
    0x19, 0x80, 
    0x39, 0x00, 
    0x3B, 0x00, 
    0x13, 0x00, 
    0x02, 0x00, 
    0x06, 0x00, 
    0x06, 0x00, 
    0x0C, 0x00, 
    0x0C, 0x00, 
    0x08, 0x00, 
    0x18, 0x00, 
    0x1B, 0x80, 
    0x13, 0x80, 
    0x33, 0x80, 
    0x00, 0x00, 
    0x00, 0x00, 
    0x00, 0x00, 
    // '&' (ASCII 38)
    0x00, 0x00, 
    0x00, 0x00, 
    0x00, 0x00, 
    0x0E, 0x00, 
    0x1F, 0x00, 
    0x31, 0x00, 
    0x30, 0x00, 
    0x18, 0x00, 
    0x18, 0x00, 
    0x3C, 0x00, 
    0x3C, 0x00, 
    0x35, 0x80, 
    0x37, 0x80, 
    0x37, 0x80, 
    0x33, 0x80, 
    0x1F, 0x80, 
    0x0F, 0x80, 
    0x00, 0x00, 
    0x00, 0x00, 
    0x00, 0x00, 
    // ''' (ASCII 39)
    0x00, 0x00, 
    0x00, 0x00, 
    0x00, 0x00, 
    0x10, 0x00, 
    0x10, 0x00, 
    0x00, 0x00, 
    0x00, 0x00, 
    0x00, 0x00, 
    0x00, 0x00, 
    0x00, 0x00, 
    0x00, 0x00, 
    0x00, 0x00, 
    0x00, 0x00, 
    0x00, 0x00, 
    0x00, 0x00, 
    0x00, 0x00, 
    0x00, 0x00, 
    0x00, 0x00, 
    0x00, 0x00, 
    0x00, 0x00, 
    // '(' (ASCII 40)
    0x00, 0x00, 
    0x00, 0x00, 
    0x00, 0x00, 
    0x04, 0x00, 
    0x06, 0x00, 
    0x0C, 0x00, 
    0x0C, 0x00, 
    0x0C, 0x00, 
    0x08, 0x00, 
    0x08, 0x00, 
    0x08, 0x00, 
    0x08, 0x00, 
    0x0C, 0x00, 
    0x0C, 0x00, 
    0x0C, 0x00, 
    0x06, 0x00, 
    0x06, 0x00, 
    0x00, 0x00, 
    0x00, 0x00, 
    0x00, 0x00, 
    // ')' (ASCII 41)
    0x00, 0x00, 
    0x00, 0x00, 
    0x00, 0x00, 
    0x0C, 0x00, 
    0x0C, 0x00, 
    0x06, 0x00, 
    0x06, 0x00, 
    0x06, 0x00, 
    0x02, 0x00, 
    0x02, 0x00, 
    0x02, 0x00, 
    0x02, 0x00, 
    0x06, 0x00, 
    0x06, 0x00, 
    0x06, 0x00, 
    0x0C, 0x00, 
    0x0C, 0x00, 
    0x00, 0x00, 
    0x00, 0x00, 
    0x00, 0x00, 
    // '*' (ASCII 42)
    0x00, 0x00, 
    0x04, 0x00, 
    0x15, 0x00, 
    0x1F, 0x00, 
    0x1E, 0x00, 
    0x1F, 0x00, 
    0x04, 0x00, 
    0x00, 0x00, 
    0x00, 0x00, 
    0x00, 0x00, 
    0x00, 0x00, 
    0x00, 0x00, 
    0x00, 0x00, 
    0x00, 0x00, 
    0x00, 0x00, 
    0x00, 0x00, 
    0x00, 0x00, 
    0x00, 0x00, 
    0x00, 0x00, 
    0x00, 0x00, 
    // '+' (ASCII 43)
    0x00, 0x00, 
    0x00, 0x00, 
    0x00, 0x00, 
    0x00, 0x00, 
    0x00, 0x00, 
    0x00, 0x00, 
    0x00, 0x00, 
    0x00, 0x00, 
    0x00, 0x00, 
    0x04, 0x00, 
    0x0E, 0x00, 
    0x1F, 0x00, 
    0x1F, 0x00, 
    0x04, 0x00, 
    0x00, 0x00, 
    0x00, 0x00, 
    0x00, 0x00, 
    0x00, 0x00, 
    0x00, 0x00, 
    0x00, 0x00, 
    // ',' (ASCII 44)
    0x00, 0x00, 
    0x00, 0x00, 
    0x00, 0x00, 
    0x00, 0x00, 
    0x00, 0x00, 
    0x00, 0x00, 
    0x00, 0x00, 
    0x00, 0x00, 
    0x00, 0x00, 
    0x00, 0x00, 
    0x00, 0x00, 
    0x00, 0x00, 
    0x00, 0x00, 
    0x00, 0x00, 
    0x00, 0x00, 
    0x10, 0x00, 
    0x10, 0x00, 
    0x00, 0x00, 
    0x00, 0x00, 
    0x00, 0x00, 
    // '-' (ASCII 45)
    0x00, 0x00, 
    0x00, 0x00, 
    0x00, 0x00, 
    0x00, 0x00, 
    0x00, 0x00, 
    0x00, 0x00, 
    0x00, 0x00, 
    0x00, 0x00, 
    0x00, 0x00, 
    0x00, 0x00, 
    0x00, 0x00, 
    0x1F, 0x00, 
    0x1F, 0x00, 
    0x00, 0x00, 
    0x00, 0x00, 
    0x00, 0x00, 
    0x00, 0x00, 
    0x00, 0x00, 
    0x00, 0x00, 
    0x00, 0x00, 
    // '.' (ASCII 46)
    0x00, 0x00, 
    0x00, 0x00, 
    0x00, 0x00, 
    0x00, 0x00, 
    0x00, 0x00, 
    0x00, 0x00, 
    0x00, 0x00, 
    0x00, 0x00, 
    0x00, 0x00, 
    0x00, 0x00, 
    0x00, 0x00, 
    0x00, 0x00, 
    0x00, 0x00, 
    0x00, 0x00, 
    0x00, 0x00, 
    0x10, 0x00, 
    0x10, 0x00, 
    0x00, 0x00, 
    0x00, 0x00, 
    0x00, 0x00, 
    // '/' (ASCII 47)
    0x00, 0x00, 
    0x00, 0x00, 
    0x00, 0x00, 
    0x01, 0x80, 
    0x03, 0x00, 
    0x03, 0x00, 
    0x03, 0x00, 
    0x06, 0x00, 
    0x06, 0x00, 
    0x06, 0x00, 
    0x0C, 0x00, 
    0x0C, 0x00, 
    0x0C, 0x00, 
    0x18, 0x00, 
    0x18, 0x00, 
    0x18, 0x00, 
    0x30, 0x00, 
    0x00, 0x00, 
    0x00, 0x00, 
    0x00, 0x00, 
    // '0' (ASCII 48)
    0x00, 0x00, 
    0x00, 0x00, 
    0x00, 0x00, 
    0x0E, 0x00, 
    0x1F, 0x00, 
    0x31, 0x80, 
    0x31, 0x80, 
    0x31, 0x80, 
    0x31, 0x80, 
    0x31, 0x80, 
    0x31, 0x80, 
    0x31, 0x80, 
    0x31, 0x80, 
    0x31, 0x80, 
    0x31, 0x80, 
    0x1F, 0x00, 
    0x0E, 0x00, 
    0x00, 0x00, 
    0x00, 0x00, 
    0x00, 0x00, 
    // '1' (ASCII 49)
    0x00, 0x00, 
    0x00, 0x00, 
    0x00, 0x00, 
    0x02, 0x00, 
    0x06, 0x00, 
    0x0E, 0x00, 
    0x0E, 0x00, 
    0x02, 0x00, 
    0x02, 0x00, 
    0x02, 0x00, 
    0x02, 0x00, 
    0x02, 0x00, 
    0x02, 0x00, 
    0x02, 0x00, 
    0x02, 0x00, 
    0x02, 0x00, 
    0x02, 0x00, 
    0x00, 0x00, 
    0x00, 0x00, 
    0x00, 0x00, 
    // '2' (ASCII 50)
    0x00, 0x00, 
    0x00, 0x00, 
    0x00, 0x00, 
    0x0E, 0x00, 
    0x1F, 0x00, 
    0x31, 0x80, 
    0x31, 0x80, 
    0x31, 0x80, 
    0x03, 0x00, 
    0x03, 0x00, 
    0x06, 0x00, 
    0x0C, 0x00, 
    0x0C, 0x00, 
    0x18, 0x00, 
    0x18, 0x00, 
    0x3F, 0x80, 
    0x3F, 0x80, 
    0x00, 0x00, 
    0x00, 0x00, 
    0x00, 0x00, 
    // '3' (ASCII 51)
    0x00, 0x00, 
    0x00, 0x00, 
    0x00, 0x00, 
    0x3F, 0x80, 
    0x3F, 0x80, 
    0x01, 0x80, 
    0x03, 0x00, 
    0x06, 0x00, 
    0x06, 0x00, 
    0x07, 0x00, 
    0x01, 0x80, 
    0x01, 0x80, 
    0x01, 0x80, 
    0x01, 0x80, 
    0x11, 0x80, 
    0x3F, 0x00, 
    0x0E, 0x00, 
    0x00, 0x00, 
    0x00, 0x00, 
    0x00, 0x00, 
    // '4' (ASCII 52)
    0x00, 0x00, 
    0x00, 0x00, 
    0x00, 0x00, 
    0x0C, 0x00, 
    0x0C, 0x00, 
    0x0C, 0x00, 
    0x08, 0x00, 
    0x18, 0x00, 
    0x18, 0x00, 
    0x18, 0x00, 
    0x12, 0x00, 
    0x32, 0x00, 
    0x3F, 0x00, 
    0x3F, 0x80, 
    0x06, 0x00, 
    0x02, 0x00, 
    0x02, 0x00, 
    0x00, 0x00, 
    0x00, 0x00, 
    0x00, 0x00, 
    // '5' (ASCII 53)
    0x00, 0x00, 
    0x00, 0x00, 
    0x00, 0x00, 
    0x3F, 0x80, 
    0x3F, 0x80, 
    0x30, 0x00, 
    0x30, 0x00, 
    0x30, 0x00, 
    0x3F, 0x00, 
    0x3B, 0x80, 
    0x31, 0x80, 
    0x01, 0x80, 
    0x01, 0x80, 
    0x01, 0x80, 
    0x31, 0x80, 
    0x1F, 0x00, 
    0x0E, 0x00, 
    0x00, 0x00, 
    0x00, 0x00, 
    0x00, 0x00, 
    // '6' (ASCII 54)
    0x00, 0x00, 
    0x00, 0x00, 
    0x00, 0x00, 
    0x0E, 0x00, 
    0x1F, 0x00, 
    0x31, 0x80, 
    0x30, 0x00, 
    0x30, 0x00, 
    0x3E, 0x00, 
    0x3F, 0x00, 
    0x31, 0x80, 
    0x31, 0x80, 
    0x31, 0x80, 
    0x31, 0x80, 
    0x31, 0x80, 
    0x1F, 0x00, 
    0x0E, 0x00, 
    0x00, 0x00, 
    0x00, 0x00, 
    0x00, 0x00, 
    // '7' (ASCII 55)
    0x00, 0x00, 
    0x00, 0x00, 
    0x00, 0x00, 
    0x3F, 0x80, 
    0x3F, 0x80, 
    0x31, 0x80, 
    0x01, 0x80, 
    0x03, 0x00, 
    0x03, 0x00, 
    0x03, 0x00, 
    0x06, 0x00, 
    0x06, 0x00, 
    0x06, 0x00, 
    0x06, 0x00, 
    0x0C, 0x00, 
    0x0C, 0x00, 
    0x0C, 0x00, 
    0x00, 0x00, 
    0x00, 0x00, 
    0x00, 0x00, 
    // '8' (ASCII 56)
    0x00, 0x00, 
    0x00, 0x00, 
    0x00, 0x00, 
    0x0E, 0x00, 
    0x1F, 0x00, 
    0x31, 0x80, 
    0x31, 0x80, 
    0x31, 0x80, 
    0x31, 0x80, 
    0x1F, 0x00, 
    0x1F, 0x00, 
    0x31, 0x80, 
    0x31, 0x80, 
    0x31, 0x80, 
    0x31, 0x80, 
    0x1F, 0x00, 
    0x0E, 0x00, 
    0x00, 0x00, 
    0x00, 0x00, 
    0x00, 0x00, 
    // '9' (ASCII 57)
    0x00, 0x00, 
    0x00, 0x00, 
    0x00, 0x00, 
    0x0E, 0x00, 
    0x1F, 0x00, 
    0x31, 0x80, 
    0x31, 0x80, 
    0x31, 0x80, 
    0x31, 0x80, 
    0x31, 0x80, 
    0x1F, 0x80, 
    0x0F, 0x80, 
    0x01, 0x80, 
    0x01, 0x80, 
    0x31, 0x80, 
    0x1F, 0x00, 
    0x0E, 0x00, 
    0x00, 0x00, 
    0x00, 0x00, 
    0x00, 0x00, 
    // ':' (ASCII 58)
    0x00, 0x00, 
    0x00, 0x00, 
    0x00, 0x00, 
    0x00, 0x00, 
    0x00, 0x00, 
    0x00, 0x00, 
    0x00, 0x00, 
    0x10, 0x00, 
    0x10, 0x00, 
    0x00, 0x00, 
    0x00, 0x00, 
    0x00, 0x00, 
    0x00, 0x00, 
    0x00, 0x00, 
    0x10, 0x00, 
    0x00, 0x00, 
    0x00, 0x00, 
    0x00, 0x00, 
    0x00, 0x00, 
    0x00, 0x00, 
    // ';' (ASCII 59)
    0x00, 0x00, 
    0x00, 0x00, 
    0x00, 0x00, 
    0x00, 0x00, 
    0x00, 0x00, 
    0x00, 0x00, 
    0x00, 0x00, 
    0x10, 0x00, 
    0x10, 0x00, 
    0x00, 0x00, 
    0x00, 0x00, 
    0x00, 0x00, 
    0x00, 0x00, 
    0x00, 0x00, 
    0x10, 0x00, 
    0x10, 0x00, 
    0x00, 0x00, 
    0x00, 0x00, 
    0x00, 0x00, 
    0x00, 0x00, 
    // '<' (ASCII 60)
    0x00, 0x00, 
    0x00, 0x00, 
    0x00, 0x00, 
    0x00, 0x00, 
    0x00, 0x00, 
    0x00, 0x00, 
    0x00, 0x00, 
    0x03, 0x00, 
    0x06, 0x00, 
    0x0C, 0x00, 
    0x18, 0x00, 
    0x0C, 0x00, 
    0x06, 0x00, 
    0x03, 0x00, 
    0x00, 0x00, 
    0x00, 0x00, 
    0x00, 0x00, 
    0x00, 0x00, 
    0x00, 0x00, 
    0x00, 0x00, 
    // '=' (ASCII 61)
    0x00, 0x00, 
    0x00, 0x00, 
    0x00, 0x00, 
    0x00, 0x00, 
    0x00, 0x00, 
    0x00, 0x00, 
    0x00, 0x00, 
    0x00, 0x00, 
    0x00, 0x00, 
    0x00, 0x00, 
    0x3F, 0x80, 
    0x1F, 0x00, 
    0x00, 0x00, 
    0x3F, 0x80, 
    0x3F, 0x80, 
    0x00, 0x00, 
    0x00, 0x00, 
    0x00, 0x00, 
    0x00, 0x00, 
    0x00, 0x00, 
    // '>' (ASCII 62)
    0x00, 0x00, 
    0x00, 0x00, 
    0x00, 0x00, 
    0x00, 0x00, 
    0x00, 0x00, 
    0x00, 0x00, 
    0x00, 0x00, 
    0x18, 0x00, 
    0x0C, 0x00, 
    0x06, 0x00, 
    0x03, 0x00, 
    0x06, 0x00, 
    0x0C, 0x00, 
    0x18, 0x00, 
    0x00, 0x00, 
    0x00, 0x00, 
    0x00, 0x00, 
    0x00, 0x00, 
    0x00, 0x00, 
    0x00, 0x00, 
    // '?' (ASCII 63)
    0x00, 0x00, 
    0x00, 0x00, 
    0x00, 0x00, 
    0x1F, 0x00, 
    0x1F, 0x00, 
    0x31, 0x80, 
    0x01, 0x80, 
    0x01, 0x80, 
    0x03, 0x00, 
    0x06, 0x00, 
    0x04, 0x00, 
    0x0C, 0x00, 
    0x0C, 0x00, 
    0x0C, 0x00, 
    0x00, 0x00, 
    0x04, 0x00, 
    0x04, 0x00, 
    0x00, 0x00, 
    0x00, 0x00, 
    0x00, 0x00, 
    // '@' (ASCII 64)
    0x00, 0x00, 
    0x00, 0x00, 
    0x00, 0x00, 
    0x00, 0x00, 
    0x07, 0xE0, 
    0x0F, 0x70, 
    0x18, 0x18, 
    0x31, 0xEC, 
    0x33, 0xEC, 
    0x32, 0x64, 
    0x36, 0x64, 
    0x36, 0x64, 
    0x36, 0x64, 
    0x36, 0x64, 
    0x32, 0x64, 
    0x33, 0xFC, 
    0x31, 0xF8, 
    0x18, 0x00, 
    0x0E, 0x00, 
    0x07, 0xF8, 
    // 'A' (ASCII 65)
    0x00, 0x00, 
    0x00, 0x00, 
    0x00, 0x00, 
    0x04, 0x00, 
    0x0E, 0x00, 
    0x0E, 0x00, 
    0x0E, 0x00, 
    0x0E, 0x00, 
    0x0E, 0x00, 
    0x1B, 0x00, 
    0x1B, 0x00, 
    0x1B, 0x00, 
    0x1B, 0x00, 
    0x1F, 0x00, 
    0x3B, 0x80, 
    0x31, 0x80, 
    0x31, 0x80, 
    0x00, 0x00, 
    0x00, 0x00, 
    0x00, 0x00, 
    // 'B' (ASCII 66)
    0x00, 0x00, 
    0x00, 0x00, 
    0x00, 0x00, 
    0x3E, 0x00, 
    0x3F, 0x00, 
    0x31, 0x80, 
    0x31, 0x80, 
    0x31, 0x80, 
    0x33, 0x00, 
    0x3F, 0x00, 
    0x33, 0x00, 
    0x31, 0x80, 
    0x31, 0x80, 
    0x31, 0x80, 
    0x31, 0x80, 
    0x3F, 0x00, 
    0x3E, 0x00, 
    0x00, 0x00, 
    0x00, 0x00, 
    0x00, 0x00, 
    // 'C' (ASCII 67)
    0x00, 0x00, 
    0x00, 0x00, 
    0x00, 0x00, 
    0x0E, 0x00, 
    0x1F, 0x00, 
    0x31, 0x80, 
    0x30, 0x00, 
    0x30, 0x00, 
    0x30, 0x00, 
    0x30, 0x00, 
    0x30, 0x00, 
    0x30, 0x00, 
    0x30, 0x00, 
    0x30, 0x80, 
    0x31, 0x80, 
    0x1F, 0x00, 
    0x0E, 0x00, 
    0x00, 0x00, 
    0x00, 0x00, 
    0x00, 0x00, 
    // 'D' (ASCII 68)
    0x00, 0x00, 
    0x00, 0x00, 
    0x00, 0x00, 
    0x3E, 0x00, 
    0x3F, 0x00, 
    0x31, 0x80, 
    0x31, 0x80, 
    0x31, 0x80, 
    0x31, 0x80, 
    0x31, 0x80, 
    0x31, 0x80, 
    0x31, 0x80, 
    0x31, 0x80, 
    0x31, 0x80, 
    0x31, 0x80, 
    0x3F, 0x00, 
    0x3E, 0x00, 
    0x00, 0x00, 
    0x00, 0x00, 
    0x00, 0x00, 
    // 'E' (ASCII 69)
    0x00, 0x00, 
    0x00, 0x00, 
    0x00, 0x00, 
    0x3F, 0x80, 
    0x3F, 0x80, 
    0x30, 0x00, 
    0x30, 0x00, 
    0x30, 0x00, 
    0x30, 0x00, 
    0x3E, 0x00, 
    0x3E, 0x00, 
    0x30, 0x00, 
    0x30, 0x00, 
    0x30, 0x00, 
    0x30, 0x00, 
    0x3F, 0x80, 
    0x3F, 0x80, 
    0x00, 0x00, 
    0x00, 0x00, 
    0x00, 0x00, 
    // 'F' (ASCII 70)
    0x00, 0x00, 
    0x00, 0x00, 
    0x00, 0x00, 
    0x3F, 0x80, 
    0x3F, 0x80, 
    0x30, 0x00, 
    0x30, 0x00, 
    0x30, 0x00, 
    0x30, 0x00, 
    0x3E, 0x00, 
    0x3E, 0x00, 
    0x30, 0x00, 
    0x30, 0x00, 
    0x30, 0x00, 
    0x30, 0x00, 
    0x30, 0x00, 
    0x30, 0x00, 
    0x00, 0x00, 
    0x00, 0x00, 
    0x00, 0x00, 
    // 'G' (ASCII 71)
    0x00, 0x00, 
    0x00, 0x00, 
    0x00, 0x00, 
    0x0E, 0x00, 
    0x1F, 0x00, 
    0x31, 0x80, 
    0x30, 0x00, 
    0x30, 0x00, 
    0x30, 0x00, 
    0x30, 0x00, 
    0x37, 0x80, 
    0x31, 0x80, 
    0x31, 0x80, 
    0x31, 0x80, 
    0x31, 0x80, 
    0x1F, 0x80, 
    0x0F, 0x80, 
    0x00, 0x00, 
    0x00, 0x00, 
    0x00, 0x00, 
    // 'H' (ASCII 72)
    0x00, 0x00, 
    0x00, 0x00, 
    0x00, 0x00, 
    0x31, 0x80, 
    0x31, 0x80, 
    0x31, 0x80, 
    0x31, 0x80, 
    0x31, 0x80, 
    0x31, 0x80, 
    0x3F, 0x80, 
    0x3F, 0x80, 
    0x31, 0x80, 
    0x31, 0x80, 
    0x31, 0x80, 
    0x31, 0x80, 
    0x31, 0x80, 
    0x31, 0x80, 
    0x00, 0x00, 
    0x00, 0x00, 
    0x00, 0x00, 
    // 'I' (ASCII 73)
    0x00, 0x00, 
    0x00, 0x00, 
    0x00, 0x00, 
    0x10, 0x00, 
    0x10, 0x00, 
    0x10, 0x00, 
    0x10, 0x00, 
    0x10, 0x00, 
    0x10, 0x00, 
    0x10, 0x00, 
    0x10, 0x00, 
    0x10, 0x00, 
    0x10, 0x00, 
    0x10, 0x00, 
    0x10, 0x00, 
    0x10, 0x00, 
    0x10, 0x00, 
    0x00, 0x00, 
    0x00, 0x00, 
    0x00, 0x00, 
    // 'J' (ASCII 74)
    0x00, 0x00, 
    0x00, 0x00, 
    0x00, 0x00, 
    0x01, 0x80, 
    0x01, 0x80, 
    0x01, 0x80, 
    0x01, 0x80, 
    0x01, 0x80, 
    0x01, 0x80, 
    0x01, 0x80, 
    0x01, 0x80, 
    0x01, 0x80, 
    0x01, 0x80, 
    0x01, 0x80, 
    0x31, 0x80, 
    0x1F, 0x00, 
    0x0E, 0x00, 
    0x00, 0x00, 
    0x00, 0x00, 
    0x00, 0x00, 
    // 'K' (ASCII 75)
    0x00, 0x00, 
    0x00, 0x00, 
    0x00, 0x00, 
    0x31, 0x80, 
    0x33, 0x00, 
    0x37, 0x00, 
    0x36, 0x00, 
    0x3C, 0x00, 
    0x3C, 0x00, 
    0x38, 0x00, 
    0x38, 0x00, 
    0x3C, 0x00, 
    0x3C, 0x00, 
    0x36, 0x00, 
    0x36, 0x00, 
    0x33, 0x00, 
    0x31, 0x80, 
    0x00, 0x00, 
    0x00, 0x00, 
    0x00, 0x00, 
    // 'L' (ASCII 76)
    0x00, 0x00, 
    0x00, 0x00, 
    0x00, 0x00, 
    0x30, 0x00, 
    0x30, 0x00, 
    0x30, 0x00, 
    0x30, 0x00, 
    0x30, 0x00, 
    0x30, 0x00, 
    0x30, 0x00, 
    0x30, 0x00, 
    0x30, 0x00, 
    0x30, 0x00, 
    0x30, 0x00, 
    0x30, 0x00, 
    0x3F, 0x80, 
    0x3F, 0x80, 
    0x00, 0x00, 
    0x00, 0x00, 
    0x00, 0x00, 
    // 'M' (ASCII 77)
    0x00, 0x00, 
    0x00, 0x00, 
    0x00, 0x00, 
    0x31, 0x80, 
    0x31, 0x80, 
    0x3B, 0x80, 
    0x3B, 0x80, 
    0x3F, 0x80, 
    0x3F, 0x80, 
    0x3F, 0x80, 
    0x35, 0x80, 
    0x35, 0x80, 
    0x35, 0x80, 
    0x31, 0x80, 
    0x31, 0x80, 
    0x31, 0x80, 
    0x31, 0x80, 
    0x00, 0x00, 
    0x00, 0x00, 
    0x00, 0x00, 
    // 'N' (ASCII 78)
    0x00, 0x00, 
    0x00, 0x00, 
    0x00, 0x00, 
    0x31, 0x80, 
    0x31, 0x80, 
    0x39, 0x80, 
    0x39, 0x80, 
    0x39, 0x80, 
    0x3D, 0x80, 
    0x3D, 0x80, 
    0x37, 0x80, 
    0x37, 0x80, 
    0x33, 0x80, 
    0x33, 0x80, 
    0x33, 0x80, 
    0x31, 0x80, 
    0x31, 0x80, 
    0x00, 0x00, 
    0x00, 0x00, 
    0x00, 0x00, 
    // 'O' (ASCII 79)
    0x00, 0x00, 
    0x00, 0x00, 
    0x00, 0x00, 
    0x0E, 0x00, 
    0x1F, 0x00, 
    0x31, 0x80, 
    0x31, 0x80, 
    0x31, 0x80, 
    0x31, 0x80, 
    0x31, 0x80, 
    0x31, 0x80, 
    0x31, 0x80, 
    0x31, 0x80, 
    0x31, 0x80, 
    0x31, 0x80, 
    0x1F, 0x00, 
    0x0E, 0x00, 
    0x00, 0x00, 
    0x00, 0x00, 
    0x00, 0x00, 
    // 'P' (ASCII 80)
    0x00, 0x00, 
    0x00, 0x00, 
    0x00, 0x00, 
    0x3E, 0x00, 
    0x3F, 0x00, 
    0x31, 0x80, 
    0x31, 0x80, 
    0x31, 0x80, 
    0x31, 0x80, 
    0x33, 0x00, 
    0x3E, 0x00, 
    0x30, 0x00, 
    0x30, 0x00, 
    0x30, 0x00, 
    0x30, 0x00, 
    0x30, 0x00, 
    0x30, 0x00, 
    0x00, 0x00, 
    0x00, 0x00, 
    0x00, 0x00, 
    // 'Q' (ASCII 81)
    0x00, 0x00, 
    0x00, 0x00, 
    0x00, 0x00, 
    0x0E, 0x00, 
    0x1F, 0x00, 
    0x31, 0x80, 
    0x31, 0x80, 
    0x31, 0x80, 
    0x31, 0x80, 
    0x31, 0x80, 
    0x31, 0x80, 
    0x31, 0x80, 
    0x31, 0x80, 
    0x31, 0x80, 
    0x31, 0x80, 
    0x1F, 0x80, 
    0x0F, 0x80, 
    0x00, 0x00, 
    0x00, 0x00, 
    0x00, 0x00, 
    // 'R' (ASCII 82)
    0x00, 0x00, 
    0x00, 0x00, 
    0x00, 0x00, 
    0x3E, 0x00, 
    0x3F, 0x00, 
    0x31, 0x80, 
    0x31, 0x80, 
    0x31, 0x80, 
    0x31, 0x80, 
    0x33, 0x00, 
    0x3E, 0x00, 
    0x36, 0x00, 
    0x32, 0x00, 
    0x33, 0x00, 
    0x33, 0x00, 
    0x31, 0x00, 
    0x31, 0x80, 
    0x00, 0x00, 
    0x00, 0x00, 
    0x00, 0x00, 
    // 'S' (ASCII 83)
    0x00, 0x00, 
    0x00, 0x00, 
    0x00, 0x00, 
    0x0E, 0x00, 
    0x1F, 0x00, 
    0x31, 0x80, 
    0x30, 0x00, 
    0x30, 0x00, 
    0x18, 0x00, 
    0x0C, 0x00, 
    0x06, 0x00, 
    0x03, 0x00, 
    0x01, 0x80, 
    0x01, 0x80, 
    0x31, 0x80, 
    0x1F, 0x00, 
    0x0E, 0x00, 
    0x00, 0x00, 
    0x00, 0x00, 
    0x00, 0x00, 
    // 'T' (ASCII 84)
    0x00, 0x00, 
    0x00, 0x00, 
    0x00, 0x00, 
    0x3F, 0x80, 
    0x3F, 0x80, 
    0x04, 0x00, 
    0x04, 0x00, 
    0x04, 0x00, 
    0x04, 0x00, 
    0x04, 0x00, 
    0x04, 0x00, 
    0x04, 0x00, 
    0x04, 0x00, 
    0x04, 0x00, 
    0x04, 0x00, 
    0x04, 0x00, 
    0x04, 0x00, 
    0x00, 0x00, 
    0x00, 0x00, 
    0x00, 0x00, 
    // 'U' (ASCII 85)
    0x00, 0x00, 
    0x00, 0x00, 
    0x00, 0x00, 
    0x31, 0x80, 
    0x31, 0x80, 
    0x31, 0x80, 
    0x31, 0x80, 
    0x31, 0x80, 
    0x31, 0x80, 
    0x31, 0x80, 
    0x31, 0x80, 
    0x31, 0x80, 
    0x31, 0x80, 
    0x31, 0x80, 
    0x31, 0x80, 
    0x1F, 0x00, 
    0x0E, 0x00, 
    0x00, 0x00, 
    0x00, 0x00, 
    0x00, 0x00, 
    // 'V' (ASCII 86)
    0x00, 0x00, 
    0x00, 0x00, 
    0x00, 0x00, 
    0x31, 0x80, 
    0x31, 0x80, 
    0x31, 0x80, 
    0x11, 0x00, 
    0x1B, 0x00, 
    0x1B, 0x00, 
    0x1B, 0x00, 
    0x1B, 0x00, 
    0x0F, 0x00, 
    0x0E, 0x00, 
    0x0E, 0x00, 
    0x0E, 0x00, 
    0x0E, 0x00, 
    0x06, 0x00, 
    0x00, 0x00, 
    0x00, 0x00, 
    0x00, 0x00, 
    // 'W' (ASCII 87)
    0x00, 0x00, 
    0x00, 0x00, 
    0x00, 0x00, 
    0x31, 0x80, 
    0x31, 0x80, 
    0x31, 0x80, 
    0x31, 0x80, 
    0x31, 0x80, 
    0x31, 0x80, 
    0x35, 0x80, 
    0x3F, 0x80, 
    0x1F, 0x00, 
    0x1F, 0x00, 
    0x1F, 0x00, 
    0x1F, 0x00, 
    0x1B, 0x00, 
    0x1B, 0x00, 
    0x00, 0x00, 
    0x00, 0x00, 
    0x00, 0x00, 
    // 'X' (ASCII 88)
    0x00, 0x00, 
    0x00, 0x00, 
    0x00, 0x00, 
    0x31, 0x80, 
    0x31, 0x80, 
    0x1B, 0x00, 
    0x1B, 0x00, 
    0x1B, 0x00, 
    0x0E, 0x00, 
    0x0E, 0x00, 
    0x0E, 0x00, 
    0x0E, 0x00, 
    0x1B, 0x00, 
    0x1B, 0x00, 
    0x1B, 0x00, 
    0x31, 0x80, 
    0x31, 0x80, 
    0x00, 0x00, 
    0x00, 0x00, 
    0x00, 0x00, 
    // 'Y' (ASCII 89)
    0x00, 0x00, 
    0x00, 0x00, 
    0x00, 0x00, 
    0x31, 0x80, 
    0x31, 0x00, 
    0x13, 0x00, 
    0x1B, 0x00, 
    0x1E, 0x00, 
    0x1E, 0x00, 
    0x0E, 0x00, 
    0x0C, 0x00, 
    0x0C, 0x00, 
    0x0C, 0x00, 
    0x18, 0x00, 
    0x18, 0x00, 
    0x10, 0x00, 
    0x30, 0x00, 
    0x00, 0x00, 
    0x00, 0x00, 
    0x00, 0x00, 
    // 'Z' (ASCII 90)
    0x00, 0x00, 
    0x00, 0x00, 
    0x00, 0x00, 
    0x3F, 0x80, 
    0x3F, 0x80, 
    0x01, 0x80, 
    0x03, 0x00, 
    0x03, 0x00, 
    0x06, 0x00, 
    0x06, 0x00, 
    0x0C, 0x00, 
    0x0C, 0x00, 
    0x18, 0x00, 
    0x18, 0x00, 
    0x30, 0x00, 
    0x3F, 0x80, 
    0x3F, 0x80, 
    0x00, 0x00, 
    0x00, 0x00, 
    0x00, 0x00, 
    // '[' (ASCII 91)
    0x00, 0x00, 
    0x00, 0x00, 
    0x00, 0x00, 
    0x0E, 0x00, 
    0x0E, 0x00, 
    0x08, 0x00, 
    0x08, 0x00, 
    0x08, 0x00, 
    0x08, 0x00, 
    0x08, 0x00, 
    0x08, 0x00, 
    0x08, 0x00, 
    0x08, 0x00, 
    0x08, 0x00, 
    0x08, 0x00, 
    0x0E, 0x00, 
    0x0E, 0x00, 
    0x00, 0x00, 
    0x00, 0x00, 
    0x00, 0x00, 
    // '\' (ASCII 92)
    0x00, 0x00, 
    0x00, 0x00, 
    0x00, 0x00, 
    0x30, 0x00, 
    0x18, 0x00, 
    0x18, 0x00, 
    0x18, 0x00, 
    0x0C, 0x00, 
    0x0C, 0x00, 
    0x0C, 0x00, 
    0x06, 0x00, 
    0x06, 0x00, 
    0x02, 0x00, 
    0x03, 0x00, 
    0x03, 0x00, 
    0x01, 0x00, 
    0x01, 0x80, 
    0x00, 0x00, 
    0x00, 0x00, 
    0x00, 0x00, 
    // ']' (ASCII 93)
    0x00, 0x00, 
    0x00, 0x00, 
    0x00, 0x00, 
    0x0E, 0x00, 
    0x0E, 0x00, 
    0x02, 0x00, 
    0x02, 0x00, 
    0x02, 0x00, 
    0x02, 0x00, 
    0x02, 0x00, 
    0x02, 0x00, 
    0x02, 0x00, 
    0x02, 0x00, 
    0x02, 0x00, 
    0x02, 0x00, 
    0x0E, 0x00, 
    0x0E, 0x00, 
    0x00, 0x00, 
    0x00, 0x00, 
    0x00, 0x00, 
    // '^' (ASCII 94)
    0x0E, 0x00, 
    0x1B, 0x00, 
    0x11, 0x00, 
    0x00, 0x00, 
    0x00, 0x00, 
    0x00, 0x00, 
    0x00, 0x00, 
    0x00, 0x00, 
    0x00, 0x00, 
    0x00, 0x00, 
    0x00, 0x00, 
    0x00, 0x00, 
    0x00, 0x00, 
    0x00, 0x00, 
    0x00, 0x00, 
    0x00, 0x00, 
    0x00, 0x00, 
    0x00, 0x00, 
    0x00, 0x00, 
    0x00, 0x00, 
    // '_' (ASCII 95)
    0x00, 0x00, 
    0x00, 0x00, 
    0x00, 0x00, 
    0x00, 0x00, 
    0x00, 0x00, 
    0x00, 0x00, 
    0x00, 0x00, 
    0x00, 0x00, 
    0x00, 0x00, 
    0x00, 0x00, 
    0x00, 0x00, 
    0x00, 0x00, 
    0x00, 0x00, 
    0x00, 0x00, 
    0x00, 0x00, 
    0x00, 0x00, 
    0x00, 0x00, 
    0x7F, 0xC0, 
    0x00, 0x00, 
    0x00, 0x00, 
    // '`' (ASCII 96)
    0x00, 0x00, 
    0x0C, 0x00, 
    0x06, 0x00, 
    0x02, 0x00, 
    0x00, 0x00, 
    0x00, 0x00, 
    0x00, 0x00, 
    0x00, 0x00, 
    0x00, 0x00, 
    0x00, 0x00, 
    0x00, 0x00, 
    0x00, 0x00, 
    0x00, 0x00, 
    0x00, 0x00, 
    0x00, 0x00, 
    0x00, 0x00, 
    0x00, 0x00, 
    0x00, 0x00, 
    0x00, 0x00, 
    0x00, 0x00, 
    // 'a' (ASCII 97)
    0x00, 0x00, 
    0x00, 0x00, 
    0x00, 0x00, 
    0x00, 0x00, 
    0x00, 0x00, 
    0x00, 0x00, 
    0x06, 0x00, 
    0x1F, 0x00, 
    0x19, 0x80, 
    0x31, 0x80, 
    0x01, 0x80, 
    0x1F, 0x80, 
    0x3F, 0x80, 
    0x31, 0x80, 
    0x31, 0x80, 
    0x3F, 0xC0, 
    0x1F, 0xC0, 
    0x00, 0x00, 
    0x00, 0x00, 
    0x00, 0x00, 
    // 'b' (ASCII 98)
    0x00, 0x00, 
    0x00, 0x00, 
    0x00, 0x00, 
    0x30, 0x00, 
    0x30, 0x00, 
    0x30, 0x00, 
    0x34, 0x00, 
    0x3F, 0x00, 
    0x31, 0x80, 
    0x31, 0x80, 
    0x31, 0x80, 
    0x31, 0x80, 
    0x31, 0x80, 
    0x31, 0x80, 
    0x31, 0x80, 
    0x3F, 0x00, 
    0x3E, 0x00, 
    0x00, 0x00, 
    0x00, 0x00, 
    0x00, 0x00, 
    // 'c' (ASCII 99)
    0x00, 0x00, 
    0x00, 0x00, 
    0x00, 0x00, 
    0x00, 0x00, 
    0x00, 0x00, 
    0x00, 0x00, 
    0x04, 0x00, 
    0x1F, 0x00, 
    0x31, 0x80, 
    0x31, 0x80, 
    0x30, 0x00, 
    0x30, 0x00, 
    0x30, 0x00, 
    0x30, 0x80, 
    0x31, 0x80, 
    0x1F, 0x00, 
    0x0E, 0x00, 
    0x00, 0x00, 
    0x00, 0x00, 
    0x00, 0x00, 
    // 'd' (ASCII 100)
    0x00, 0x00, 
    0x00, 0x00, 
    0x00, 0x00, 
    0x01, 0x80, 
    0x01, 0x80, 
    0x01, 0x80, 
    0x05, 0x80, 
    0x1F, 0x80, 
    0x31, 0x80, 
    0x31, 0x80, 
    0x31, 0x80, 
    0x31, 0x80, 
    0x31, 0x80, 
    0x31, 0x80, 
    0x31, 0x80, 
    0x1F, 0x80, 
    0x0F, 0x80, 
    0x00, 0x00, 
    0x00, 0x00, 
    0x00, 0x00, 
    // 'e' (ASCII 101)
    0x00, 0x00, 
    0x00, 0x00, 
    0x00, 0x00, 
    0x00, 0x00, 
    0x00, 0x00, 
    0x00, 0x00, 
    0x04, 0x00, 
    0x1F, 0x00, 
    0x31, 0x80, 
    0x31, 0x80, 
    0x31, 0x80, 
    0x3F, 0x80, 
    0x3F, 0x80, 
    0x30, 0x00, 
    0x31, 0x00, 
    0x1F, 0x00, 
    0x0E, 0x00, 
    0x00, 0x00, 
    0x00, 0x00, 
    0x00, 0x00, 
    // 'f' (ASCII 102)
    0x00, 0x00, 
    0x00, 0x00, 
    0x00, 0x00, 
    0x07, 0x00, 
    0x0F, 0x80, 
    0x0C, 0x00, 
    0x08, 0x00, 
    0x08, 0x00, 
    0x3F, 0x00, 
    0x3F, 0x00, 
    0x0C, 0x00, 
    0x08, 0x00, 
    0x08, 0x00, 
    0x08, 0x00, 
    0x08, 0x00, 
    0x08, 0x00, 
    0x08, 0x00, 
    0x00, 0x00, 
    0x00, 0x00, 
    0x00, 0x00, 
    // 'g' (ASCII 103)
    0x00, 0x00, 
    0x00, 0x00, 
    0x00, 0x00, 
    0x00, 0x00, 
    0x00, 0x00, 
    0x00, 0x00, 
    0x07, 0x80, 
    0x1F, 0x80, 
    0x31, 0x80, 
    0x31, 0x80, 
    0x31, 0x80, 
    0x3B, 0x80, 
    0x1F, 0x00, 
    0x18, 0x00, 
    0x18, 0x00, 
    0x1F, 0x00, 
    0x3F, 0x80, 
    0x31, 0x80, 
    0x31, 0x80, 
    0x1F, 0x00, 
    // 'h' (ASCII 104)
    0x00, 0x00, 
    0x00, 0x00, 
    0x00, 0x00, 
    0x30, 0x00, 
    0x30, 0x00, 
    0x30, 0x00, 
    0x34, 0x00, 
    0x3F, 0x00, 
    0x31, 0x80, 
    0x31, 0x80, 
    0x31, 0x80, 
    0x31, 0x80, 
    0x31, 0x80, 
    0x31, 0x80, 
    0x31, 0x80, 
    0x31, 0x80, 
    0x31, 0x80, 
    0x00, 0x00, 
    0x00, 0x00, 
    0x00, 0x00, 
    // 'i' (ASCII 105)
    0x00, 0x00, 
    0x00, 0x00, 
    0x00, 0x00, 
    0x30, 0x00, 
    0x10, 0x00, 
    0x00, 0x00, 
    0x10, 0x00, 
    0x30, 0x00, 
    0x30, 0x00, 
    0x30, 0x00, 
    0x30, 0x00, 
    0x30, 0x00, 
    0x30, 0x00, 
    0x30, 0x00, 
    0x30, 0x00, 
    0x18, 0x00, 
    0x18, 0x00, 
    0x00, 0x00, 
    0x00, 0x00, 
    0x00, 0x00, 
    // 'j' (ASCII 106)
    0x00, 0x00, 
    0x00, 0x00, 
    0x00, 0x00, 
    0x03, 0x00, 
    0x01, 0x00, 
    0x00, 0x00, 
    0x01, 0x00, 
    0x03, 0x00, 
    0x03, 0x00, 
    0x03, 0x00, 
    0x03, 0x00, 
    0x03, 0x00, 
    0x03, 0x00, 
    0x03, 0x00, 
    0x03, 0x00, 
    0x03, 0x00, 
    0x03, 0x00, 
    0x03, 0x00, 
    0x1B, 0x00, 
    0x1F, 0x00, 
    // 'k' (ASCII 107)
    0x00, 0x00, 
    0x00, 0x00, 
    0x00, 0x00, 
    0x30, 0x00, 
    0x30, 0x00, 
    0x30, 0x00, 
    0x31, 0x80, 
    0x33, 0x00, 
    0x33, 0x00, 
    0x36, 0x00, 
    0x36, 0x00, 
    0x3C, 0x00, 
    0x3C, 0x00, 
    0x3E, 0x00, 
    0x33, 0x00, 
    0x33, 0x00, 
    0x31, 0x80, 
    0x00, 0x00, 
    0x00, 0x00, 
    0x00, 0x00, 
    // 'l' (ASCII 108)
    0x00, 0x00, 
    0x00, 0x00, 
    0x00, 0x00, 
    0x30, 0x00, 
    0x30, 0x00, 
    0x30, 0x00, 
    0x30, 0x00, 
    0x30, 0x00, 
    0x30, 0x00, 
    0x30, 0x00, 
    0x30, 0x00, 
    0x30, 0x00, 
    0x30, 0x00, 
    0x30, 0x00, 
    0x30, 0x00, 
    0x38, 0x00, 
    0x18, 0x00, 
    0x00, 0x00, 
    0x00, 0x00, 
    0x00, 0x00, 
    // 'm' (ASCII 109)
    0x00, 0x00, 
    0x00, 0x00, 
    0x00, 0x00, 
    0x00, 0x00, 
    0x00, 0x00, 
    0x00, 0x00, 
    0x34, 0x30, 
    0x3F, 0xF8, 
    0x33, 0xCC, 
    0x31, 0x8C, 
    0x31, 0x84, 
    0x31, 0x84, 
    0x31, 0x84, 
    0x31, 0x84, 
    0x31, 0x84, 
    0x31, 0x84, 
    0x31, 0x84, 
    0x00, 0x00, 
    0x00, 0x00, 
    0x00, 0x00, 
    // 'n' (ASCII 110)
    0x00, 0x00, 
    0x00, 0x00, 
    0x00, 0x00, 
    0x00, 0x00, 
    0x00, 0x00, 
    0x00, 0x00, 
    0x34, 0x00, 
    0x3F, 0x00, 
    0x31, 0x80, 
    0x31, 0x80, 
    0x31, 0x80, 
    0x31, 0x80, 
    0x31, 0x80, 
    0x31, 0x80, 
    0x31, 0x80, 
    0x31, 0x80, 
    0x31, 0x80, 
    0x00, 0x00, 
    0x00, 0x00, 
    0x00, 0x00, 
    // 'o' (ASCII 111)
    0x00, 0x00, 
    0x00, 0x00, 
    0x00, 0x00, 
    0x00, 0x00, 
    0x00, 0x00, 
    0x00, 0x00, 
    0x04, 0x00, 
    0x1F, 0x00, 
    0x31, 0x80, 
    0x31, 0x80, 
    0x31, 0x80, 
    0x31, 0x80, 
    0x31, 0x80, 
    0x31, 0x80, 
    0x31, 0x80, 
    0x1F, 0x00, 
    0x0E, 0x00, 
    0x00, 0x00, 
    0x00, 0x00, 
    0x00, 0x00, 
    // 'p' (ASCII 112)
    0x00, 0x00, 
    0x00, 0x00, 
    0x00, 0x00, 
    0x00, 0x00, 
    0x00, 0x00, 
    0x00, 0x00, 
    0x34, 0x00, 
    0x3F, 0x00, 
    0x31, 0x80, 
    0x31, 0x80, 
    0x31, 0x80, 
    0x31, 0x80, 
    0x31, 0x80, 
    0x31, 0x80, 
    0x31, 0x80, 
    0x3F, 0x00, 
    0x3E, 0x00, 
    0x30, 0x00, 
    0x30, 0x00, 
    0x30, 0x00, 
    // 'q' (ASCII 113)
    0x00, 0x00, 
    0x00, 0x00, 
    0x00, 0x00, 
    0x00, 0x00, 
    0x00, 0x00, 
    0x00, 0x00, 
    0x05, 0x80, 
    0x1F, 0x80, 
    0x31, 0x80, 
    0x31, 0x80, 
    0x31, 0x80, 
    0x31, 0x80, 
    0x31, 0x80, 
    0x31, 0x80, 
    0x31, 0x80, 
    0x1F, 0x80, 
    0x0F, 0x80, 
    0x01, 0x80, 
    0x01, 0x80, 
    0x01, 0x80, 
    // 'r' (ASCII 114)
    0x00, 0x00, 
    0x00, 0x00, 
    0x00, 0x00, 
    0x00, 0x00, 
    0x00, 0x00, 
    0x00, 0x00, 
    0x36, 0x00, 
    0x3E, 0x00, 
    0x36, 0x00, 
    0x30, 0x00, 
    0x30, 0x00, 
    0x30, 0x00, 
    0x30, 0x00, 
    0x30, 0x00, 
    0x30, 0x00, 
    0x30, 0x00, 
    0x30, 0x00, 
    0x00, 0x00, 
    0x00, 0x00, 
    0x00, 0x00, 
    // 's' (ASCII 115)
    0x00, 0x00, 
    0x00, 0x00, 
    0x00, 0x00, 
    0x00, 0x00, 
    0x00, 0x00, 
    0x00, 0x00, 
    0x0C, 0x00, 
    0x1E, 0x00, 
    0x33, 0x00, 
    0x33, 0x00, 
    0x30, 0x00, 
    0x1E, 0x00, 
    0x07, 0x00, 
    0x23, 0x00, 
    0x33, 0x00, 
    0x3F, 0x00, 
    0x1E, 0x00, 
    0x00, 0x00, 
    0x00, 0x00, 
    0x00, 0x00, 
    // 't' (ASCII 116)
    0x00, 0x00, 
    0x00, 0x00, 
    0x00, 0x00, 
    0x30, 0x00, 
    0x30, 0x00, 
    0x30, 0x00, 
    0x3C, 0x00, 
    0x7C, 0x00, 
    0x30, 0x00, 
    0x30, 0x00, 
    0x30, 0x00, 
    0x30, 0x00, 
    0x30, 0x00, 
    0x30, 0x00, 
    0x30, 0x00, 
    0x1C, 0x00, 
    0x0C, 0x00, 
    0x00, 0x00, 
    0x00, 0x00, 
    0x00, 0x00, 
    // 'u' (ASCII 117)
    0x00, 0x00, 
    0x00, 0x00, 
    0x00, 0x00, 
    0x00, 0x00, 
    0x00, 0x00, 
    0x00, 0x00, 
    0x20, 0x80, 
    0x31, 0x80, 
    0x31, 0x80, 
    0x31, 0x80, 
    0x31, 0x80, 
    0x31, 0x80, 
    0x31, 0x80, 
    0x31, 0x80, 
    0x31, 0x80, 
    0x1F, 0x80, 
    0x0F, 0x80, 
    0x00, 0x00, 
    0x00, 0x00, 
    0x00, 0x00, 
    // 'v' (ASCII 118)
    0x00, 0x00, 
    0x00, 0x00, 
    0x00, 0x00, 
    0x00, 0x00, 
    0x00, 0x00, 
    0x00, 0x00, 
    0x30, 0x80, 
    0x31, 0x80, 
    0x31, 0x80, 
    0x11, 0x00, 
    0x1B, 0x00, 
    0x1B, 0x00, 
    0x1B, 0x00, 
    0x1B, 0x00, 
    0x0E, 0x00, 
    0x0E, 0x00, 
    0x0E, 0x00, 
    0x00, 0x00, 
    0x00, 0x00, 
    0x00, 0x00, 
    // 'w' (ASCII 119)
    0x00, 0x00, 
    0x00, 0x00, 
    0x00, 0x00, 
    0x00, 0x00, 
    0x00, 0x00, 
    0x00, 0x00, 
    0x21, 0x84, 
    0x31, 0x8C, 
    0x31, 0x8C, 
    0x11, 0xCC, 
    0x1B, 0xC8, 
    0x1B, 0xC8, 
    0x1B, 0x58, 
    0x1B, 0x58, 
    0x0E, 0x78, 
    0x0E, 0x78, 
    0x0E, 0x70, 
    0x00, 0x00, 
    0x00, 0x00, 
    0x00, 0x00, 
    // 'x' (ASCII 120)
    0x00, 0x00, 
    0x00, 0x00, 
    0x00, 0x00, 
    0x00, 0x00, 
    0x00, 0x00, 
    0x00, 0x00, 
    0x31, 0x80, 
    0x31, 0x80, 
    0x1B, 0x00, 
    0x0E, 0x00, 
    0x0E, 0x00, 
    0x04, 0x00, 
    0x0E, 0x00, 
    0x0E, 0x00, 
    0x1B, 0x00, 
    0x11, 0x00, 
    0x31, 0x80, 
    0x00, 0x00, 
    0x00, 0x00, 
    0x00, 0x00, 
    // 'y' (ASCII 121)
    0x00, 0x00, 
    0x00, 0x00, 
    0x00, 0x00, 
    0x00, 0x00, 
    0x00, 0x00, 
    0x00, 0x00, 
    0x11, 0x80, 
    0x19, 0x80, 
    0x19, 0x80, 
    0x19, 0x00, 
    0x0B, 0x00, 
    0x0B, 0x00, 
    0x0F, 0x00, 
    0x0F, 0x00, 
    0x0E, 0x00, 
    0x06, 0x00, 
    0x06, 0x00, 
    0x06, 0x00, 
    0x06, 0x00, 
    0x3C, 0x00, 
    // 'z' (ASCII 122)
    0x00, 0x00, 
    0x00, 0x00, 
    0x00, 0x00, 
    0x00, 0x00, 
    0x00, 0x00, 
    0x00, 0x00, 
    0x3F, 0x80, 
    0x3F, 0x80, 
    0x03, 0x80, 
    0x03, 0x00, 
    0x06, 0x00, 
    0x06, 0x00, 
    0x0C, 0x00, 
    0x18, 0x00, 
    0x38, 0x00, 
    0x3F, 0x80, 
    0x3F, 0x80, 
    0x00, 0x00, 
    0x00, 0x00, 
    0x00, 0x00, 
    // '{' (ASCII 123)
    0x00, 0x00, 
    0x00, 0x00, 
    0x00, 0x00, 
    0x03, 0x00, 
    0x06, 0x00, 
    0x04, 0x00, 
    0x04, 0x00, 
    0x04, 0x00, 
    0x04, 0x00, 
    0x0C, 0x00, 
    0x18, 0x00, 
    0x0C, 0x00, 
    0x04, 0x00, 
    0x04, 0x00, 
    0x04, 0x00, 
    0x04, 0x00, 
    0x06, 0x00, 
    0x07, 0x00, 
    0x01, 0x00, 
    0x00, 0x00, 
    // '|' (ASCII 124)
    0x00, 0x00, 
    0x04, 0x00, 
    0x04, 0x00, 
    0x04, 0x00, 
    0x04, 0x00, 
    0x04, 0x00, 
    0x04, 0x00, 
    0x04, 0x00, 
    0x04, 0x00, 
    0x04, 0x00, 
    0x04, 0x00, 
    0x04, 0x00, 
    0x04, 0x00, 
    0x04, 0x00, 
    0x04, 0x00, 
    0x04, 0x00, 
    0x04, 0x00, 
    0x04, 0x00, 
    0x04, 0x00, 
    0x00, 0x00, 
    // '}' (ASCII 125)
    0x00, 0x00, 
    0x00, 0x00, 
    0x00, 0x00, 
    0x18, 0x00, 
    0x0C, 0x00, 
    0x04, 0x00, 
    0x04, 0x00, 
    0x04, 0x00, 
    0x04, 0x00, 
    0x06, 0x00, 
    0x03, 0x00, 
    0x06, 0x00, 
    0x04, 0x00, 
    0x04, 0x00, 
    0x04, 0x00, 
    0x04, 0x00, 
    0x0C, 0x00, 
    0x1C, 0x00, 
    0x10, 0x00, 
    0x00, 0x00, 
    // '~' (ASCII 126)
    0x00, 0x00, 
    0x00, 0x00, 
    0x00, 0x00, 
    0x00, 0x00, 
    0x00, 0x00, 
    0x00, 0x00, 
    0x00, 0x00, 
    0x00, 0x00, 
    0x00, 0x00, 
    0x00, 0x00, 
    0x00, 0x00, 
    0x3F, 0x80, 
    0x1D, 0x80, 
    0x00, 0x00, 
    0x00, 0x00, 
    0x00, 0x00, 
    0x00, 0x00, 
    0x00, 0x00, 
    0x00, 0x00, 
    0x00, 0x00, 
};

sFONT Font_Logisoso_20 = {
  Font_Logisoso_20_Table,
  16, // Width
  20  // Height
};

// @19x24 pixel layout for Logisoso
const uint8_t Font_Logisoso_24_Table[] = {
    // ' ' (ASCII 32)
    0x00, 0x00, 0x00, 
    0x00, 0x00, 0x00, 
    0x00, 0x00, 0x00, 
    0x00, 0x00, 0x00, 
    0x00, 0x00, 0x00, 
    0x00, 0x00, 0x00, 
    0x00, 0x00, 0x00, 
    0x00, 0x00, 0x00, 
    0x00, 0x00, 0x00, 
    0x00, 0x00, 0x00, 
    0x00, 0x00, 0x00, 
    0x00, 0x00, 0x00, 
    0x00, 0x00, 0x00, 
    0x00, 0x00, 0x00, 
    0x00, 0x00, 0x00, 
    0x00, 0x00, 0x00, 
    0x00, 0x00, 0x00, 
    0x00, 0x00, 0x00, 
    0x00, 0x00, 0x00, 
    0x00, 0x00, 0x00, 
    0x00, 0x00, 0x00, 
    0x00, 0x00, 0x00, 
    0x00, 0x00, 0x00, 
    0x00, 0x00, 0x00, 
    // '!' (ASCII 33)
    0x00, 0x00, 0x00, 
    0x00, 0x00, 0x00, 
    0x00, 0x00, 0x00, 
    0x00, 0x00, 0x00, 
    0x18, 0x00, 0x00, 
    0x18, 0x00, 0x00, 
    0x18, 0x00, 0x00, 
    0x18, 0x00, 0x00, 
    0x18, 0x00, 0x00, 
    0x18, 0x00, 0x00, 
    0x18, 0x00, 0x00, 
    0x18, 0x00, 0x00, 
    0x18, 0x00, 0x00, 
    0x18, 0x00, 0x00, 
    0x18, 0x00, 0x00, 
    0x18, 0x00, 0x00, 
    0x18, 0x00, 0x00, 
    0x00, 0x00, 0x00, 
    0x00, 0x00, 0x00, 
    0x18, 0x00, 0x00, 
    0x00, 0x00, 0x00, 
    0x00, 0x00, 0x00, 
    0x00, 0x00, 0x00, 
    0x00, 0x00, 0x00, 
    // '"' (ASCII 34)
    0x00, 0x00, 0x00, 
    0x00, 0x00, 0x00, 
    0x00, 0x00, 0x00, 
    0x00, 0x00, 0x00, 
    0x0D, 0x80, 0x00, 
    0x0D, 0x00, 0x00, 
    0x00, 0x00, 0x00, 
    0x00, 0x00, 0x00, 
    0x00, 0x00, 0x00, 
    0x00, 0x00, 0x00, 
    0x00, 0x00, 0x00, 
    0x00, 0x00, 0x00, 
    0x00, 0x00, 0x00, 
    0x00, 0x00, 0x00, 
    0x00, 0x00, 0x00, 
    0x00, 0x00, 0x00, 
    0x00, 0x00, 0x00, 
    0x00, 0x00, 0x00, 
    0x00, 0x00, 0x00, 
    0x00, 0x00, 0x00, 
    0x00, 0x00, 0x00, 
    0x00, 0x00, 0x00, 
    0x00, 0x00, 0x00, 
    0x00, 0x00, 0x00, 
    // '#' (ASCII 35)
    0x00, 0x00, 0x00, 
    0x00, 0x00, 0x00, 
    0x00, 0x00, 0x00, 
    0x00, 0x00, 0x00, 
    0x06, 0xE0, 0x00, 
    0x06, 0xC0, 0x00, 
    0x06, 0xC0, 0x00, 
    0x0E, 0xC0, 0x00, 
    0x0C, 0xC0, 0x00, 
    0x3F, 0xC0, 0x00, 
    0x3F, 0xE0, 0x00, 
    0x0D, 0xC0, 0x00, 
    0x0D, 0x80, 0x00, 
    0x3F, 0xE0, 0x00, 
    0x3F, 0xE0, 0x00, 
    0x19, 0x80, 0x00, 
    0x19, 0x80, 0x00, 
    0x1B, 0x80, 0x00, 
    0x1B, 0x00, 0x00, 
    0x3B, 0x00, 0x00, 
    0x12, 0x00, 0x00, 
    0x00, 0x00, 0x00, 
    0x00, 0x00, 0x00, 
    0x00, 0x00, 0x00, 
    // '$' (ASCII 36)
    0x00, 0x00, 0x00, 
    0x00, 0x00, 0x00, 
    0x06, 0x00, 0x00, 
    0x07, 0x00, 0x00, 
    0x0F, 0x80, 0x00, 
    0x1F, 0xC0, 0x00, 
    0x38, 0xC0, 0x00, 
    0x30, 0xC0, 0x00, 
    0x30, 0x00, 0x00, 
    0x18, 0x00, 0x00, 
    0x1C, 0x00, 0x00, 
    0x0E, 0x00, 0x00, 
    0x07, 0x00, 0x00, 
    0x03, 0x80, 0x00, 
    0x00, 0xC0, 0x00, 
    0x00, 0xE0, 0x00, 
    0x30, 0x60, 0x00, 
    0x38, 0xC0, 0x00, 
    0x1F, 0xC0, 0x00, 
    0x0F, 0x80, 0x00, 
    0x07, 0x00, 0x00, 
    0x06, 0x00, 0x00, 
    0x02, 0x00, 0x00, 
    0x00, 0x00, 0x00, 
    // '%' (ASCII 37)
    0x00, 0x00, 0x00, 
    0x00, 0x00, 0x00, 
    0x00, 0x00, 0x00, 
    0x00, 0x00, 0x00, 
    0x1C, 0xC0, 0x00, 
    0x34, 0xC0, 0x00, 
    0x3C, 0xC0, 0x00, 
    0x19, 0x80, 0x00, 
    0x01, 0x80, 0x00, 
    0x03, 0x00, 0x00, 
    0x03, 0x00, 0x00, 
    0x03, 0x00, 0x00, 
    0x06, 0x00, 0x00, 
    0x06, 0x00, 0x00, 
    0x0E, 0x00, 0x00, 
    0x0C, 0x00, 0x00, 
    0x0C, 0x80, 0x00, 
    0x19, 0xC0, 0x00, 
    0x1B, 0x60, 0x00, 
    0x19, 0xC0, 0x00, 
    0x30, 0x80, 0x00, 
    0x00, 0x00, 0x00, 
    0x00, 0x00, 0x00, 
    0x00, 0x00, 0x00, 
    // '&' (ASCII 38)
    0x00, 0x00, 0x00, 
    0x00, 0x00, 0x00, 
    0x00, 0x00, 0x00, 
    0x00, 0x00, 0x00, 
    0x0F, 0x80, 0x00, 
    0x1F, 0xC0, 0x00, 
    0x18, 0xC0, 0x00, 
    0x18, 0x00, 0x00, 
    0x18, 0x00, 0x00, 
    0x1C, 0x00, 0x00, 
    0x1C, 0x00, 0x00, 
    0x3E, 0x00, 0x00, 
    0x3E, 0x00, 0x00, 
    0x36, 0x60, 0x00, 
    0x33, 0xE0, 0x00, 
    0x33, 0xE0, 0x00, 
    0x33, 0xE0, 0x00, 
    0x39, 0xC0, 0x00, 
    0x1F, 0xC0, 0x00, 
    0x0F, 0xC0, 0x00, 
    0x00, 0x40, 0x00, 
    0x00, 0x00, 0x00, 
    0x00, 0x00, 0x00, 
    0x00, 0x00, 0x00, 
    // ''' (ASCII 39)
    0x00, 0x00, 0x00, 
    0x00, 0x00, 0x00, 
    0x00, 0x00, 0x00, 
    0x00, 0x00, 0x00, 
    0x18, 0x00, 0x00, 
    0x18, 0x00, 0x00, 
    0x00, 0x00, 0x00, 
    0x00, 0x00, 0x00, 
    0x00, 0x00, 0x00, 
    0x00, 0x00, 0x00, 
    0x00, 0x00, 0x00, 
    0x00, 0x00, 0x00, 
    0x00, 0x00, 0x00, 
    0x00, 0x00, 0x00, 
    0x00, 0x00, 0x00, 
    0x00, 0x00, 0x00, 
    0x00, 0x00, 0x00, 
    0x00, 0x00, 0x00, 
    0x00, 0x00, 0x00, 
    0x00, 0x00, 0x00, 
    0x00, 0x00, 0x00, 
    0x00, 0x00, 0x00, 
    0x00, 0x00, 0x00, 
    0x00, 0x00, 0x00, 
    // '(' (ASCII 40)
    0x00, 0x00, 0x00, 
    0x00, 0x00, 0x00, 
    0x00, 0x00, 0x00, 
    0x00, 0x00, 0x00, 
    0x03, 0x00, 0x00, 
    0x03, 0x00, 0x00, 
    0x06, 0x00, 0x00, 
    0x06, 0x00, 0x00, 
    0x06, 0x00, 0x00, 
    0x0C, 0x00, 0x00, 
    0x0C, 0x00, 0x00, 
    0x0C, 0x00, 0x00, 
    0x0C, 0x00, 0x00, 
    0x0C, 0x00, 0x00, 
    0x0C, 0x00, 0x00, 
    0x06, 0x00, 0x00, 
    0x06, 0x00, 0x00, 
    0x06, 0x00, 0x00, 
    0x03, 0x00, 0x00, 
    0x03, 0x00, 0x00, 
    0x00, 0x00, 0x00, 
    0x00, 0x00, 0x00, 
    0x00, 0x00, 0x00, 
    0x00, 0x00, 0x00, 
    // ')' (ASCII 41)
    0x00, 0x00, 0x00, 
    0x00, 0x00, 0x00, 
    0x00, 0x00, 0x00, 
    0x00, 0x00, 0x00, 
    0x06, 0x00, 0x00, 
    0x06, 0x00, 0x00, 
    0x07, 0x00, 0x00, 
    0x03, 0x00, 0x00, 
    0x03, 0x00, 0x00, 
    0x03, 0x00, 0x00, 
    0x01, 0x80, 0x00, 
    0x01, 0x80, 0x00, 
    0x01, 0x80, 0x00, 
    0x01, 0x80, 0x00, 
    0x03, 0x00, 0x00, 
    0x03, 0x00, 0x00, 
    0x03, 0x00, 0x00, 
    0x07, 0x00, 0x00, 
    0x06, 0x00, 0x00, 
    0x06, 0x00, 0x00, 
    0x00, 0x00, 0x00, 
    0x00, 0x00, 0x00, 
    0x00, 0x00, 0x00, 
    0x00, 0x00, 0x00, 
    // '*' (ASCII 42)
    0x00, 0x00, 0x00, 
    0x02, 0x00, 0x00, 
    0x02, 0x00, 0x00, 
    0x1F, 0xC0, 0x00, 
    0x0F, 0x80, 0x00, 
    0x0F, 0x80, 0x00, 
    0x1F, 0xC0, 0x00, 
    0x02, 0x00, 0x00, 
    0x02, 0x00, 0x00, 
    0x00, 0x00, 0x00, 
    0x00, 0x00, 0x00, 
    0x00, 0x00, 0x00, 
    0x00, 0x00, 0x00, 
    0x00, 0x00, 0x00, 
    0x00, 0x00, 0x00, 
    0x00, 0x00, 0x00, 
    0x00, 0x00, 0x00, 
    0x00, 0x00, 0x00, 
    0x00, 0x00, 0x00, 
    0x00, 0x00, 0x00, 
    0x00, 0x00, 0x00, 
    0x00, 0x00, 0x00, 
    0x00, 0x00, 0x00, 
    0x00, 0x00, 0x00, 
    // '+' (ASCII 43)
    0x00, 0x00, 0x00, 
    0x00, 0x00, 0x00, 
    0x00, 0x00, 0x00, 
    0x00, 0x00, 0x00, 
    0x00, 0x00, 0x00, 
    0x00, 0x00, 0x00, 
    0x00, 0x00, 0x00, 
    0x00, 0x00, 0x00, 
    0x00, 0x00, 0x00, 
    0x00, 0x00, 0x00, 
    0x00, 0x00, 0x00, 
    0x06, 0x00, 0x00, 
    0x06, 0x00, 0x00, 
    0x1F, 0xC0, 0x00, 
    0x1F, 0xC0, 0x00, 
    0x07, 0x00, 0x00, 
    0x06, 0x00, 0x00, 
    0x00, 0x00, 0x00, 
    0x00, 0x00, 0x00, 
    0x00, 0x00, 0x00, 
    0x00, 0x00, 0x00, 
    0x00, 0x00, 0x00, 
    0x00, 0x00, 0x00, 
    0x00, 0x00, 0x00, 
    // ',' (ASCII 44)
    0x00, 0x00, 0x00, 
    0x00, 0x00, 0x00, 
    0x00, 0x00, 0x00, 
    0x00, 0x00, 0x00, 
    0x00, 0x00, 0x00, 
    0x00, 0x00, 0x00, 
    0x00, 0x00, 0x00, 
    0x00, 0x00, 0x00, 
    0x00, 0x00, 0x00, 
    0x00, 0x00, 0x00, 
    0x00, 0x00, 0x00, 
    0x00, 0x00, 0x00, 
    0x00, 0x00, 0x00, 
    0x00, 0x00, 0x00, 
    0x00, 0x00, 0x00, 
    0x00, 0x00, 0x00, 
    0x00, 0x00, 0x00, 
    0x00, 0x00, 0x00, 
    0x00, 0x00, 0x00, 
    0x18, 0x00, 0x00, 
    0x08, 0x00, 0x00, 
    0x00, 0x00, 0x00, 
    0x00, 0x00, 0x00, 
    0x00, 0x00, 0x00, 
    // '-' (ASCII 45)
    0x00, 0x00, 0x00, 
    0x00, 0x00, 0x00, 
    0x00, 0x00, 0x00, 
    0x00, 0x00, 0x00, 
    0x00, 0x00, 0x00, 
    0x00, 0x00, 0x00, 
    0x00, 0x00, 0x00, 
    0x00, 0x00, 0x00, 
    0x00, 0x00, 0x00, 
    0x00, 0x00, 0x00, 
    0x00, 0x00, 0x00, 
    0x00, 0x00, 0x00, 
    0x00, 0x00, 0x00, 
    0x1F, 0xC0, 0x00, 
    0x1F, 0xC0, 0x00, 
    0x00, 0x00, 0x00, 
    0x00, 0x00, 0x00, 
    0x00, 0x00, 0x00, 
    0x00, 0x00, 0x00, 
    0x00, 0x00, 0x00, 
    0x00, 0x00, 0x00, 
    0x00, 0x00, 0x00, 
    0x00, 0x00, 0x00, 
    0x00, 0x00, 0x00, 
    // '.' (ASCII 46)
    0x00, 0x00, 0x00, 
    0x00, 0x00, 0x00, 
    0x00, 0x00, 0x00, 
    0x00, 0x00, 0x00, 
    0x00, 0x00, 0x00, 
    0x00, 0x00, 0x00, 
    0x00, 0x00, 0x00, 
    0x00, 0x00, 0x00, 
    0x00, 0x00, 0x00, 
    0x00, 0x00, 0x00, 
    0x00, 0x00, 0x00, 
    0x00, 0x00, 0x00, 
    0x00, 0x00, 0x00, 
    0x00, 0x00, 0x00, 
    0x00, 0x00, 0x00, 
    0x00, 0x00, 0x00, 
    0x00, 0x00, 0x00, 
    0x00, 0x00, 0x00, 
    0x08, 0x00, 0x00, 
    0x18, 0x00, 0x00, 
    0x00, 0x00, 0x00, 
    0x00, 0x00, 0x00, 
    0x00, 0x00, 0x00, 
    0x00, 0x00, 0x00, 
    // '/' (ASCII 47)
    0x00, 0x00, 0x00, 
    0x00, 0x00, 0x00, 
    0x00, 0x00, 0x00, 
    0x00, 0x00, 0x00, 
    0x00, 0xC0, 0x00, 
    0x00, 0xC0, 0x00, 
    0x01, 0x80, 0x00, 
    0x01, 0x80, 0x00, 
    0x01, 0x80, 0x00, 
    0x03, 0x00, 0x00, 
    0x03, 0x00, 0x00, 
    0x07, 0x00, 0x00, 
    0x06, 0x00, 0x00, 
    0x06, 0x00, 0x00, 
    0x0E, 0x00, 0x00, 
    0x0C, 0x00, 0x00, 
    0x0C, 0x00, 0x00, 
    0x1C, 0x00, 0x00, 
    0x18, 0x00, 0x00, 
    0x18, 0x00, 0x00, 
    0x00, 0x00, 0x00, 
    0x00, 0x00, 0x00, 
    0x00, 0x00, 0x00, 
    0x00, 0x00, 0x00, 
    // '0' (ASCII 48)
    0x00, 0x00, 0x00, 
    0x00, 0x00, 0x00, 
    0x00, 0x00, 0x00, 
    0x00, 0x00, 0x00, 
    0x0F, 0x80, 0x00, 
    0x1F, 0xC0, 0x00, 
    0x38, 0xC0, 0x00, 
    0x30, 0xE0, 0x00, 
    0x30, 0x60, 0x00, 
    0x30, 0xE0, 0x00, 
    0x30, 0x60, 0x00, 
    0x30, 0x60, 0x00, 
    0x30, 0x60, 0x00, 
    0x30, 0x60, 0x00, 
    0x30, 0x60, 0x00, 
    0x30, 0x60, 0x00, 
    0x30, 0xE0, 0x00, 
    0x38, 0xC0, 0x00, 
    0x1F, 0xC0, 0x00, 
    0x0F, 0x80, 0x00, 
    0x00, 0x00, 0x00, 
    0x00, 0x00, 0x00, 
    0x00, 0x00, 0x00, 
    0x00, 0x00, 0x00, 
    // '1' (ASCII 49)
    0x00, 0x00, 0x00, 
    0x00, 0x00, 0x00, 
    0x00, 0x00, 0x00, 
    0x00, 0x00, 0x00, 
    0x01, 0x80, 0x00, 
    0x03, 0x80, 0x00, 
    0x07, 0x80, 0x00, 
    0x0F, 0x80, 0x00, 
    0x01, 0x80, 0x00, 
    0x01, 0x80, 0x00, 
    0x01, 0x80, 0x00, 
    0x01, 0x80, 0x00, 
    0x01, 0x80, 0x00, 
    0x01, 0x80, 0x00, 
    0x01, 0x80, 0x00, 
    0x01, 0x80, 0x00, 
    0x01, 0x80, 0x00, 
    0x01, 0x80, 0x00, 
    0x01, 0x80, 0x00, 
    0x01, 0x80, 0x00, 
    0x01, 0x00, 0x00, 
    0x00, 0x00, 0x00, 
    0x00, 0x00, 0x00, 
    0x00, 0x00, 0x00, 
    // '2' (ASCII 50)
    0x00, 0x00, 0x00, 
    0x00, 0x00, 0x00, 
    0x00, 0x00, 0x00, 
    0x00, 0x00, 0x00, 
    0x0F, 0x80, 0x00, 
    0x1F, 0xC0, 0x00, 
    0x38, 0xC0, 0x00, 
    0x30, 0xE0, 0x00, 
    0x30, 0xE0, 0x00, 
    0x10, 0xC0, 0x00, 
    0x01, 0xC0, 0x00, 
    0x01, 0x80, 0x00, 
    0x03, 0x00, 0x00, 
    0x07, 0x00, 0x00, 
    0x06, 0x00, 0x00, 
    0x0E, 0x00, 0x00, 
    0x1C, 0x00, 0x00, 
    0x18, 0x00, 0x00, 
    0x3F, 0xC0, 0x00, 
    0x3F, 0xE0, 0x00, 
    0x10, 0x00, 0x00, 
    0x00, 0x00, 0x00, 
    0x00, 0x00, 0x00, 
    0x00, 0x00, 0x00, 
    // '3' (ASCII 51)
    0x00, 0x00, 0x00, 
    0x00, 0x00, 0x00, 
    0x00, 0x00, 0x00, 
    0x00, 0x00, 0x00, 
    0x3F, 0xE0, 0x00, 
    0x3F, 0xE0, 0x00, 
    0x00, 0xC0, 0x00, 
    0x01, 0xC0, 0x00, 
    0x03, 0x80, 0x00, 
    0x03, 0x00, 0x00, 
    0x07, 0x00, 0x00, 
    0x07, 0x80, 0x00, 
    0x01, 0xC0, 0x00, 
    0x00, 0xE0, 0x00, 
    0x00, 0x60, 0x00, 
    0x00, 0x60, 0x00, 
    0x00, 0xE0, 0x00, 
    0x10, 0xC0, 0x00, 
    0x1F, 0xC0, 0x00, 
    0x1F, 0x80, 0x00, 
    0x00, 0x00, 0x00, 
    0x00, 0x00, 0x00, 
    0x00, 0x00, 0x00, 
    0x00, 0x00, 0x00, 
    // '4' (ASCII 52)
    0x00, 0x00, 0x00, 
    0x00, 0x00, 0x00, 
    0x00, 0x00, 0x00, 
    0x00, 0x00, 0x00, 
    0x06, 0x00, 0x00, 
    0x06, 0x00, 0x00, 
    0x0E, 0x00, 0x00, 
    0x0C, 0x00, 0x00, 
    0x0C, 0x00, 0x00, 
    0x0C, 0x00, 0x00, 
    0x1C, 0x00, 0x00, 
    0x18, 0x00, 0x00, 
    0x19, 0x00, 0x00, 
    0x1B, 0x00, 0x00, 
    0x3B, 0x00, 0x00, 
    0x3F, 0xE0, 0x00, 
    0x3F, 0xE0, 0x00, 
    0x03, 0x80, 0x00, 
    0x03, 0x00, 0x00, 
    0x03, 0x80, 0x00, 
    0x01, 0x00, 0x00, 
    0x00, 0x00, 0x00, 
    0x00, 0x00, 0x00, 
    0x00, 0x00, 0x00, 
    // '5' (ASCII 53)
    0x00, 0x00, 0x00, 
    0x00, 0x00, 0x00, 
    0x00, 0x00, 0x00, 
    0x00, 0x00, 0x00, 
    0x3F, 0xE0, 0x00, 
    0x3F, 0xC0, 0x00, 
    0x30, 0x00, 0x00, 
    0x30, 0x00, 0x00, 
    0x30, 0x00, 0x00, 
    0x3F, 0x00, 0x00, 
    0x3F, 0x80, 0x00, 
    0x39, 0xC0, 0x00, 
    0x38, 0xC0, 0x00, 
    0x00, 0x60, 0x00, 
    0x00, 0x60, 0x00, 
    0x00, 0x60, 0x00, 
    0x30, 0x60, 0x00, 
    0x38, 0xC0, 0x00, 
    0x1F, 0xC0, 0x00, 
    0x0F, 0x80, 0x00, 
    0x00, 0x00, 0x00, 
    0x00, 0x00, 0x00, 
    0x00, 0x00, 0x00, 
    0x00, 0x00, 0x00, 
    // '6' (ASCII 54)
    0x00, 0x00, 0x00, 
    0x00, 0x00, 0x00, 
    0x00, 0x00, 0x00, 
    0x00, 0x00, 0x00, 
    0x0F, 0x80, 0x00, 
    0x1F, 0xC0, 0x00, 
    0x38, 0xC0, 0x00, 
    0x30, 0x40, 0x00, 
    0x30, 0x00, 0x00, 
    0x30, 0x00, 0x00, 
    0x3F, 0x00, 0x00, 
    0x3F, 0xC0, 0x00, 
    0x38, 0xC0, 0x00, 
    0x30, 0xC0, 0x00, 
    0x30, 0xE0, 0x00, 
    0x30, 0xE0, 0x00, 
    0x30, 0xE0, 0x00, 
    0x38, 0xC0, 0x00, 
    0x1F, 0xC0, 0x00, 
    0x0F, 0x80, 0x00, 
    0x00, 0x00, 0x00, 
    0x00, 0x00, 0x00, 
    0x00, 0x00, 0x00, 
    0x00, 0x00, 0x00, 
    // '7' (ASCII 55)
    0x00, 0x00, 0x00, 
    0x00, 0x00, 0x00, 
    0x00, 0x00, 0x00, 
    0x00, 0x00, 0x00, 
    0x3F, 0xE0, 0x00, 
    0x3F, 0xE0, 0x00, 
    0x30, 0xC0, 0x00, 
    0x30, 0xC0, 0x00, 
    0x01, 0xC0, 0x00, 
    0x01, 0xC0, 0x00, 
    0x01, 0x80, 0x00, 
    0x01, 0x80, 0x00, 
    0x03, 0x80, 0x00, 
    0x03, 0x80, 0x00, 
    0x03, 0x00, 0x00, 
    0x03, 0x00, 0x00, 
    0x07, 0x00, 0x00, 
    0x06, 0x00, 0x00, 
    0x06, 0x00, 0x00, 
    0x06, 0x00, 0x00, 
    0x00, 0x00, 0x00, 
    0x00, 0x00, 0x00, 
    0x00, 0x00, 0x00, 
    0x00, 0x00, 0x00, 
    // '8' (ASCII 56)
    0x00, 0x00, 0x00, 
    0x00, 0x00, 0x00, 
    0x00, 0x00, 0x00, 
    0x00, 0x00, 0x00, 
    0x0F, 0x80, 0x00, 
    0x1F, 0xC0, 0x00, 
    0x38, 0xC0, 0x00, 
    0x30, 0xE0, 0x00, 
    0x30, 0x60, 0x00, 
    0x30, 0xE0, 0x00, 
    0x18, 0xC0, 0x00, 
    0x1F, 0xC0, 0x00, 
    0x1F, 0xC0, 0x00, 
    0x19, 0xC0, 0x00, 
    0x30, 0xE0, 0x00, 
    0x30, 0x60, 0x00, 
    0x30, 0x60, 0x00, 
    0x38, 0xC0, 0x00, 
    0x1F, 0xC0, 0x00, 
    0x0F, 0x80, 0x00, 
    0x00, 0x00, 0x00, 
    0x00, 0x00, 0x00, 
    0x00, 0x00, 0x00, 
    0x00, 0x00, 0x00, 
    // '9' (ASCII 57)
    0x00, 0x00, 0x00, 
    0x00, 0x00, 0x00, 
    0x00, 0x00, 0x00, 
    0x00, 0x00, 0x00, 
    0x0F, 0x80, 0x00, 
    0x1F, 0xC0, 0x00, 
    0x38, 0xC0, 0x00, 
    0x30, 0xE0, 0x00, 
    0x30, 0x60, 0x00, 
    0x30, 0x60, 0x00, 
    0x30, 0xE0, 0x00, 
    0x38, 0xE0, 0x00, 
    0x1F, 0xE0, 0x00, 
    0x0F, 0xE0, 0x00, 
    0x00, 0x60, 0x00, 
    0x00, 0x60, 0x00, 
    0x30, 0x60, 0x00, 
    0x38, 0xC0, 0x00, 
    0x1F, 0xC0, 0x00, 
    0x0F, 0x80, 0x00, 
    0x00, 0x00, 0x00, 
    0x00, 0x00, 0x00, 
    0x00, 0x00, 0x00, 
    0x00, 0x00, 0x00, 
    // ':' (ASCII 58)
    0x00, 0x00, 0x00, 
    0x00, 0x00, 0x00, 
    0x00, 0x00, 0x00, 
    0x00, 0x00, 0x00, 
    0x00, 0x00, 0x00, 
    0x00, 0x00, 0x00, 
    0x00, 0x00, 0x00, 
    0x00, 0x00, 0x00, 
    0x00, 0x00, 0x00, 
    0x18, 0x00, 0x00, 
    0x18, 0x00, 0x00, 
    0x00, 0x00, 0x00, 
    0x00, 0x00, 0x00, 
    0x00, 0x00, 0x00, 
    0x00, 0x00, 0x00, 
    0x00, 0x00, 0x00, 
    0x08, 0x00, 0x00, 
    0x18, 0x00, 0x00, 
    0x00, 0x00, 0x00, 
    0x00, 0x00, 0x00, 
    0x00, 0x00, 0x00, 
    0x00, 0x00, 0x00, 
    0x00, 0x00, 0x00, 
    0x00, 0x00, 0x00, 
    // ';' (ASCII 59)
    0x00, 0x00, 0x00, 
    0x00, 0x00, 0x00, 
    0x00, 0x00, 0x00, 
    0x00, 0x00, 0x00, 
    0x00, 0x00, 0x00, 
    0x00, 0x00, 0x00, 
    0x00, 0x00, 0x00, 
    0x00, 0x00, 0x00, 
    0x00, 0x00, 0x00, 
    0x18, 0x00, 0x00, 
    0x18, 0x00, 0x00, 
    0x00, 0x00, 0x00, 
    0x00, 0x00, 0x00, 
    0x00, 0x00, 0x00, 
    0x00, 0x00, 0x00, 
    0x00, 0x00, 0x00, 
    0x08, 0x00, 0x00, 
    0x18, 0x00, 0x00, 
    0x08, 0x00, 0x00, 
    0x00, 0x00, 0x00, 
    0x00, 0x00, 0x00, 
    0x00, 0x00, 0x00, 
    0x00, 0x00, 0x00, 
    0x00, 0x00, 0x00, 
    // '<' (ASCII 60)
    0x00, 0x00, 0x00, 
    0x00, 0x00, 0x00, 
    0x00, 0x00, 0x00, 
    0x00, 0x00, 0x00, 
    0x00, 0x00, 0x00, 
    0x00, 0x00, 0x00, 
    0x00, 0x00, 0x00, 
    0x00, 0x00, 0x00, 
    0x00, 0x80, 0x00, 
    0x03, 0x80, 0x00, 
    0x07, 0x00, 0x00, 
    0x0C, 0x00, 0x00, 
    0x0C, 0x00, 0x00, 
    0x0C, 0x00, 0x00, 
    0x07, 0x00, 0x00, 
    0x03, 0x80, 0x00, 
    0x01, 0x80, 0x00, 
    0x00, 0x00, 0x00, 
    0x00, 0x00, 0x00, 
    0x00, 0x00, 0x00, 
    0x00, 0x00, 0x00, 
    0x00, 0x00, 0x00, 
    0x00, 0x00, 0x00, 
    0x00, 0x00, 0x00, 
    // '=' (ASCII 61)
    0x00, 0x00, 0x00, 
    0x00, 0x00, 0x00, 
    0x00, 0x00, 0x00, 
    0x00, 0x00, 0x00, 
    0x00, 0x00, 0x00, 
    0x00, 0x00, 0x00, 
    0x00, 0x00, 0x00, 
    0x00, 0x00, 0x00, 
    0x00, 0x00, 0x00, 
    0x00, 0x00, 0x00, 
    0x00, 0x00, 0x00, 
    0x00, 0x00, 0x00, 
    0x1F, 0xC0, 0x00, 
    0x1F, 0xC0, 0x00, 
    0x00, 0x00, 0x00, 
    0x00, 0x00, 0x00, 
    0x1F, 0xC0, 0x00, 
    0x1F, 0xC0, 0x00, 
    0x00, 0x00, 0x00, 
    0x00, 0x00, 0x00, 
    0x00, 0x00, 0x00, 
    0x00, 0x00, 0x00, 
    0x00, 0x00, 0x00, 
    0x00, 0x00, 0x00, 
    // '>' (ASCII 62)
    0x00, 0x00, 0x00, 
    0x00, 0x00, 0x00, 
    0x00, 0x00, 0x00, 
    0x00, 0x00, 0x00, 
    0x00, 0x00, 0x00, 
    0x00, 0x00, 0x00, 
    0x00, 0x00, 0x00, 
    0x00, 0x00, 0x00, 
    0x08, 0x00, 0x00, 
    0x0C, 0x00, 0x00, 
    0x07, 0x00, 0x00, 
    0x03, 0x80, 0x00, 
    0x01, 0x80, 0x00, 
    0x01, 0x80, 0x00, 
    0x07, 0x00, 0x00, 
    0x0E, 0x00, 0x00, 
    0x08, 0x00, 0x00, 
    0x00, 0x00, 0x00, 
    0x00, 0x00, 0x00, 
    0x00, 0x00, 0x00, 
    0x00, 0x00, 0x00, 
    0x00, 0x00, 0x00, 
    0x00, 0x00, 0x00, 
    0x00, 0x00, 0x00, 
    // '?' (ASCII 63)
    0x00, 0x00, 0x00, 
    0x00, 0x00, 0x00, 
    0x00, 0x00, 0x00, 
    0x00, 0x00, 0x00, 
    0x0F, 0x80, 0x00, 
    0x1F, 0xC0, 0x00, 
    0x38, 0xC0, 0x00, 
    0x30, 0x60, 0x00, 
    0x00, 0xE0, 0x00, 
    0x00, 0xC0, 0x00, 
    0x01, 0xC0, 0x00, 
    0x03, 0x80, 0x00, 
    0x07, 0x00, 0x00, 
    0x06, 0x00, 0x00, 
    0x06, 0x00, 0x00, 
    0x06, 0x00, 0x00, 
    0x06, 0x00, 0x00, 
    0x00, 0x00, 0x00, 
    0x00, 0x00, 0x00, 
    0x06, 0x00, 0x00, 
    0x00, 0x00, 0x00, 
    0x00, 0x00, 0x00, 
    0x00, 0x00, 0x00, 
    0x00, 0x00, 0x00, 
    // '@' (ASCII 64)
    0x00, 0x00, 0x00, 
    0x00, 0x00, 0x00, 
    0x00, 0x00, 0x00, 
    0x00, 0x00, 0x00, 
    0x00, 0x00, 0x00, 
    0x03, 0xF8, 0x00, 
    0x07, 0xFE, 0x00, 
    0x0E, 0x0E, 0x00, 
    0x1C, 0x03, 0x00, 
    0x18, 0xFB, 0x80, 
    0x31, 0xF9, 0x80, 
    0x33, 0xB9, 0x80, 
    0x33, 0x99, 0x80, 
    0x33, 0x99, 0x80, 
    0x33, 0x99, 0x80, 
    0x33, 0x99, 0x80, 
    0x33, 0x19, 0x80, 
    0x33, 0x99, 0x80, 
    0x31, 0xFF, 0x80, 
    0x39, 0xFF, 0x00, 
    0x18, 0x00, 0x00, 
    0x1C, 0x00, 0x00, 
    0x0F, 0x00, 0x00, 
    0x07, 0xFE, 0x00, 
    // 'A' (ASCII 65)
    0x00, 0x00, 0x00, 
    0x00, 0x00, 0x00, 
    0x00, 0x00, 0x00, 
    0x00, 0x00, 0x00, 
    0x07, 0x00, 0x00, 
    0x07, 0x00, 0x00, 
    0x07, 0x00, 0x00, 
    0x07, 0x00, 0x00, 
    0x0F, 0x00, 0x00, 
    0x0F, 0x80, 0x00, 
    0x0F, 0x80, 0x00, 
    0x0D, 0x80, 0x00, 
    0x0D, 0x80, 0x00, 
    0x0D, 0x80, 0x00, 
    0x19, 0x80, 0x00, 
    0x1F, 0xC0, 0x00, 
    0x1F, 0xC0, 0x00, 
    0x18, 0xC0, 0x00, 
    0x18, 0xC0, 0x00, 
    0x38, 0xC0, 0x00, 
    0x10, 0x40, 0x00, 
    0x00, 0x00, 0x00, 
    0x00, 0x00, 0x00, 
    0x00, 0x00, 0x00, 
    // 'B' (ASCII 66)
    0x00, 0x00, 0x00, 
    0x00, 0x00, 0x00, 
    0x00, 0x00, 0x00, 
    0x00, 0x00, 0x00, 
    0x3F, 0x00, 0x00, 
    0x3F, 0x80, 0x00, 
    0x31, 0xC0, 0x00, 
    0x30, 0xC0, 0x00, 
    0x30, 0xC0, 0x00, 
    0x30, 0xC0, 0x00, 
    0x3F, 0xC0, 0x00, 
    0x3F, 0x80, 0x00, 
    0x3F, 0xC0, 0x00, 
    0x30, 0xC0, 0x00, 
    0x30, 0xC0, 0x00, 
    0x30, 0x60, 0x00, 
    0x30, 0xC0, 0x00, 
    0x30, 0xC0, 0x00, 
    0x3F, 0xC0, 0x00, 
    0x3F, 0x80, 0x00, 
    0x10, 0x00, 0x00, 
    0x00, 0x00, 0x00, 
    0x00, 0x00, 0x00, 
    0x00, 0x00, 0x00, 
    // 'C' (ASCII 67)
    0x00, 0x00, 0x00, 
    0x00, 0x00, 0x00, 
    0x00, 0x00, 0x00, 
    0x00, 0x00, 0x00, 
    0x0F, 0x80, 0x00, 
    0x1F, 0xC0, 0x00, 
    0x38, 0xC0, 0x00, 
    0x30, 0x40, 0x00, 
    0x30, 0x00, 0x00, 
    0x30, 0x00, 0x00, 
    0x30, 0x00, 0x00, 
    0x30, 0x00, 0x00, 
    0x30, 0x00, 0x00, 
    0x30, 0x00, 0x00, 
    0x30, 0x00, 0x00, 
    0x30, 0x00, 0x00, 
    0x30, 0x40, 0x00, 
    0x38, 0xC0, 0x00, 
    0x1F, 0xC0, 0x00, 
    0x0F, 0x80, 0x00, 
    0x00, 0x00, 0x00, 
    0x00, 0x00, 0x00, 
    0x00, 0x00, 0x00, 
    0x00, 0x00, 0x00, 
    // 'D' (ASCII 68)
    0x00, 0x00, 0x00, 
    0x00, 0x00, 0x00, 
    0x00, 0x00, 0x00, 
    0x00, 0x00, 0x00, 
    0x3F, 0x80, 0x00, 
    0x3F, 0xC0, 0x00, 
    0x30, 0xC0, 0x00, 
    0x30, 0xE0, 0x00, 
    0x30, 0x60, 0x00, 
    0x30, 0xE0, 0x00, 
    0x30, 0x60, 0x00, 
    0x30, 0x60, 0x00, 
    0x30, 0x60, 0x00, 
    0x30, 0x60, 0x00, 
    0x30, 0x60, 0x00, 
    0x30, 0x60, 0x00, 
    0x30, 0xE0, 0x00, 
    0x30, 0xC0, 0x00, 
    0x3F, 0xC0, 0x00, 
    0x3F, 0x80, 0x00, 
    0x10, 0x00, 0x00, 
    0x00, 0x00, 0x00, 
    0x00, 0x00, 0x00, 
    0x00, 0x00, 0x00, 
    // 'E' (ASCII 69)
    0x00, 0x00, 0x00, 
    0x00, 0x00, 0x00, 
    0x00, 0x00, 0x00, 
    0x00, 0x00, 0x00, 
    0x3F, 0xE0, 0x00, 
    0x3F, 0xC0, 0x00, 
    0x30, 0x00, 0x00, 
    0x30, 0x00, 0x00, 
    0x30, 0x00, 0x00, 
    0x30, 0x00, 0x00, 
    0x30, 0x00, 0x00, 
    0x3F, 0x00, 0x00, 
    0x3F, 0x80, 0x00, 
    0x30, 0x00, 0x00, 
    0x30, 0x00, 0x00, 
    0x30, 0x00, 0x00, 
    0x30, 0x00, 0x00, 
    0x30, 0x00, 0x00, 
    0x3F, 0xC0, 0x00, 
    0x3F, 0xE0, 0x00, 
    0x10, 0x00, 0x00, 
    0x00, 0x00, 0x00, 
    0x00, 0x00, 0x00, 
    0x00, 0x00, 0x00, 
    // 'F' (ASCII 70)
    0x00, 0x00, 0x00, 
    0x00, 0x00, 0x00, 
    0x00, 0x00, 0x00, 
    0x00, 0x00, 0x00, 
    0x3F, 0xE0, 0x00, 
    0x3F, 0xC0, 0x00, 
    0x30, 0x00, 0x00, 
    0x30, 0x00, 0x00, 
    0x30, 0x00, 0x00, 
    0x30, 0x00, 0x00, 
    0x30, 0x00, 0x00, 
    0x3F, 0x00, 0x00, 
    0x3F, 0x80, 0x00, 
    0x30, 0x00, 0x00, 
    0x30, 0x00, 0x00, 
    0x30, 0x00, 0x00, 
    0x30, 0x00, 0x00, 
    0x30, 0x00, 0x00, 
    0x30, 0x00, 0x00, 
    0x30, 0x00, 0x00, 
    0x10, 0x00, 0x00, 
    0x00, 0x00, 0x00, 
    0x00, 0x00, 0x00, 
    0x00, 0x00, 0x00, 
    // 'G' (ASCII 71)
    0x00, 0x00, 0x00, 
    0x00, 0x00, 0x00, 
    0x00, 0x00, 0x00, 
    0x00, 0x00, 0x00, 
    0x0F, 0x80, 0x00, 
    0x1F, 0xC0, 0x00, 
    0x38, 0xC0, 0x00, 
    0x30, 0x40, 0x00, 
    0x30, 0x00, 0x00, 
    0x30, 0x00, 0x00, 
    0x30, 0x00, 0x00, 
    0x30, 0x00, 0x00, 
    0x33, 0xE0, 0x00, 
    0x31, 0xE0, 0x00, 
    0x30, 0x60, 0x00, 
    0x30, 0x60, 0x00, 
    0x30, 0xE0, 0x00, 
    0x38, 0xE0, 0x00, 
    0x1F, 0xE0, 0x00, 
    0x0F, 0xE0, 0x00, 
    0x00, 0x40, 0x00, 
    0x00, 0x00, 0x00, 
    0x00, 0x00, 0x00, 
    0x00, 0x00, 0x00, 
    // 'H' (ASCII 72)
    0x00, 0x00, 0x00, 
    0x00, 0x00, 0x00, 
    0x00, 0x00, 0x00, 
    0x00, 0x00, 0x00, 
    0x30, 0xE0, 0x00, 
    0x30, 0x60, 0x00, 
    0x30, 0x60, 0x00, 
    0x30, 0x60, 0x00, 
    0x30, 0x60, 0x00, 
    0x30, 0x60, 0x00, 
    0x30, 0xE0, 0x00, 
    0x3F, 0xE0, 0x00, 
    0x3F, 0xE0, 0x00, 
    0x30, 0xE0, 0x00, 
    0x30, 0x60, 0x00, 
    0x30, 0x60, 0x00, 
    0x30, 0x60, 0x00, 
    0x30, 0x60, 0x00, 
    0x30, 0x60, 0x00, 
    0x30, 0xE0, 0x00, 
    0x10, 0x40, 0x00, 
    0x00, 0x00, 0x00, 
    0x00, 0x00, 0x00, 
    0x00, 0x00, 0x00, 
    // 'I' (ASCII 73)
    0x00, 0x00, 0x00, 
    0x00, 0x00, 0x00, 
    0x00, 0x00, 0x00, 
    0x00, 0x00, 0x00, 
    0x18, 0x00, 0x00, 
    0x18, 0x00, 0x00, 
    0x18, 0x00, 0x00, 
    0x18, 0x00, 0x00, 
    0x18, 0x00, 0x00, 
    0x18, 0x00, 0x00, 
    0x18, 0x00, 0x00, 
    0x18, 0x00, 0x00, 
    0x18, 0x00, 0x00, 
    0x18, 0x00, 0x00, 
    0x18, 0x00, 0x00, 
    0x18, 0x00, 0x00, 
    0x18, 0x00, 0x00, 
    0x18, 0x00, 0x00, 
    0x18, 0x00, 0x00, 
    0x18, 0x00, 0x00, 
    0x08, 0x00, 0x00, 
    0x00, 0x00, 0x00, 
    0x00, 0x00, 0x00, 
    0x00, 0x00, 0x00, 
    // 'J' (ASCII 74)
    0x00, 0x00, 0x00, 
    0x00, 0x00, 0x00, 
    0x00, 0x00, 0x00, 
    0x00, 0x00, 0x00, 
    0x00, 0xE0, 0x00, 
    0x00, 0x60, 0x00, 
    0x00, 0x60, 0x00, 
    0x00, 0x60, 0x00, 
    0x00, 0x60, 0x00, 
    0x00, 0x60, 0x00, 
    0x00, 0x60, 0x00, 
    0x00, 0x60, 0x00, 
    0x00, 0x60, 0x00, 
    0x00, 0x60, 0x00, 
    0x00, 0x60, 0x00, 
    0x00, 0x60, 0x00, 
    0x30, 0xE0, 0x00, 
    0x38, 0xC0, 0x00, 
    0x1F, 0xC0, 0x00, 
    0x0F, 0x80, 0x00, 
    0x00, 0x00, 0x00, 
    0x00, 0x00, 0x00, 
    0x00, 0x00, 0x00, 
    0x00, 0x00, 0x00, 
    // 'K' (ASCII 75)
    0x00, 0x00, 0x00, 
    0x00, 0x00, 0x00, 
    0x00, 0x00, 0x00, 
    0x00, 0x00, 0x00, 
    0x30, 0xC0, 0x00, 
    0x31, 0xC0, 0x00, 
    0x33, 0x80, 0x00, 
    0x33, 0x00, 0x00, 
    0x37, 0x00, 0x00, 
    0x3E, 0x00, 0x00, 
    0x3E, 0x00, 0x00, 
    0x3C, 0x00, 0x00, 
    0x3C, 0x00, 0x00, 
    0x3C, 0x00, 0x00, 
    0x3E, 0x00, 0x00, 
    0x37, 0x00, 0x00, 
    0x33, 0x00, 0x00, 
    0x33, 0x80, 0x00, 
    0x31, 0x80, 0x00, 
    0x30, 0xC0, 0x00, 
    0x10, 0x40, 0x00, 
    0x00, 0x00, 0x00, 
    0x00, 0x00, 0x00, 
    0x00, 0x00, 0x00, 
    // 'L' (ASCII 76)
    0x00, 0x00, 0x00, 
    0x00, 0x00, 0x00, 
    0x00, 0x00, 0x00, 
    0x00, 0x00, 0x00, 
    0x30, 0x00, 0x00, 
    0x30, 0x00, 0x00, 
    0x30, 0x00, 0x00, 
    0x30, 0x00, 0x00, 
    0x30, 0x00, 0x00, 
    0x30, 0x00, 0x00, 
    0x30, 0x00, 0x00, 
    0x30, 0x00, 0x00, 
    0x30, 0x00, 0x00, 
    0x30, 0x00, 0x00, 
    0x30, 0x00, 0x00, 
    0x30, 0x00, 0x00, 
    0x30, 0x00, 0x00, 
    0x30, 0x00, 0x00, 
    0x3F, 0xC0, 0x00, 
    0x3F, 0xE0, 0x00, 
    0x10, 0x00, 0x00, 
    0x00, 0x00, 0x00, 
    0x00, 0x00, 0x00, 
    0x00, 0x00, 0x00, 
    // 'M' (ASCII 77)
    0x00, 0x00, 0x00, 
    0x00, 0x00, 0x00, 
    0x00, 0x00, 0x00, 
    0x00, 0x00, 0x00, 
    0x38, 0xE0, 0x00, 
    0x38, 0xE0, 0x00, 
    0x38, 0xE0, 0x00, 
    0x3D, 0xE0, 0x00, 
    0x3D, 0xE0, 0x00, 
    0x3F, 0xE0, 0x00, 
    0x3F, 0xE0, 0x00, 
    0x3F, 0xE0, 0x00, 
    0x37, 0x60, 0x00, 
    0x32, 0x60, 0x00, 
    0x32, 0x60, 0x00, 
    0x32, 0x60, 0x00, 
    0x30, 0x60, 0x00, 
    0x30, 0x60, 0x00, 
    0x30, 0x60, 0x00, 
    0x30, 0xE0, 0x00, 
    0x10, 0x40, 0x00, 
    0x00, 0x00, 0x00, 
    0x00, 0x00, 0x00, 
    0x00, 0x00, 0x00, 
    // 'N' (ASCII 78)
    0x00, 0x00, 0x00, 
    0x00, 0x00, 0x00, 
    0x00, 0x00, 0x00, 
    0x00, 0x00, 0x00, 
    0x38, 0xE0, 0x00, 
    0x38, 0x60, 0x00, 
    0x38, 0x60, 0x00, 
    0x3C, 0x60, 0x00, 
    0x3C, 0xE0, 0x00, 
    0x3E, 0xE0, 0x00, 
    0x3E, 0x60, 0x00, 
    0x36, 0x60, 0x00, 
    0x33, 0x60, 0x00, 
    0x33, 0xE0, 0x00, 
    0x33, 0xE0, 0x00, 
    0x31, 0xE0, 0x00, 
    0x31, 0xE0, 0x00, 
    0x31, 0xE0, 0x00, 
    0x30, 0xE0, 0x00, 
    0x30, 0xE0, 0x00, 
    0x10, 0x40, 0x00, 
    0x00, 0x00, 0x00, 
    0x00, 0x00, 0x00, 
    0x00, 0x00, 0x00, 
    // 'O' (ASCII 79)
    0x00, 0x00, 0x00, 
    0x00, 0x00, 0x00, 
    0x00, 0x00, 0x00, 
    0x00, 0x00, 0x00, 
    0x0F, 0x80, 0x00, 
    0x1F, 0xC0, 0x00, 
    0x38, 0xC0, 0x00, 
    0x30, 0xE0, 0x00, 
    0x30, 0x60, 0x00, 
    0x30, 0xE0, 0x00, 
    0x30, 0x60, 0x00, 
    0x30, 0x60, 0x00, 
    0x30, 0x60, 0x00, 
    0x30, 0x60, 0x00, 
    0x30, 0x60, 0x00, 
    0x30, 0x60, 0x00, 
    0x30, 0xE0, 0x00, 
    0x38, 0xC0, 0x00, 
    0x1F, 0xC0, 0x00, 
    0x0F, 0x80, 0x00, 
    0x00, 0x00, 0x00, 
    0x00, 0x00, 0x00, 
    0x00, 0x00, 0x00, 
    0x00, 0x00, 0x00, 
    // 'P' (ASCII 80)
    0x00, 0x00, 0x00, 
    0x00, 0x00, 0x00, 
    0x00, 0x00, 0x00, 
    0x00, 0x00, 0x00, 
    0x3F, 0x00, 0x00, 
    0x3F, 0x80, 0x00, 
    0x31, 0xC0, 0x00, 
    0x30, 0xC0, 0x00, 
    0x30, 0x60, 0x00, 
    0x30, 0xE0, 0x00, 
    0x30, 0xC0, 0x00, 
    0x39, 0xC0, 0x00, 
    0x3F, 0x80, 0x00, 
    0x3E, 0x00, 0x00, 
    0x30, 0x00, 0x00, 
    0x30, 0x00, 0x00, 
    0x30, 0x00, 0x00, 
    0x30, 0x00, 0x00, 
    0x30, 0x00, 0x00, 
    0x30, 0x00, 0x00, 
    0x10, 0x00, 0x00, 
    0x00, 0x00, 0x00, 
    0x00, 0x00, 0x00, 
    0x00, 0x00, 0x00, 
    // 'Q' (ASCII 81)
    0x00, 0x00, 0x00, 
    0x00, 0x00, 0x00, 
    0x00, 0x00, 0x00, 
    0x00, 0x00, 0x00, 
    0x0F, 0x80, 0x00, 
    0x1F, 0xC0, 0x00, 
    0x38, 0xC0, 0x00, 
    0x30, 0xE0, 0x00, 
    0x30, 0x60, 0x00, 
    0x30, 0xE0, 0x00, 
    0x30, 0x60, 0x00, 
    0x30, 0x60, 0x00, 
    0x30, 0x60, 0x00, 
    0x30, 0x60, 0x00, 
    0x30, 0x60, 0x00, 
    0x30, 0x60, 0x00, 
    0x30, 0xE0, 0x00, 
    0x38, 0xC0, 0x00, 
    0x1F, 0xC0, 0x00, 
    0x0F, 0xC0, 0x00, 
    0x00, 0x40, 0x00, 
    0x00, 0x00, 0x00, 
    0x00, 0x00, 0x00, 
    0x00, 0x00, 0x00, 
    // 'R' (ASCII 82)
    0x00, 0x00, 0x00, 
    0x00, 0x00, 0x00, 
    0x00, 0x00, 0x00, 
    0x00, 0x00, 0x00, 
    0x3F, 0x00, 0x00, 
    0x3F, 0x80, 0x00, 
    0x31, 0xC0, 0x00, 
    0x30, 0xC0, 0x00, 
    0x30, 0x60, 0x00, 
    0x30, 0xE0, 0x00, 
    0x30, 0xC0, 0x00, 
    0x39, 0xC0, 0x00, 
    0x3F, 0x80, 0x00, 
    0x3F, 0x00, 0x00, 
    0x33, 0x80, 0x00, 
    0x31, 0x80, 0x00, 
    0x31, 0x80, 0x00, 
    0x31, 0xC0, 0x00, 
    0x30, 0xC0, 0x00, 
    0x30, 0xC0, 0x00, 
    0x10, 0x00, 0x00, 
    0x00, 0x00, 0x00, 
    0x00, 0x00, 0x00, 
    0x00, 0x00, 0x00, 
    // 'S' (ASCII 83)
    0x00, 0x00, 0x00, 
    0x00, 0x00, 0x00, 
    0x00, 0x00, 0x00, 
    0x00, 0x00, 0x00, 
    0x0F, 0x80, 0x00, 
    0x1F, 0xC0, 0x00, 
    0x38, 0xC0, 0x00, 
    0x30, 0x40, 0x00, 
    0x30, 0x00, 0x00, 
    0x18, 0x00, 0x00, 
    0x1C, 0x00, 0x00, 
    0x0E, 0x00, 0x00, 
    0x07, 0x00, 0x00, 
    0x03, 0x80, 0x00, 
    0x00, 0xC0, 0x00, 
    0x00, 0xE0, 0x00, 
    0x30, 0x60, 0x00, 
    0x38, 0xC0, 0x00, 
    0x1F, 0xC0, 0x00, 
    0x0F, 0x80, 0x00, 
    0x00, 0x00, 0x00, 
    0x00, 0x00, 0x00, 
    0x00, 0x00, 0x00, 
    0x00, 0x00, 0x00, 
    // 'T' (ASCII 84)
    0x00, 0x00, 0x00, 
    0x00, 0x00, 0x00, 
    0x00, 0x00, 0x00, 
    0x00, 0x00, 0x00, 
    0x3F, 0xE0, 0x00, 
    0x3F, 0xC0, 0x00, 
    0x06, 0x00, 0x00, 
    0x06, 0x00, 0x00, 
    0x06, 0x00, 0x00, 
    0x06, 0x00, 0x00, 
    0x06, 0x00, 0x00, 
    0x06, 0x00, 0x00, 
    0x06, 0x00, 0x00, 
    0x06, 0x00, 0x00, 
    0x06, 0x00, 0x00, 
    0x06, 0x00, 0x00, 
    0x06, 0x00, 0x00, 
    0x06, 0x00, 0x00, 
    0x06, 0x00, 0x00, 
    0x06, 0x00, 0x00, 
    0x02, 0x00, 0x00, 
    0x00, 0x00, 0x00, 
    0x00, 0x00, 0x00, 
    0x00, 0x00, 0x00, 
    // 'U' (ASCII 85)
    0x00, 0x00, 0x00, 
    0x00, 0x00, 0x00, 
    0x00, 0x00, 0x00, 
    0x00, 0x00, 0x00, 
    0x30, 0xE0, 0x00, 
    0x30, 0x60, 0x00, 
    0x30, 0x60, 0x00, 
    0x30, 0x60, 0x00, 
    0x30, 0x60, 0x00, 
    0x30, 0x60, 0x00, 
    0x30, 0x60, 0x00, 
    0x30, 0x60, 0x00, 
    0x30, 0x60, 0x00, 
    0x30, 0x60, 0x00, 
    0x30, 0x60, 0x00, 
    0x30, 0x60, 0x00, 
    0x30, 0xE0, 0x00, 
    0x38, 0xC0, 0x00, 
    0x1F, 0xC0, 0x00, 
    0x0F, 0x80, 0x00, 
    0x00, 0x00, 0x00, 
    0x00, 0x00, 0x00, 
    0x00, 0x00, 0x00, 
    0x00, 0x00, 0x00, 
    // 'V' (ASCII 86)
    0x00, 0x00, 0x00, 
    0x00, 0x00, 0x00, 
    0x00, 0x00, 0x00, 
    0x00, 0x00, 0x00, 
    0x30, 0xC0, 0x00, 
    0x18, 0xC0, 0x00, 
    0x18, 0xC0, 0x00, 
    0x18, 0xC0, 0x00, 
    0x18, 0xC0, 0x00, 
    0x19, 0xC0, 0x00, 
    0x0D, 0x80, 0x00, 
    0x0D, 0x80, 0x00, 
    0x0D, 0x80, 0x00, 
    0x0D, 0x80, 0x00, 
    0x0F, 0x80, 0x00, 
    0x07, 0x80, 0x00, 
    0x07, 0x00, 0x00, 
    0x07, 0x00, 0x00, 
    0x07, 0x00, 0x00, 
    0x07, 0x00, 0x00, 
    0x02, 0x00, 0x00, 
    0x00, 0x00, 0x00, 
    0x00, 0x00, 0x00, 
    0x00, 0x00, 0x00, 
    // 'W' (ASCII 87)
    0x00, 0x00, 0x00, 
    0x00, 0x00, 0x00, 
    0x00, 0x00, 0x00, 
    0x00, 0x00, 0x00, 
    0x30, 0xE0, 0x00, 
    0x30, 0xC0, 0x00, 
    0x30, 0xC0, 0x00, 
    0x38, 0xC0, 0x00, 
    0x18, 0xC0, 0x00, 
    0x18, 0xC0, 0x00, 
    0x1A, 0xC0, 0x00, 
    0x1A, 0xC0, 0x00, 
    0x1E, 0xC0, 0x00, 
    0x1F, 0xC0, 0x00, 
    0x1F, 0xC0, 0x00, 
    0x1F, 0xC0, 0x00, 
    0x1F, 0xC0, 0x00, 
    0x1F, 0xC0, 0x00, 
    0x1D, 0xC0, 0x00, 
    0x1D, 0xC0, 0x00, 
    0x08, 0x80, 0x00, 
    0x00, 0x00, 0x00, 
    0x00, 0x00, 0x00, 
    0x00, 0x00, 0x00, 
    // 'X' (ASCII 88)
    0x00, 0x00, 0x00, 
    0x00, 0x00, 0x00, 
    0x00, 0x00, 0x00, 
    0x00, 0x00, 0x00, 
    0x38, 0xC0, 0x00, 
    0x18, 0xC0, 0x00, 
    0x18, 0xC0, 0x00, 
    0x1D, 0x80, 0x00, 
    0x0D, 0x80, 0x00, 
    0x0D, 0x80, 0x00, 
    0x0F, 0x80, 0x00, 
    0x07, 0x00, 0x00, 
    0x07, 0x00, 0x00, 
    0x0F, 0x80, 0x00, 
    0x0F, 0x80, 0x00, 
    0x0D, 0x80, 0x00, 
    0x1D, 0x80, 0x00, 
    0x18, 0xC0, 0x00, 
    0x18, 0xC0, 0x00, 
    0x38, 0xC0, 0x00, 
    0x00, 0x00, 0x00, 
    0x00, 0x00, 0x00, 
    0x00, 0x00, 0x00, 
    0x00, 0x00, 0x00, 
    // 'Y' (ASCII 89)
    0x00, 0x00, 0x00, 
    0x00, 0x00, 0x00, 
    0x00, 0x00, 0x00, 
    0x00, 0x00, 0x00, 
    0x38, 0xC0, 0x00, 
    0x18, 0xC0, 0x00, 
    0x19, 0xC0, 0x00, 
    0x19, 0x80, 0x00, 
    0x1D, 0x80, 0x00, 
    0x0F, 0x00, 0x00, 
    0x0F, 0x00, 0x00, 
    0x0F, 0x00, 0x00, 
    0x06, 0x00, 0x00, 
    0x06, 0x00, 0x00, 
    0x0E, 0x00, 0x00, 
    0x0C, 0x00, 0x00, 
    0x0C, 0x00, 0x00, 
    0x1C, 0x00, 0x00, 
    0x18, 0x00, 0x00, 
    0x18, 0x00, 0x00, 
    0x00, 0x00, 0x00, 
    0x00, 0x00, 0x00, 
    0x00, 0x00, 0x00, 
    0x00, 0x00, 0x00, 
    // 'Z' (ASCII 90)
    0x00, 0x00, 0x00, 
    0x00, 0x00, 0x00, 
    0x00, 0x00, 0x00, 
    0x00, 0x00, 0x00, 
    0x3F, 0xE0, 0x00, 
    0x3F, 0xE0, 0x00, 
    0x00, 0xC0, 0x00, 
    0x01, 0xC0, 0x00, 
    0x01, 0x80, 0x00, 
    0x03, 0x80, 0x00, 
    0x03, 0x00, 0x00, 
    0x03, 0x00, 0x00, 
    0x06, 0x00, 0x00, 
    0x06, 0x00, 0x00, 
    0x0C, 0x00, 0x00, 
    0x0C, 0x00, 0x00, 
    0x18, 0x00, 0x00, 
    0x18, 0x00, 0x00, 
    0x3F, 0xC0, 0x00, 
    0x3F, 0xE0, 0x00, 
    0x10, 0x00, 0x00, 
    0x00, 0x00, 0x00, 
    0x00, 0x00, 0x00, 
    0x00, 0x00, 0x00, 
    // '[' (ASCII 91)
    0x00, 0x00, 0x00, 
    0x00, 0x00, 0x00, 
    0x00, 0x00, 0x00, 
    0x00, 0x00, 0x00, 
    0x0F, 0x80, 0x00, 
    0x0F, 0x80, 0x00, 
    0x0C, 0x00, 0x00, 
    0x0C, 0x00, 0x00, 
    0x0C, 0x00, 0x00, 
    0x0C, 0x00, 0x00, 
    0x0C, 0x00, 0x00, 
    0x0C, 0x00, 0x00, 
    0x0C, 0x00, 0x00, 
    0x0C, 0x00, 0x00, 
    0x0C, 0x00, 0x00, 
    0x0C, 0x00, 0x00, 
    0x0C, 0x00, 0x00, 
    0x0C, 0x00, 0x00, 
    0x0F, 0x80, 0x00, 
    0x0F, 0x80, 0x00, 
    0x04, 0x00, 0x00, 
    0x00, 0x00, 0x00, 
    0x00, 0x00, 0x00, 
    0x00, 0x00, 0x00, 
    // '\' (ASCII 92)
    0x00, 0x00, 0x00, 
    0x00, 0x00, 0x00, 
    0x00, 0x00, 0x00, 
    0x00, 0x00, 0x00, 
    0x18, 0x00, 0x00, 
    0x18, 0x00, 0x00, 
    0x1C, 0x00, 0x00, 
    0x0C, 0x00, 0x00, 
    0x0C, 0x00, 0x00, 
    0x0E, 0x00, 0x00, 
    0x06, 0x00, 0x00, 
    0x06, 0x00, 0x00, 
    0x03, 0x00, 0x00, 
    0x03, 0x00, 0x00, 
    0x03, 0x00, 0x00, 
    0x01, 0x80, 0x00, 
    0x01, 0x80, 0x00, 
    0x01, 0xC0, 0x00, 
    0x00, 0xC0, 0x00, 
    0x00, 0xC0, 0x00, 
    0x00, 0x00, 0x00, 
    0x00, 0x00, 0x00, 
    0x00, 0x00, 0x00, 
    0x00, 0x00, 0x00, 
    // ']' (ASCII 93)
    0x00, 0x00, 0x00, 
    0x00, 0x00, 0x00, 
    0x00, 0x00, 0x00, 
    0x00, 0x00, 0x00, 
    0x0F, 0x80, 0x00, 
    0x0F, 0x80, 0x00, 
    0x01, 0x80, 0x00, 
    0x01, 0x80, 0x00, 
    0x01, 0x80, 0x00, 
    0x01, 0x80, 0x00, 
    0x01, 0x80, 0x00, 
    0x01, 0x80, 0x00, 
    0x01, 0x80, 0x00, 
    0x01, 0x80, 0x00, 
    0x01, 0x80, 0x00, 
    0x01, 0x80, 0x00, 
    0x01, 0x80, 0x00, 
    0x01, 0x80, 0x00, 
    0x0F, 0x80, 0x00, 
    0x0F, 0x80, 0x00, 
    0x01, 0x00, 0x00, 
    0x00, 0x00, 0x00, 
    0x00, 0x00, 0x00, 
    0x00, 0x00, 0x00, 
    // '^' (ASCII 94)
    0x07, 0x00, 0x00, 
    0x0F, 0x80, 0x00, 
    0x19, 0x80, 0x00, 
    0x00, 0x00, 0x00, 
    0x00, 0x00, 0x00, 
    0x00, 0x00, 0x00, 
    0x00, 0x00, 0x00, 
    0x00, 0x00, 0x00, 
    0x00, 0x00, 0x00, 
    0x00, 0x00, 0x00, 
    0x00, 0x00, 0x00, 
    0x00, 0x00, 0x00, 
    0x00, 0x00, 0x00, 
    0x00, 0x00, 0x00, 
    0x00, 0x00, 0x00, 
    0x00, 0x00, 0x00, 
    0x00, 0x00, 0x00, 
    0x00, 0x00, 0x00, 
    0x00, 0x00, 0x00, 
    0x00, 0x00, 0x00, 
    0x00, 0x00, 0x00, 
    0x00, 0x00, 0x00, 
    0x00, 0x00, 0x00, 
    0x00, 0x00, 0x00, 
    // '_' (ASCII 95)
    0x00, 0x00, 0x00, 
    0x00, 0x00, 0x00, 
    0x00, 0x00, 0x00, 
    0x00, 0x00, 0x00, 
    0x00, 0x00, 0x00, 
    0x00, 0x00, 0x00, 
    0x00, 0x00, 0x00, 
    0x00, 0x00, 0x00, 
    0x00, 0x00, 0x00, 
    0x00, 0x00, 0x00, 
    0x00, 0x00, 0x00, 
    0x00, 0x00, 0x00, 
    0x00, 0x00, 0x00, 
    0x00, 0x00, 0x00, 
    0x00, 0x00, 0x00, 
    0x00, 0x00, 0x00, 
    0x00, 0x00, 0x00, 
    0x00, 0x00, 0x00, 
    0x00, 0x00, 0x00, 
    0x00, 0x00, 0x00, 
    0x3F, 0xE0, 0x00, 
    0x7F, 0xF0, 0x00, 
    0x00, 0x00, 0x00, 
    0x00, 0x00, 0x00, 
    // '`' (ASCII 96)
    0x00, 0x00, 0x00, 
    0x04, 0x00, 0x00, 
    0x06, 0x00, 0x00, 
    0x03, 0x00, 0x00, 
    0x01, 0x00, 0x00, 
    0x00, 0x00, 0x00, 
    0x00, 0x00, 0x00, 
    0x00, 0x00, 0x00, 
    0x00, 0x00, 0x00, 
    0x00, 0x00, 0x00, 
    0x00, 0x00, 0x00, 
    0x00, 0x00, 0x00, 
    0x00, 0x00, 0x00, 
    0x00, 0x00, 0x00, 
    0x00, 0x00, 0x00, 
    0x00, 0x00, 0x00, 
    0x00, 0x00, 0x00, 
    0x00, 0x00, 0x00, 
    0x00, 0x00, 0x00, 
    0x00, 0x00, 0x00, 
    0x00, 0x00, 0x00, 
    0x00, 0x00, 0x00, 
    0x00, 0x00, 0x00, 
    0x00, 0x00, 0x00, 
    // 'a' (ASCII 97)
    0x00, 0x00, 0x00, 
    0x00, 0x00, 0x00, 
    0x00, 0x00, 0x00, 
    0x00, 0x00, 0x00, 
    0x00, 0x00, 0x00, 
    0x00, 0x00, 0x00, 
    0x00, 0x00, 0x00, 
    0x00, 0x00, 0x00, 
    0x0F, 0x80, 0x00, 
    0x1F, 0xC0, 0x00, 
    0x18, 0xC0, 0x00, 
    0x18, 0x60, 0x00, 
    0x00, 0xE0, 0x00, 
    0x0F, 0xE0, 0x00, 
    0x1F, 0xE0, 0x00, 
    0x38, 0xE0, 0x00, 
    0x30, 0x60, 0x00, 
    0x30, 0xE0, 0x00, 
    0x1F, 0xE0, 0x00, 
    0x1F, 0xF0, 0x00, 
    0x00, 0x00, 0x00, 
    0x00, 0x00, 0x00, 
    0x00, 0x00, 0x00, 
    0x00, 0x00, 0x00, 
    // 'b' (ASCII 98)
    0x00, 0x00, 0x00, 
    0x00, 0x00, 0x00, 
    0x00, 0x00, 0x00, 
    0x10, 0x00, 0x00, 
    0x30, 0x00, 0x00, 
    0x30, 0x00, 0x00, 
    0x30, 0x00, 0x00, 
    0x30, 0x00, 0x00, 
    0x3F, 0x80, 0x00, 
    0x3F, 0xC0, 0x00, 
    0x38, 0xC0, 0x00, 
    0x30, 0xE0, 0x00, 
    0x30, 0x60, 0x00, 
    0x30, 0x60, 0x00, 
    0x30, 0x60, 0x00, 
    0x30, 0x60, 0x00, 
    0x30, 0x60, 0x00, 
    0x38, 0xC0, 0x00, 
    0x3F, 0xC0, 0x00, 
    0x3F, 0x80, 0x00, 
    0x10, 0x00, 0x00, 
    0x00, 0x00, 0x00, 
    0x00, 0x00, 0x00, 
    0x00, 0x00, 0x00, 
    // 'c' (ASCII 99)
    0x00, 0x00, 0x00, 
    0x00, 0x00, 0x00, 
    0x00, 0x00, 0x00, 
    0x00, 0x00, 0x00, 
    0x00, 0x00, 0x00, 
    0x00, 0x00, 0x00, 
    0x00, 0x00, 0x00, 
    0x00, 0x00, 0x00, 
    0x0F, 0x80, 0x00, 
    0x1F, 0xC0, 0x00, 
    0x38, 0xC0, 0x00, 
    0x30, 0xE0, 0x00, 
    0x30, 0x00, 0x00, 
    0x30, 0x00, 0x00, 
    0x30, 0x00, 0x00, 
    0x30, 0x00, 0x00, 
    0x30, 0x40, 0x00, 
    0x38, 0xC0, 0x00, 
    0x1F, 0xC0, 0x00, 
    0x0F, 0x80, 0x00, 
    0x00, 0x00, 0x00, 
    0x00, 0x00, 0x00, 
    0x00, 0x00, 0x00, 
    0x00, 0x00, 0x00, 
    // 'd' (ASCII 100)
    0x00, 0x00, 0x00, 
    0x00, 0x00, 0x00, 
    0x00, 0x00, 0x00, 
    0x00, 0x40, 0x00, 
    0x00, 0xE0, 0x00, 
    0x00, 0x60, 0x00, 
    0x00, 0x60, 0x00, 
    0x00, 0x60, 0x00, 
    0x0F, 0xE0, 0x00, 
    0x1F, 0xE0, 0x00, 
    0x38, 0xE0, 0x00, 
    0x30, 0xE0, 0x00, 
    0x30, 0x60, 0x00, 
    0x30, 0x60, 0x00, 
    0x30, 0x60, 0x00, 
    0x30, 0x60, 0x00, 
    0x30, 0x60, 0x00, 
    0x38, 0xE0, 0x00, 
    0x1F, 0xE0, 0x00, 
    0x0F, 0xE0, 0x00, 
    0x00, 0x40, 0x00, 
    0x00, 0x00, 0x00, 
    0x00, 0x00, 0x00, 
    0x00, 0x00, 0x00, 
    // 'e' (ASCII 101)
    0x00, 0x00, 0x00, 
    0x00, 0x00, 0x00, 
    0x00, 0x00, 0x00, 
    0x00, 0x00, 0x00, 
    0x00, 0x00, 0x00, 
    0x00, 0x00, 0x00, 
    0x00, 0x00, 0x00, 
    0x00, 0x00, 0x00, 
    0x0F, 0x80, 0x00, 
    0x1F, 0xC0, 0x00, 
    0x38, 0xC0, 0x00, 
    0x30, 0xE0, 0x00, 
    0x30, 0x60, 0x00, 
    0x3F, 0xE0, 0x00, 
    0x3F, 0xE0, 0x00, 
    0x30, 0x00, 0x00, 
    0x30, 0x00, 0x00, 
    0x38, 0xC0, 0x00, 
    0x1F, 0xC0, 0x00, 
    0x0F, 0x80, 0x00, 
    0x00, 0x00, 0x00, 
    0x00, 0x00, 0x00, 
    0x00, 0x00, 0x00, 
    0x00, 0x00, 0x00, 
    // 'f' (ASCII 102)
    0x00, 0x00, 0x00, 
    0x00, 0x00, 0x00, 
    0x00, 0x00, 0x00, 
    0x00, 0x00, 0x00, 
    0x07, 0xC0, 0x00, 
    0x07, 0xC0, 0x00, 
    0x0C, 0x40, 0x00, 
    0x0C, 0x00, 0x00, 
    0x0C, 0x00, 0x00, 
    0x0C, 0x00, 0x00, 
    0x3F, 0xC0, 0x00, 
    0x3F, 0xC0, 0x00, 
    0x0C, 0x00, 0x00, 
    0x0C, 0x00, 0x00, 
    0x0C, 0x00, 0x00, 
    0x0C, 0x00, 0x00, 
    0x0C, 0x00, 0x00, 
    0x0C, 0x00, 0x00, 
    0x0C, 0x00, 0x00, 
    0x0C, 0x00, 0x00, 
    0x04, 0x00, 0x00, 
    0x00, 0x00, 0x00, 
    0x00, 0x00, 0x00, 
    0x00, 0x00, 0x00, 
    // 'g' (ASCII 103)
    0x00, 0x00, 0x00, 
    0x00, 0x00, 0x00, 
    0x00, 0x00, 0x00, 
    0x00, 0x00, 0x00, 
    0x00, 0x00, 0x00, 
    0x00, 0x00, 0x00, 
    0x00, 0x00, 0x00, 
    0x00, 0x00, 0x00, 
    0x0F, 0xE0, 0x00, 
    0x1F, 0xE0, 0x00, 
    0x38, 0xC0, 0x00, 
    0x30, 0xE0, 0x00, 
    0x30, 0xE0, 0x00, 
    0x38, 0xC0, 0x00, 
    0x1F, 0xC0, 0x00, 
    0x0F, 0x80, 0x00, 
    0x1C, 0x00, 0x00, 
    0x18, 0x00, 0x00, 
    0x1F, 0x00, 0x00, 
    0x1F, 0xC0, 0x00, 
    0x3F, 0xC0, 0x00, 
    0x30, 0xE0, 0x00, 
    0x38, 0xC0, 0x00, 
    0x1F, 0xC0, 0x00, 
    // 'h' (ASCII 104)
    0x00, 0x00, 0x00, 
    0x00, 0x00, 0x00, 
    0x00, 0x00, 0x00, 
    0x10, 0x00, 0x00, 
    0x30, 0x00, 0x00, 
    0x30, 0x00, 0x00, 
    0x30, 0x00, 0x00, 
    0x30, 0x00, 0x00, 
    0x3F, 0x80, 0x00, 
    0x3F, 0xC0, 0x00, 
    0x38, 0xC0, 0x00, 
    0x30, 0xE0, 0x00, 
    0x30, 0x60, 0x00, 
    0x30, 0x60, 0x00, 
    0x30, 0x60, 0x00, 
    0x30, 0x60, 0x00, 
    0x30, 0x60, 0x00, 
    0x30, 0x60, 0x00, 
    0x30, 0x60, 0x00, 
    0x30, 0xE0, 0x00, 
    0x10, 0x40, 0x00, 
    0x00, 0x00, 0x00, 
    0x00, 0x00, 0x00, 
    0x00, 0x00, 0x00, 
    // 'i' (ASCII 105)
    0x00, 0x00, 0x00, 
    0x00, 0x00, 0x00, 
    0x00, 0x00, 0x00, 
    0x00, 0x00, 0x00, 
    0x18, 0x00, 0x00, 
    0x10, 0x00, 0x00, 
    0x00, 0x00, 0x00, 
    0x00, 0x00, 0x00, 
    0x18, 0x00, 0x00, 
    0x18, 0x00, 0x00, 
    0x18, 0x00, 0x00, 
    0x18, 0x00, 0x00, 
    0x18, 0x00, 0x00, 
    0x18, 0x00, 0x00, 
    0x18, 0x00, 0x00, 
    0x18, 0x00, 0x00, 
    0x18, 0x00, 0x00, 
    0x18, 0x00, 0x00, 
    0x1C, 0x00, 0x00, 
    0x1C, 0x00, 0x00, 
    0x00, 0x00, 0x00, 
    0x00, 0x00, 0x00, 
    0x00, 0x00, 0x00, 
    0x00, 0x00, 0x00, 
    // 'j' (ASCII 106)
    0x00, 0x00, 0x00, 
    0x00, 0x00, 0x00, 
    0x00, 0x00, 0x00, 
    0x00, 0x00, 0x00, 
    0x00, 0xC0, 0x00, 
    0x00, 0x80, 0x00, 
    0x00, 0x00, 0x00, 
    0x00, 0x00, 0x00, 
    0x01, 0xC0, 0x00, 
    0x01, 0xC0, 0x00, 
    0x01, 0xC0, 0x00, 
    0x01, 0xC0, 0x00, 
    0x01, 0xC0, 0x00, 
    0x01, 0xC0, 0x00, 
    0x01, 0xC0, 0x00, 
    0x01, 0xC0, 0x00, 
    0x01, 0xC0, 0x00, 
    0x01, 0xC0, 0x00, 
    0x01, 0xC0, 0x00, 
    0x01, 0xC0, 0x00, 
    0x01, 0xC0, 0x00, 
    0x01, 0xC0, 0x00, 
    0x1D, 0x80, 0x00, 
    0x0F, 0x80, 0x00, 
    // 'k' (ASCII 107)
    0x00, 0x00, 0x00, 
    0x00, 0x00, 0x00, 
    0x00, 0x00, 0x00, 
    0x10, 0x00, 0x00, 
    0x30, 0x00, 0x00, 
    0x30, 0x00, 0x00, 
    0x30, 0x00, 0x00, 
    0x30, 0x00, 0x00, 
    0x30, 0xC0, 0x00, 
    0x31, 0xC0, 0x00, 
    0x31, 0x80, 0x00, 
    0x33, 0x00, 0x00, 
    0x33, 0x00, 0x00, 
    0x36, 0x00, 0x00, 
    0x3E, 0x00, 0x00, 
    0x3F, 0x00, 0x00, 
    0x3F, 0x00, 0x00, 
    0x39, 0x80, 0x00, 
    0x31, 0x80, 0x00, 
    0x30, 0xC0, 0x00, 
    0x10, 0x40, 0x00, 
    0x00, 0x00, 0x00, 
    0x00, 0x00, 0x00, 
    0x00, 0x00, 0x00, 
    // 'l' (ASCII 108)
    0x00, 0x00, 0x00, 
    0x00, 0x00, 0x00, 
    0x00, 0x00, 0x00, 
    0x10, 0x00, 0x00, 
    0x30, 0x00, 0x00, 
    0x30, 0x00, 0x00, 
    0x30, 0x00, 0x00, 
    0x30, 0x00, 0x00, 
    0x30, 0x00, 0x00, 
    0x30, 0x00, 0x00, 
    0x30, 0x00, 0x00, 
    0x30, 0x00, 0x00, 
    0x30, 0x00, 0x00, 
    0x30, 0x00, 0x00, 
    0x30, 0x00, 0x00, 
    0x30, 0x00, 0x00, 
    0x30, 0x00, 0x00, 
    0x30, 0x00, 0x00, 
    0x3C, 0x00, 0x00, 
    0x1C, 0x00, 0x00, 
    0x00, 0x00, 0x00, 
    0x00, 0x00, 0x00, 
    0x00, 0x00, 0x00, 
    0x00, 0x00, 0x00, 
    // 'm' (ASCII 109)
    0x00, 0x00, 0x00, 
    0x00, 0x00, 0x00, 
    0x00, 0x00, 0x00, 
    0x00, 0x00, 0x00, 
    0x00, 0x00, 0x00, 
    0x00, 0x00, 0x00, 
    0x00, 0x00, 0x00, 
    0x00, 0x00, 0x00, 
    0x3F, 0xBE, 0x00, 
    0x3F, 0xFF, 0x00, 
    0x38, 0xE3, 0x80, 
    0x30, 0xE1, 0x80, 
    0x30, 0x61, 0x80, 
    0x30, 0x61, 0x80, 
    0x30, 0x61, 0x80, 
    0x30, 0x61, 0x80, 
    0x30, 0x61, 0x80, 
    0x30, 0x61, 0x80, 
    0x30, 0x61, 0x80, 
    0x30, 0xE1, 0x80, 
    0x10, 0x41, 0x00, 
    0x00, 0x00, 0x00, 
    0x00, 0x00, 0x00, 
    0x00, 0x00, 0x00, 
    // 'n' (ASCII 110)
    0x00, 0x00, 0x00, 
    0x00, 0x00, 0x00, 
    0x00, 0x00, 0x00, 
    0x00, 0x00, 0x00, 
    0x00, 0x00, 0x00, 
    0x00, 0x00, 0x00, 
    0x00, 0x00, 0x00, 
    0x00, 0x00, 0x00, 
    0x3F, 0x80, 0x00, 
    0x3F, 0xC0, 0x00, 
    0x38, 0xC0, 0x00, 
    0x30, 0xE0, 0x00, 
    0x30, 0x60, 0x00, 
    0x30, 0x60, 0x00, 
    0x30, 0x60, 0x00, 
    0x30, 0x60, 0x00, 
    0x30, 0x60, 0x00, 
    0x30, 0x60, 0x00, 
    0x30, 0x60, 0x00, 
    0x30, 0xE0, 0x00, 
    0x10, 0x40, 0x00, 
    0x00, 0x00, 0x00, 
    0x00, 0x00, 0x00, 
    0x00, 0x00, 0x00, 
    // 'o' (ASCII 111)
    0x00, 0x00, 0x00, 
    0x00, 0x00, 0x00, 
    0x00, 0x00, 0x00, 
    0x00, 0x00, 0x00, 
    0x00, 0x00, 0x00, 
    0x00, 0x00, 0x00, 
    0x00, 0x00, 0x00, 
    0x00, 0x00, 0x00, 
    0x0F, 0x80, 0x00, 
    0x1F, 0xC0, 0x00, 
    0x38, 0xC0, 0x00, 
    0x30, 0xE0, 0x00, 
    0x30, 0x60, 0x00, 
    0x30, 0x60, 0x00, 
    0x30, 0x60, 0x00, 
    0x30, 0x60, 0x00, 
    0x30, 0x60, 0x00, 
    0x38, 0xC0, 0x00, 
    0x1F, 0xC0, 0x00, 
    0x0F, 0x80, 0x00, 
    0x00, 0x00, 0x00, 
    0x00, 0x00, 0x00, 
    0x00, 0x00, 0x00, 
    0x00, 0x00, 0x00, 
    // 'p' (ASCII 112)
    0x00, 0x00, 0x00, 
    0x00, 0x00, 0x00, 
    0x00, 0x00, 0x00, 
    0x00, 0x00, 0x00, 
    0x00, 0x00, 0x00, 
    0x00, 0x00, 0x00, 
    0x00, 0x00, 0x00, 
    0x00, 0x00, 0x00, 
    0x3F, 0x80, 0x00, 
    0x3F, 0xC0, 0x00, 
    0x38, 0xC0, 0x00, 
    0x30, 0xE0, 0x00, 
    0x30, 0x60, 0x00, 
    0x30, 0x60, 0x00, 
    0x30, 0x60, 0x00, 
    0x30, 0x60, 0x00, 
    0x30, 0x60, 0x00, 
    0x38, 0xC0, 0x00, 
    0x3F, 0xC0, 0x00, 
    0x3F, 0x80, 0x00, 
    0x30, 0x00, 0x00, 
    0x30, 0x00, 0x00, 
    0x30, 0x00, 0x00, 
    0x30, 0x00, 0x00, 
    // 'q' (ASCII 113)
    0x00, 0x00, 0x00, 
    0x00, 0x00, 0x00, 
    0x00, 0x00, 0x00, 
    0x00, 0x00, 0x00, 
    0x00, 0x00, 0x00, 
    0x00, 0x00, 0x00, 
    0x00, 0x00, 0x00, 
    0x00, 0x00, 0x00, 
    0x0F, 0xE0, 0x00, 
    0x1F, 0xE0, 0x00, 
    0x38, 0xE0, 0x00, 
    0x30, 0xE0, 0x00, 
    0x30, 0x60, 0x00, 
    0x30, 0x60, 0x00, 
    0x30, 0x60, 0x00, 
    0x30, 0x60, 0x00, 
    0x30, 0x60, 0x00, 
    0x38, 0xE0, 0x00, 
    0x1F, 0xE0, 0x00, 
    0x0F, 0xE0, 0x00, 
    0x00, 0xE0, 0x00, 
    0x00, 0x60, 0x00, 
    0x00, 0x60, 0x00, 
    0x00, 0x60, 0x00, 
    // 'r' (ASCII 114)
    0x00, 0x00, 0x00, 
    0x00, 0x00, 0x00, 
    0x00, 0x00, 0x00, 
    0x00, 0x00, 0x00, 
    0x00, 0x00, 0x00, 
    0x00, 0x00, 0x00, 
    0x00, 0x00, 0x00, 
    0x00, 0x00, 0x00, 
    0x3F, 0x80, 0x00, 
    0x3F, 0x00, 0x00, 
    0x3B, 0x00, 0x00, 
    0x30, 0x00, 0x00, 
    0x30, 0x00, 0x00, 
    0x30, 0x00, 0x00, 
    0x30, 0x00, 0x00, 
    0x30, 0x00, 0x00, 
    0x30, 0x00, 0x00, 
    0x30, 0x00, 0x00, 
    0x30, 0x00, 0x00, 
    0x30, 0x00, 0x00, 
    0x10, 0x00, 0x00, 
    0x00, 0x00, 0x00, 
    0x00, 0x00, 0x00, 
    0x00, 0x00, 0x00, 
    // 's' (ASCII 115)
    0x00, 0x00, 0x00, 
    0x00, 0x00, 0x00, 
    0x00, 0x00, 0x00, 
    0x00, 0x00, 0x00, 
    0x00, 0x00, 0x00, 
    0x00, 0x00, 0x00, 
    0x00, 0x00, 0x00, 
    0x00, 0x00, 0x00, 
    0x0F, 0x00, 0x00, 
    0x1F, 0x80, 0x00, 
    0x39, 0x80, 0x00, 
    0x31, 0xC0, 0x00, 
    0x38, 0x00, 0x00, 
    0x1F, 0x00, 0x00, 
    0x0F, 0x80, 0x00, 
    0x01, 0x80, 0x00, 
    0x31, 0xC0, 0x00, 
    0x31, 0x80, 0x00, 
    0x1F, 0x80, 0x00, 
    0x1F, 0x00, 0x00, 
    0x00, 0x00, 0x00, 
    0x00, 0x00, 0x00, 
    0x00, 0x00, 0x00, 
    0x00, 0x00, 0x00, 
    // 't' (ASCII 116)
    0x00, 0x00, 0x00, 
    0x00, 0x00, 0x00, 
    0x00, 0x00, 0x00, 
    0x10, 0x00, 0x00, 
    0x18, 0x00, 0x00, 
    0x18, 0x00, 0x00, 
    0x18, 0x00, 0x00, 
    0x38, 0x00, 0x00, 
    0x3E, 0x00, 0x00, 
    0x3E, 0x00, 0x00, 
    0x18, 0x00, 0x00, 
    0x18, 0x00, 0x00, 
    0x18, 0x00, 0x00, 
    0x18, 0x00, 0x00, 
    0x18, 0x00, 0x00, 
    0x18, 0x00, 0x00, 
    0x18, 0x00, 0x00, 
    0x18, 0x00, 0x00, 
    0x1E, 0x00, 0x00, 
    0x0E, 0x00, 0x00, 
    0x00, 0x00, 0x00, 
    0x00, 0x00, 0x00, 
    0x00, 0x00, 0x00, 
    0x00, 0x00, 0x00, 
    // 'u' (ASCII 117)
    0x00, 0x00, 0x00, 
    0x00, 0x00, 0x00, 
    0x00, 0x00, 0x00, 
    0x00, 0x00, 0x00, 
    0x00, 0x00, 0x00, 
    0x00, 0x00, 0x00, 
    0x00, 0x00, 0x00, 
    0x00, 0x00, 0x00, 
    0x30, 0x60, 0x00, 
    0x30, 0x60, 0x00, 
    0x30, 0x60, 0x00, 
    0x30, 0x60, 0x00, 
    0x30, 0x60, 0x00, 
    0x30, 0x60, 0x00, 
    0x30, 0x60, 0x00, 
    0x30, 0x60, 0x00, 
    0x30, 0x60, 0x00, 
    0x38, 0xE0, 0x00, 
    0x1F, 0xE0, 0x00, 
    0x0F, 0xE0, 0x00, 
    0x00, 0x40, 0x00, 
    0x00, 0x00, 0x00, 
    0x00, 0x00, 0x00, 
    0x00, 0x00, 0x00, 
    // 'v' (ASCII 118)
    0x00, 0x00, 0x00, 
    0x00, 0x00, 0x00, 
    0x00, 0x00, 0x00, 
    0x00, 0x00, 0x00, 
    0x00, 0x00, 0x00, 
    0x00, 0x00, 0x00, 
    0x00, 0x00, 0x00, 
    0x00, 0x00, 0x00, 
    0x30, 0xE0, 0x00, 
    0x18, 0xC0, 0x00, 
    0x18, 0xC0, 0x00, 
    0x18, 0xC0, 0x00, 
    0x18, 0xC0, 0x00, 
    0x19, 0x80, 0x00, 
    0x0D, 0x80, 0x00, 
    0x0D, 0x80, 0x00, 
    0x0D, 0x80, 0x00, 
    0x0F, 0x80, 0x00, 
    0x0F, 0x80, 0x00, 
    0x0F, 0x00, 0x00, 
    0x04, 0x00, 0x00, 
    0x00, 0x00, 0x00, 
    0x00, 0x00, 0x00, 
    0x00, 0x00, 0x00, 
    // 'w' (ASCII 119)
    0x00, 0x00, 0x00, 
    0x00, 0x00, 0x00, 
    0x00, 0x00, 0x00, 
    0x00, 0x00, 0x00, 
    0x00, 0x00, 0x00, 
    0x00, 0x00, 0x00, 
    0x00, 0x00, 0x00, 
    0x00, 0x00, 0x00, 
    0x30, 0xE1, 0x80, 
    0x38, 0xE1, 0x80, 
    0x18, 0xE3, 0x00, 
    0x18, 0xE3, 0x00, 
    0x18, 0xF3, 0x00, 
    0x19, 0xF3, 0x00, 
    0x1D, 0xB3, 0x00, 
    0x0D, 0xB6, 0x00, 
    0x0D, 0xB6, 0x00, 
    0x0F, 0xBE, 0x00, 
    0x0F, 0x1E, 0x00, 
    0x0F, 0x1E, 0x00, 
    0x00, 0x00, 0x00, 
    0x00, 0x00, 0x00, 
    0x00, 0x00, 0x00, 
    0x00, 0x00, 0x00, 
    // 'x' (ASCII 120)
    0x00, 0x00, 0x00, 
    0x00, 0x00, 0x00, 
    0x00, 0x00, 0x00, 
    0x00, 0x00, 0x00, 
    0x00, 0x00, 0x00, 
    0x00, 0x00, 0x00, 
    0x00, 0x00, 0x00, 
    0x00, 0x00, 0x00, 
    0x38, 0xC0, 0x00, 
    0x18, 0xC0, 0x00, 
    0x0D, 0x80, 0x00, 
    0x0F, 0x80, 0x00, 
    0x07, 0x00, 0x00, 
    0x07, 0x00, 0x00, 
    0x07, 0x00, 0x00, 
    0x07, 0x00, 0x00, 
    0x0F, 0x80, 0x00, 
    0x0D, 0x80, 0x00, 
    0x18, 0xC0, 0x00, 
    0x18, 0xC0, 0x00, 
    0x00, 0x40, 0x00, 
    0x00, 0x00, 0x00, 
    0x00, 0x00, 0x00, 
    0x00, 0x00, 0x00, 
    // 'y' (ASCII 121)
    0x00, 0x00, 0x00, 
    0x00, 0x00, 0x00, 
    0x00, 0x00, 0x00, 
    0x00, 0x00, 0x00, 
    0x00, 0x00, 0x00, 
    0x00, 0x00, 0x00, 
    0x00, 0x00, 0x00, 
    0x00, 0x00, 0x00, 
    0x18, 0xE0, 0x00, 
    0x18, 0xC0, 0x00, 
    0x0C, 0xC0, 0x00, 
    0x0C, 0xC0, 0x00, 
    0x0C, 0xC0, 0x00, 
    0x0D, 0x80, 0x00, 
    0x0D, 0x80, 0x00, 
    0x07, 0x80, 0x00, 
    0x07, 0x80, 0x00, 
    0x07, 0x80, 0x00, 
    0x07, 0x00, 0x00, 
    0x07, 0x00, 0x00, 
    0x03, 0x00, 0x00, 
    0x03, 0x00, 0x00, 
    0x17, 0x00, 0x00, 
    0x3E, 0x00, 0x00, 
    // 'z' (ASCII 122)
    0x00, 0x00, 0x00, 
    0x00, 0x00, 0x00, 
    0x00, 0x00, 0x00, 
    0x00, 0x00, 0x00, 
    0x00, 0x00, 0x00, 
    0x00, 0x00, 0x00, 
    0x00, 0x00, 0x00, 
    0x00, 0x00, 0x00, 
    0x3F, 0xE0, 0x00, 
    0x3F, 0xE0, 0x00, 
    0x00, 0xC0, 0x00, 
    0x01, 0xC0, 0x00, 
    0x03, 0x80, 0x00, 
    0x07, 0x00, 0x00, 
    0x06, 0x00, 0x00, 
    0x0E, 0x00, 0x00, 
    0x1C, 0x00, 0x00, 
    0x18, 0x00, 0x00, 
    0x3F, 0xC0, 0x00, 
    0x3F, 0xE0, 0x00, 
    0x10, 0x00, 0x00, 
    0x00, 0x00, 0x00, 
    0x00, 0x00, 0x00, 
    0x00, 0x00, 0x00, 
    // '{' (ASCII 123)
    0x00, 0x00, 0x00, 
    0x00, 0x00, 0x00, 
    0x00, 0x00, 0x00, 
    0x00, 0x80, 0x00, 
    0x03, 0x80, 0x00, 
    0x03, 0x00, 0x00, 
    0x06, 0x00, 0x00, 
    0x06, 0x00, 0x00, 
    0x06, 0x00, 0x00, 
    0x06, 0x00, 0x00, 
    0x06, 0x00, 0x00, 
    0x06, 0x00, 0x00, 
    0x0C, 0x00, 0x00, 
    0x0C, 0x00, 0x00, 
    0x06, 0x00, 0x00, 
    0x06, 0x00, 0x00, 
    0x06, 0x00, 0x00, 
    0x06, 0x00, 0x00, 
    0x06, 0x00, 0x00, 
    0x03, 0x00, 0x00, 
    0x03, 0x80, 0x00, 
    0x01, 0x80, 0x00, 
    0x00, 0x00, 0x00, 
    0x00, 0x00, 0x00, 
    // '|' (ASCII 124)
    0x00, 0x00, 0x00, 
    0x00, 0x00, 0x00, 
    0x06, 0x00, 0x00, 
    0x06, 0x00, 0x00, 
    0x06, 0x00, 0x00, 
    0x06, 0x00, 0x00, 
    0x06, 0x00, 0x00, 
    0x06, 0x00, 0x00, 
    0x06, 0x00, 0x00, 
    0x06, 0x00, 0x00, 
    0x06, 0x00, 0x00, 
    0x06, 0x00, 0x00, 
    0x06, 0x00, 0x00, 
    0x06, 0x00, 0x00, 
    0x06, 0x00, 0x00, 
    0x06, 0x00, 0x00, 
    0x06, 0x00, 0x00, 
    0x06, 0x00, 0x00, 
    0x06, 0x00, 0x00, 
    0x06, 0x00, 0x00, 
    0x06, 0x00, 0x00, 
    0x06, 0x00, 0x00, 
    0x02, 0x00, 0x00, 
    0x00, 0x00, 0x00, 
    // '}' (ASCII 125)
    0x00, 0x00, 0x00, 
    0x00, 0x00, 0x00, 
    0x00, 0x00, 0x00, 
    0x08, 0x00, 0x00, 
    0x1C, 0x00, 0x00, 
    0x06, 0x00, 0x00, 
    0x06, 0x00, 0x00, 
    0x06, 0x00, 0x00, 
    0x06, 0x00, 0x00, 
    0x06, 0x00, 0x00, 
    0x06, 0x00, 0x00, 
    0x03, 0x00, 0x00, 
    0x01, 0x80, 0x00, 
    0x01, 0x80, 0x00, 
    0x03, 0x00, 0x00, 
    0x06, 0x00, 0x00, 
    0x06, 0x00, 0x00, 
    0x06, 0x00, 0x00, 
    0x06, 0x00, 0x00, 
    0x06, 0x00, 0x00, 
    0x0E, 0x00, 0x00, 
    0x1C, 0x00, 0x00, 
    0x00, 0x00, 0x00, 
    0x00, 0x00, 0x00, 
    // '~' (ASCII 126)
    0x00, 0x00, 0x00, 
    0x00, 0x00, 0x00, 
    0x00, 0x00, 0x00, 
    0x00, 0x00, 0x00, 
    0x00, 0x00, 0x00, 
    0x00, 0x00, 0x00, 
    0x00, 0x00, 0x00, 
    0x00, 0x00, 0x00, 
    0x00, 0x00, 0x00, 
    0x00, 0x00, 0x00, 
    0x00, 0x00, 0x00, 
    0x00, 0x00, 0x00, 
    0x00, 0x00, 0x00, 
    0x3F, 0xC0, 0x00, 
    0x1F, 0xE0, 0x00, 
    0x00, 0x00, 0x00, 
    0x00, 0x00, 0x00, 
    0x00, 0x00, 0x00, 
    0x00, 0x00, 0x00, 
    0x00, 0x00, 0x00, 
    0x00, 0x00, 0x00, 
    0x00, 0x00, 0x00, 
    0x00, 0x00, 0x00, 
    0x00, 0x00, 0x00, 
};

sFONT Font_Logisoso_24 = {
  Font_Logisoso_24_Table,
  19, // Width
  24  // Height
};

