// Generated Font Arrays for STM32 - Derived from nokia
#include "fonts.h"

// @7x8 pixel layout for nokia
const uint8_t Font_nokia_8_Table[] = {
    // ' ' (ASCII 32)
    0x00, 
    0x00, 
    0x00, 
    0x00, 
    0x00, 
    0x00, 
    0x00, 
    0x00, 
    // '!' (ASCII 33)
    0xC0, 
    0xC0, 
    0xC0, 
    0xC0, 
    0xC0, 
    0x00, 
    0xC0, 
    0x00, 
    // '"' (ASCII 34)
    0xA0, 
    0xA0, 
    0x00, 
    0x00, 
    0x00, 
    0x00, 
    0x00, 
    0x00, 
    // '#' (ASCII 35)
    0x50, 
    0xF8, 
    0xF8, 
    0x50, 
    0xF8, 
    0xF8, 
    0x50, 
    0x00, 
    // '$' (ASCII 36)
    0x50, 
    0x78, 
    0xD0, 
    0xF0, 
    0x78, 
    0x58, 
    0xF0, 
    0x50, 
    // '%' (ASCII 37)
    0xC8, 
    0xD8, 
    0x10, 
    0x30, 
    0x20, 
    0x6C, 
    0x4C, 
    0x00, 
    // '&' (ASCII 38)
    0x70, 
    0xD8, 
    0x70, 
    0xF4, 
    0xDC, 
    0xDC, 
    0x74, 
    0x00, 
    // ''' (ASCII 39)
    0x80, 
    0x80, 
    0x00, 
    0x00, 
    0x00, 
    0x00, 
    0x00, 
    0x00, 
    // '(' (ASCII 40)
    0x20, 
    0x40, 
    0xC0, 
    0xC0, 
    0xC0, 
    0xC0, 
    0x40, 
    0x20, 
    // ')' (ASCII 41)
    0x80, 
    0x40, 
    0x60, 
    0x60, 
    0x60, 
    0x60, 
    0x40, 
    0x80, 
    // '*' (ASCII 42)
    0x20, 
    0xA8, 
    0xF8, 
    0x70, 
    0xF8, 
    0xA8, 
    0x20, 
    0x00, 
    // '+' (ASCII 43)
    0x00, 
    0x20, 
    0x20, 
    0xF8, 
    0x20, 
    0x20, 
    0x00, 
    0x00, 
    // ',' (ASCII 44)
    0x00, 
    0x00, 
    0x00, 
    0x00, 
    0x00, 
    0x40, 
    0xC0, 
    0x80, 
    // '-' (ASCII 45)
    0x00, 
    0x00, 
    0x00, 
    0xF0, 
    0x00, 
    0x00, 
    0x00, 
    0x00, 
    // '.' (ASCII 46)
    0x00, 
    0x00, 
    0x00, 
    0x00, 
    0x00, 
    0xC0, 
    0xC0, 
    0x00, 
    // '/' (ASCII 47)
    0x20, 
    0x20, 
    0x60, 
    0x40, 
    0xC0, 
    0x80, 
    0x80, 
    0x00, 
    // '0' (ASCII 48)
    0x70, 
    0xD8, 
    0xD8, 
    0xD8, 
    0xD8, 
    0xD8, 
    0x70, 
    0x00, 
    // '1' (ASCII 49)
    0x60, 
    0xE0, 
    0x60, 
    0x60, 
    0x60, 
    0x60, 
    0x60, 
    0x00, 
    // '2' (ASCII 50)
    0xF0, 
    0x18, 
    0x18, 
    0x70, 
    0xC0, 
    0xC0, 
    0xF8, 
    0x00, 
    // '3' (ASCII 51)
    0xF0, 
    0x18, 
    0x18, 
    0x70, 
    0x18, 
    0x18, 
    0xF0, 
    0x00, 
    // '4' (ASCII 52)
    0x18, 
    0x38, 
    0x58, 
    0x98, 
    0xF8, 
    0x18, 
    0x18, 
    0x00, 
    // '5' (ASCII 53)
    0xF0, 
    0x80, 
    0xF0, 
    0x18, 
    0x18, 
    0x18, 
    0xF0, 
    0x00, 
    // '6' (ASCII 54)
    0x70, 
    0xC0, 
    0xF0, 
    0xD8, 
    0xD8, 
    0xD8, 
    0x70, 
    0x00, 
    // '7' (ASCII 55)
    0xF8, 
    0x18, 
    0x30, 
    0x30, 
    0x60, 
    0x60, 
    0x60, 
    0x00, 
    // '8' (ASCII 56)
    0x70, 
    0xD8, 
    0xD8, 
    0x70, 
    0xD8, 
    0xD8, 
    0x70, 
    0x00, 
    // '9' (ASCII 57)
    0x70, 
    0xD8, 
    0xD8, 
    0xD8, 
    0x78, 
    0x18, 
    0x70, 
    0x00, 
    // ':' (ASCII 58)
    0x00, 
    0x00, 
    0xC0, 
    0xC0, 
    0x00, 
    0xC0, 
    0xC0, 
    0x00, 
    // ';' (ASCII 59)
    0x00, 
    0x00, 
    0xC0, 
    0xC0, 
    0x00, 
    0x40, 
    0xC0, 
    0x80, 
    // '<' (ASCII 60)
    0x10, 
    0x30, 
    0x60, 
    0xC0, 
    0x60, 
    0x30, 
    0x10, 
    0x00, 
    // '=' (ASCII 61)
    0x00, 
    0x00, 
    0x00, 
    0xF0, 
    0x00, 
    0xF0, 
    0x00, 
    0x00, 
    // '>' (ASCII 62)
    0x80, 
    0xC0, 
    0x60, 
    0x30, 
    0x60, 
    0xC0, 
    0x80, 
    0x00, 
    // '?' (ASCII 63)
    0xF0, 
    0x18, 
    0x30, 
    0x60, 
    0x60, 
    0x00, 
    0x60, 
    0x00, 
    // '@' (ASCII 64)
    0x00, 
    0x78, 
    0xCC, 
    0xFC, 
    0xDC, 
    0xFC, 
    0xC0, 
    0x78, 
    // 'A' (ASCII 65)
    0x70, 
    0xD8, 
    0xD8, 
    0xD8, 
    0xF8, 
    0xD8, 
    0xD8, 
    0x00, 
    // 'B' (ASCII 66)
    0xF0, 
    0xD8, 
    0xF0, 
    0xD8, 
    0xD8, 
    0xD8, 
    0xF0, 
    0x00, 
    // 'C' (ASCII 67)
    0x78, 
    0xC0, 
    0xC0, 
    0xC0, 
    0xC0, 
    0xC0, 
    0x78, 
    0x00, 
    // 'D' (ASCII 68)
    0xF0, 
    0xD8, 
    0xD8, 
    0xD8, 
    0xD8, 
    0xD8, 
    0xF0, 
    0x00, 
    // 'E' (ASCII 69)
    0xF8, 
    0xC0, 
    0xF0, 
    0xC0, 
    0xC0, 
    0xC0, 
    0xF8, 
    0x00, 
    // 'F' (ASCII 70)
    0xF8, 
    0xC0, 
    0xF0, 
    0xC0, 
    0xC0, 
    0xC0, 
    0xC0, 
    0x00, 
    // 'G' (ASCII 71)
    0x70, 
    0xC0, 
    0xC0, 
    0xD8, 
    0xD8, 
    0xD8, 
    0x78, 
    0x00, 
    // 'H' (ASCII 72)
    0xD8, 
    0xD8, 
    0xF8, 
    0xD8, 
    0xD8, 
    0xD8, 
    0xD8, 
    0x00, 
    // 'I' (ASCII 73)
    0xC0, 
    0xC0, 
    0xC0, 
    0xC0, 
    0xC0, 
    0xC0, 
    0xC0, 
    0x00, 
    // 'J' (ASCII 74)
    0x30, 
    0x30, 
    0x30, 
    0x30, 
    0x30, 
    0x30, 
    0xE0, 
    0x00, 
    // 'K' (ASCII 75)
    0xCC, 
    0xD8, 
    0xF0, 
    0xE0, 
    0xF0, 
    0xD8, 
    0xCC, 
    0x00, 
    // 'L' (ASCII 76)
    0xC0, 
    0xC0, 
    0xC0, 
    0xC0, 
    0xC0, 
    0xC0, 
    0xF0, 
    0x00, 
    // 'M' (ASCII 77)
    0x82, 
    0xC6, 
    0xEE, 
    0xFE, 
    0xD6, 
    0xC6, 
    0xC6, 
    0x00, 
    // 'N' (ASCII 78)
    0x8C, 
    0xCC, 
    0xEC, 
    0xFC, 
    0xDC, 
    0xCC, 
    0xC4, 
    0x00, 
    // 'O' (ASCII 79)
    0x78, 
    0xCC, 
    0xCC, 
    0xCC, 
    0xCC, 
    0xCC, 
    0x78, 
    0x00, 
    // 'P' (ASCII 80)
    0xF0, 
    0xD8, 
    0xD8, 
    0xD8, 
    0xF0, 
    0xC0, 
    0xC0, 
    0x00, 
    // 'Q' (ASCII 81)
    0x78, 
    0xCC, 
    0xCC, 
    0xCC, 
    0xCC, 
    0xDC, 
    0x78, 
    0x0C, 
    // 'R' (ASCII 82)
    0xF0, 
    0xD8, 
    0xD8, 
    0xD8, 
    0xF0, 
    0xD0, 
    0xD8, 
    0x00, 
    // 'S' (ASCII 83)
    0x70, 
    0xC0, 
    0xC0, 
    0x60, 
    0x30, 
    0x30, 
    0xE0, 
    0x00, 
    // 'T' (ASCII 84)
    0xFC, 
    0x30, 
    0x30, 
    0x30, 
    0x30, 
    0x30, 
    0x30, 
    0x00, 
    // 'U' (ASCII 85)
    0xD8, 
    0xD8, 
    0xD8, 
    0xD8, 
    0xD8, 
    0xD8, 
    0x70, 
    0x00, 
    // 'V' (ASCII 86)
    0xCC, 
    0xCC, 
    0xCC, 
    0x78, 
    0x78, 
    0x30, 
    0x30, 
    0x00, 
    // 'W' (ASCII 87)
    0xC6, 
    0xC6, 
    0xD6, 
    0xFE, 
    0x7C, 
    0x7C, 
    0x6C, 
    0x00, 
    // 'X' (ASCII 88)
    0xCC, 
    0xCC, 
    0x78, 
    0x30, 
    0x78, 
    0xCC, 
    0xCC, 
    0x00, 
    // 'Y' (ASCII 89)
    0xCC, 
    0xCC, 
    0x78, 
    0x30, 
    0x30, 
    0x30, 
    0x30, 
    0x00, 
    // 'Z' (ASCII 90)
    0xF8, 
    0x18, 
    0x38, 
    0x70, 
    0xE0, 
    0xC0, 
    0xF8, 
    0x00, 
    // '[' (ASCII 91)
    0xE0, 
    0xC0, 
    0xC0, 
    0xC0, 
    0xC0, 
    0xC0, 
    0xC0, 
    0xE0, 
    // '\' (ASCII 92)
    0x80, 
    0x80, 
    0xC0, 
    0x40, 
    0x60, 
    0x20, 
    0x20, 
    0x00, 
    // ']' (ASCII 93)
    0xE0, 
    0x60, 
    0x60, 
    0x60, 
    0x60, 
    0x60, 
    0x60, 
    0xE0, 
    // '^' (ASCII 94)
    0x40, 
    0xE0, 
    0xA0, 
    0x00, 
    0x00, 
    0x00, 
    0x00, 
    0x00, 
    // '_' (ASCII 95)
    0x00, 
    0x00, 
    0x00, 
    0x00, 
    0x00, 
    0x00, 
    0xFC, 
    0x00, 
    // '`' (ASCII 96)
    0x80, 
    0x40, 
    0x00, 
    0x00, 
    0x00, 
    0x00, 
    0x00, 
    0x00, 
    // 'a' (ASCII 97)
    0x00, 
    0x00, 
    0x70, 
    0x18, 
    0x78, 
    0xD8, 
    0x78, 
    0x00, 
    // 'b' (ASCII 98)
    0xC0, 
    0xC0, 
    0xF0, 
    0xD8, 
    0xD8, 
    0xD8, 
    0xF0, 
    0x00, 
    // 'c' (ASCII 99)
    0x00, 
    0x00, 
    0x70, 
    0xC0, 
    0xC0, 
    0xC0, 
    0x70, 
    0x00, 
    // 'd' (ASCII 100)
    0x18, 
    0x18, 
    0x78, 
    0xD8, 
    0xD8, 
    0xD8, 
    0x78, 
    0x00, 
    // 'e' (ASCII 101)
    0x00, 
    0x00, 
    0x70, 
    0xD8, 
    0xF8, 
    0xC0, 
    0x78, 
    0x00, 
    // 'f' (ASCII 102)
    0x60, 
    0xC0, 
    0xE0, 
    0xC0, 
    0xC0, 
    0xC0, 
    0xC0, 
    0x00, 
    // 'g' (ASCII 103)
    0x00, 
    0x00, 
    0x78, 
    0xD8, 
    0xD8, 
    0x78, 
    0x18, 
    0x70, 
    // 'h' (ASCII 104)
    0xC0, 
    0xC0, 
    0xF0, 
    0xD8, 
    0xD8, 
    0xD8, 
    0xD8, 
    0x00, 
    // 'i' (ASCII 105)
    0xC0, 
    0x00, 
    0xC0, 
    0xC0, 
    0xC0, 
    0xC0, 
    0xC0, 
    0x00, 
    // 'j' (ASCII 106)
    0x60, 
    0x00, 
    0x60, 
    0x60, 
    0x60, 
    0x60, 
    0x60, 
    0xC0, 
    // 'k' (ASCII 107)
    0xC0, 
    0xC0, 
    0xD8, 
    0xF0, 
    0xE0, 
    0xF0, 
    0xD8, 
    0x00, 
    // 'l' (ASCII 108)
    0xC0, 
    0xC0, 
    0xC0, 
    0xC0, 
    0xC0, 
    0xC0, 
    0xC0, 
    0x00, 
    // 'm' (ASCII 109)
    0x00, 
    0x00, 
    0xFE, 
    0xDA, 
    0xDA, 
    0xDA, 
    0xDA, 
    0x00, 
    // 'n' (ASCII 110)
    0x00, 
    0x00, 
    0xF0, 
    0xD8, 
    0xD8, 
    0xD8, 
    0xD8, 
    0x00, 
    // 'o' (ASCII 111)
    0x00, 
    0x00, 
    0x70, 
    0xD8, 
    0xD8, 
    0xD8, 
    0x70, 
    0x00, 
    // 'p' (ASCII 112)
    0x00, 
    0x00, 
    0xF0, 
    0xD8, 
    0xD8, 
    0xF0, 
    0xC0, 
    0xC0, 
    // 'q' (ASCII 113)
    0x00, 
    0x00, 
    0x78, 
    0xD8, 
    0xD8, 
    0x78, 
    0x18, 
    0x18, 
    // 'r' (ASCII 114)
    0x00, 
    0x00, 
    0xD0, 
    0xF0, 
    0xC0, 
    0xC0, 
    0xC0, 
    0x00, 
    // 's' (ASCII 115)
    0x00, 
    0x00, 
    0x70, 
    0xC0, 
    0xF0, 
    0x30, 
    0xE0, 
    0x00, 
    // 't' (ASCII 116)
    0xC0, 
    0xC0, 
    0xE0, 
    0xC0, 
    0xC0, 
    0xC0, 
    0x60, 
    0x00, 
    // 'u' (ASCII 117)
    0x00, 
    0x00, 
    0xD8, 
    0xD8, 
    0xD8, 
    0xD8, 
    0x78, 
    0x00, 
    // 'v' (ASCII 118)
    0x00, 
    0x00, 
    0xD8, 
    0xD8, 
    0x70, 
    0x70, 
    0x20, 
    0x00, 
    // 'w' (ASCII 119)
    0x00, 
    0x00, 
    0xC6, 
    0xD6, 
    0xD6, 
    0x7C, 
    0x6C, 
    0x00, 
    // 'x' (ASCII 120)
    0x00, 
    0x00, 
    0xD8, 
    0xD8, 
    0x70, 
    0xD8, 
    0xD8, 
    0x00, 
    // 'y' (ASCII 121)
    0x00, 
    0x00, 
    0xD8, 
    0xD8, 
    0xD8, 
    0x78, 
    0x18, 
    0x70, 
    // 'z' (ASCII 122)
    0x00, 
    0x00, 
    0xF8, 
    0x30, 
    0x60, 
    0xC0, 
    0xF8, 
    0x00, 
    // '{' (ASCII 123)
    0xE0, 
    0xC0, 
    0xC0, 
    0xC0, 
    0xC0, 
    0xC0, 
    0xC0, 
    0xE0, 
    // '|' (ASCII 124)
    0xC0, 
    0xC0, 
    0xC0, 
    0xC0, 
    0xC0, 
    0xC0, 
    0xC0, 
    0xC0, 
    // '}' (ASCII 125)
    0xE0, 
    0x60, 
    0x60, 
    0x60, 
    0x60, 
    0x60, 
    0x60, 
    0xE0, 
    // '~' (ASCII 126)
    0x68, 
    0xB0, 
    0x00, 
    0x00, 
    0x00, 
    0x00, 
    0x00, 
    0x00, 
};

sFONT Font_nokia_8 = {
  Font_nokia_8_Table,
  7, // Width
  8  // Height
};

// @12x12 pixel layout for nokia
const uint8_t Font_nokia_12_Table[] = {
    // ' ' (ASCII 32)
    0x00, 0x00, 
    0x00, 0x00, 
    0x00, 0x00, 
    0x00, 0x00, 
    0x00, 0x00, 
    0x00, 0x00, 
    0x00, 0x00, 
    0x00, 0x00, 
    0x00, 0x00, 
    0x00, 0x00, 
    0x00, 0x00, 
    0x00, 0x00, 
    // '!' (ASCII 33)
    0xE0, 0x00, 
    0xE0, 0x00, 
    0xE0, 0x00, 
    0xE0, 0x00, 
    0xE0, 0x00, 
    0xE0, 0x00, 
    0xE0, 0x00, 
    0xE0, 0x00, 
    0x00, 0x00, 
    0xE0, 0x00, 
    0xE0, 0x00, 
    0x00, 0x00, 
    // '"' (ASCII 34)
    0xD8, 0x00, 
    0xD8, 0x00, 
    0xD8, 0x00, 
    0x00, 0x00, 
    0x00, 0x00, 
    0x00, 0x00, 
    0x00, 0x00, 
    0x00, 0x00, 
    0x00, 0x00, 
    0x00, 0x00, 
    0x00, 0x00, 
    0x00, 0x00, 
    // '#' (ASCII 35)
    0x6C, 0x00, 
    0xFF, 0x00, 
    0xFF, 0x00, 
    0xFF, 0x00, 
    0x6C, 0x00, 
    0x6C, 0x00, 
    0xFF, 0x00, 
    0xFF, 0x00, 
    0xFF, 0x00, 
    0x6C, 0x00, 
    0x6C, 0x00, 
    0x00, 0x00, 
    // '$' (ASCII 36)
    0x6C, 0x00, 
    0x6C, 0x00, 
    0x7E, 0x00, 
    0xEC, 0x00, 
    0xEC, 0x00, 
    0xFC, 0x00, 
    0x7C, 0x00, 
    0x7E, 0x00, 
    0x6E, 0x00, 
    0xFC, 0x00, 
    0xFC, 0x00, 
    0x6C, 0x00, 
    // '%' (ASCII 37)
    0xE3, 0x00, 
    0xE7, 0x00, 
    0xE7, 0x00, 
    0x04, 0x00, 
    0x04, 0x00, 
    0x1C, 0x00, 
    0x18, 0x00, 
    0x18, 0x00, 
    0x7B, 0x80, 
    0x7B, 0x80, 
    0x63, 0x80, 
    0x00, 0x00, 
    // '&' (ASCII 38)
    0x7C, 0x00, 
    0xFF, 0x00, 
    0xE7, 0x00, 
    0x7C, 0x00, 
    0xFC, 0x80, 
    0xFC, 0x80, 
    0xE7, 0x80, 
    0xE7, 0x80, 
    0xE7, 0x80, 
    0x7C, 0x80, 
    0x7C, 0x80, 
    0x00, 0x00, 
    // ''' (ASCII 39)
    0xC0, 0x00, 
    0xC0, 0x00, 
    0xC0, 0x00, 
    0x00, 0x00, 
    0x00, 0x00, 
    0x00, 0x00, 
    0x00, 0x00, 
    0x00, 0x00, 
    0x00, 0x00, 
    0x00, 0x00, 
    0x00, 0x00, 
    0x00, 0x00, 
    // '(' (ASCII 40)
    0x08, 0x00, 
    0x38, 0x00, 
    0x30, 0x00, 
    0xF0, 0x00, 
    0xF0, 0x00, 
    0xF0, 0x00, 
    0xF0, 0x00, 
    0xF0, 0x00, 
    0xF0, 0x00, 
    0x30, 0x00, 
    0x30, 0x00, 
    0x08, 0x00, 
    // ')' (ASCII 41)
    0xC0, 0x00, 
    0xE0, 0x00, 
    0x20, 0x00, 
    0x38, 0x00, 
    0x38, 0x00, 
    0x38, 0x00, 
    0x38, 0x00, 
    0x38, 0x00, 
    0x38, 0x00, 
    0x20, 0x00, 
    0x20, 0x00, 
    0xC0, 0x00, 
    // '*' (ASCII 42)
    0x18, 0x00, 
    0xDB, 0x00, 
    0xDB, 0x00, 
    0xFF, 0x00, 
    0x3C, 0x00, 
    0x3C, 0x00, 
    0xFF, 0x00, 
    0xFF, 0x00, 
    0xDB, 0x00, 
    0x18, 0x00, 
    0x18, 0x00, 
    0x00, 0x00, 
    // '+' (ASCII 43)
    0x00, 0x00, 
    0x18, 0x00, 
    0x18, 0x00, 
    0x18, 0x00, 
    0xFF, 0x00, 
    0xFF, 0x00, 
    0x18, 0x00, 
    0x18, 0x00, 
    0x18, 0x00, 
    0x00, 0x00, 
    0x00, 0x00, 
    0x00, 0x00, 
    // ',' (ASCII 44)
    0x00, 0x00, 
    0x00, 0x00, 
    0x00, 0x00, 
    0x00, 0x00, 
    0x00, 0x00, 
    0x00, 0x00, 
    0x00, 0x00, 
    0x00, 0x00, 
    0x20, 0x00, 
    0x20, 0x00, 
    0xE0, 0x00, 
    0xC0, 0x00, 
    // '-' (ASCII 45)
    0x00, 0x00, 
    0x00, 0x00, 
    0x00, 0x00, 
    0x00, 0x00, 
    0xFC, 0x00, 
    0xFC, 0x00, 
    0x00, 0x00, 
    0x00, 0x00, 
    0x00, 0x00, 
    0x00, 0x00, 
    0x00, 0x00, 
    0x00, 0x00, 
    // '.' (ASCII 46)
    0x00, 0x00, 
    0x00, 0x00, 
    0x00, 0x00, 
    0x00, 0x00, 
    0x00, 0x00, 
    0x00, 0x00, 
    0x00, 0x00, 
    0x00, 0x00, 
    0xE0, 0x00, 
    0xE0, 0x00, 
    0xE0, 0x00, 
    0x00, 0x00, 
    // '/' (ASCII 47)
    0x0C, 0x00, 
    0x0C, 0x00, 
    0x0C, 0x00, 
    0x3C, 0x00, 
    0x3C, 0x00, 
    0x20, 0x00, 
    0xE0, 0x00, 
    0xE0, 0x00, 
    0xC0, 0x00, 
    0xC0, 0x00, 
    0xC0, 0x00, 
    0x00, 0x00, 
    // '0' (ASCII 48)
    0x7C, 0x00, 
    0xFF, 0x00, 
    0xE7, 0x00, 
    0xE7, 0x00, 
    0xE7, 0x00, 
    0xE7, 0x00, 
    0xE7, 0x00, 
    0xE7, 0x00, 
    0xE7, 0x00, 
    0x7C, 0x00, 
    0x7C, 0x00, 
    0x00, 0x00, 
    // '1' (ASCII 49)
    0x38, 0x00, 
    0x78, 0x00, 
    0xF8, 0x00, 
    0x38, 0x00, 
    0x38, 0x00, 
    0x38, 0x00, 
    0x38, 0x00, 
    0x38, 0x00, 
    0x38, 0x00, 
    0x38, 0x00, 
    0x38, 0x00, 
    0x00, 0x00, 
    // '2' (ASCII 50)
    0xFC, 0x00, 
    0xFF, 0x00, 
    0x07, 0x00, 
    0x07, 0x00, 
    0x7C, 0x00, 
    0x7C, 0x00, 
    0xE0, 0x00, 
    0xE0, 0x00, 
    0xE0, 0x00, 
    0xFF, 0x00, 
    0xFF, 0x00, 
    0x00, 0x00, 
    // '3' (ASCII 51)
    0xFC, 0x00, 
    0xFF, 0x00, 
    0x07, 0x00, 
    0x07, 0x00, 
    0x7C, 0x00, 
    0x7C, 0x00, 
    0x07, 0x00, 
    0x07, 0x00, 
    0x07, 0x00, 
    0xFC, 0x00, 
    0xFC, 0x00, 
    0x00, 0x00, 
    // '4' (ASCII 52)
    0x07, 0x00, 
    0x1F, 0x00, 
    0x1F, 0x00, 
    0x27, 0x00, 
    0x27, 0x00, 
    0xC7, 0x00, 
    0xFF, 0x00, 
    0xFF, 0x00, 
    0x07, 0x00, 
    0x07, 0x00, 
    0x07, 0x00, 
    0x00, 0x00, 
    // '5' (ASCII 53)
    0xFC, 0x00, 
    0xFC, 0x00, 
    0xC0, 0x00, 
    0xFC, 0x00, 
    0xFC, 0x00, 
    0x07, 0x00, 
    0x07, 0x00, 
    0x07, 0x00, 
    0x07, 0x00, 
    0xFC, 0x00, 
    0xFC, 0x00, 
    0x00, 0x00, 
    // '6' (ASCII 54)
    0x7C, 0x00, 
    0xFC, 0x00, 
    0xE0, 0x00, 
    0xFC, 0x00, 
    0xFC, 0x00, 
    0xE7, 0x00, 
    0xE7, 0x00, 
    0xE7, 0x00, 
    0xE7, 0x00, 
    0x7C, 0x00, 
    0x7C, 0x00, 
    0x00, 0x00, 
    // '7' (ASCII 55)
    0xFF, 0x00, 
    0x7F, 0x00, 
    0x07, 0x00, 
    0x0E, 0x00, 
    0x0E, 0x00, 
    0x0E, 0x00, 
    0x38, 0x00, 
    0x38, 0x00, 
    0x38, 0x00, 
    0x38, 0x00, 
    0x38, 0x00, 
    0x00, 0x00, 
    // '8' (ASCII 56)
    0x7C, 0x00, 
    0xFF, 0x00, 
    0xE7, 0x00, 
    0xE7, 0x00, 
    0x7C, 0x00, 
    0x7C, 0x00, 
    0xE7, 0x00, 
    0xE7, 0x00, 
    0xE7, 0x00, 
    0x7C, 0x00, 
    0x7C, 0x00, 
    0x00, 0x00, 
    // '9' (ASCII 57)
    0x7C, 0x00, 
    0xFF, 0x00, 
    0xE7, 0x00, 
    0xE7, 0x00, 
    0xE7, 0x00, 
    0xE7, 0x00, 
    0x7F, 0x00, 
    0x7F, 0x00, 
    0x07, 0x00, 
    0x7C, 0x00, 
    0x7C, 0x00, 
    0x00, 0x00, 
    // ':' (ASCII 58)
    0x00, 0x00, 
    0x00, 0x00, 
    0x00, 0x00, 
    0xE0, 0x00, 
    0xE0, 0x00, 
    0xE0, 0x00, 
    0x00, 0x00, 
    0x00, 0x00, 
    0xE0, 0x00, 
    0xE0, 0x00, 
    0xE0, 0x00, 
    0x00, 0x00, 
    // ';' (ASCII 59)
    0x00, 0x00, 
    0x00, 0x00, 
    0x00, 0x00, 
    0xE0, 0x00, 
    0xE0, 0x00, 
    0xE0, 0x00, 
    0x00, 0x00, 
    0x00, 0x00, 
    0x20, 0x00, 
    0x20, 0x00, 
    0xE0, 0x00, 
    0xC0, 0x00, 
    // '<' (ASCII 60)
    0x04, 0x00, 
    0x1C, 0x00, 
    0x1C, 0x00, 
    0x38, 0x00, 
    0xE0, 0x00, 
    0xE0, 0x00, 
    0x38, 0x00, 
    0x38, 0x00, 
    0x1C, 0x00, 
    0x04, 0x00, 
    0x04, 0x00, 
    0x00, 0x00, 
    // '=' (ASCII 61)
    0x00, 0x00, 
    0x00, 0x00, 
    0x00, 0x00, 
    0x00, 0x00, 
    0xFC, 0x00, 
    0xFC, 0x00, 
    0x00, 0x00, 
    0xFC, 0x00, 
    0xFC, 0x00, 
    0x00, 0x00, 
    0x00, 0x00, 
    0x00, 0x00, 
    // '>' (ASCII 62)
    0xC0, 0x00, 
    0xE0, 0x00, 
    0xE0, 0x00, 
    0x38, 0x00, 
    0x1C, 0x00, 
    0x1C, 0x00, 
    0x38, 0x00, 
    0x38, 0x00, 
    0xE0, 0x00, 
    0xC0, 0x00, 
    0xC0, 0x00, 
    0x00, 0x00, 
    // '?' (ASCII 63)
    0xFC, 0x00, 
    0xFF, 0x00, 
    0x07, 0x00, 
    0x1C, 0x00, 
    0x1C, 0x00, 
    0x38, 0x00, 
    0x38, 0x00, 
    0x38, 0x00, 
    0x00, 0x00, 
    0x38, 0x00, 
    0x38, 0x00, 
    0x00, 0x00, 
    // '@' (ASCII 64)
    0x00, 0x00, 
    0x00, 0x00, 
    0x3F, 0x00, 
    0xE3, 0x80, 
    0xE3, 0x80, 
    0xFF, 0x80, 
    0xFF, 0x80, 
    0xEF, 0x80, 
    0xFF, 0x80, 
    0xFF, 0x80, 
    0xE0, 0x00, 
    0x3F, 0x00, 
    // 'A' (ASCII 65)
    0x7C, 0x00, 
    0xFF, 0x00, 
    0xE7, 0x00, 
    0xE7, 0x00, 
    0xE7, 0x00, 
    0xE7, 0x00, 
    0xFF, 0x00, 
    0xFF, 0x00, 
    0xE7, 0x00, 
    0xE7, 0x00, 
    0xE7, 0x00, 
    0x00, 0x00, 
    // 'B' (ASCII 66)
    0xFE, 0x00, 
    0xFF, 0x00, 
    0xE7, 0x00, 
    0xFE, 0x00, 
    0xFE, 0x00, 
    0xE7, 0x00, 
    0xE7, 0x00, 
    0xE7, 0x00, 
    0xE7, 0x00, 
    0xFE, 0x00, 
    0xFE, 0x00, 
    0x00, 0x00, 
    // 'C' (ASCII 67)
    0x3F, 0x00, 
    0xFF, 0x00, 
    0xE0, 0x00, 
    0xE0, 0x00, 
    0xE0, 0x00, 
    0xE0, 0x00, 
    0xE0, 0x00, 
    0xE0, 0x00, 
    0xE0, 0x00, 
    0x3F, 0x00, 
    0x3F, 0x00, 
    0x00, 0x00, 
    // 'D' (ASCII 68)
    0xFE, 0x00, 
    0xFF, 0x00, 
    0xE7, 0x00, 
    0xE7, 0x00, 
    0xE7, 0x00, 
    0xE7, 0x00, 
    0xE7, 0x00, 
    0xE7, 0x00, 
    0xE7, 0x00, 
    0xFE, 0x00, 
    0xFE, 0x00, 
    0x00, 0x00, 
    // 'E' (ASCII 69)
    0xFF, 0x00, 
    0xFE, 0x00, 
    0xE0, 0x00, 
    0xFC, 0x00, 
    0xFC, 0x00, 
    0xE0, 0x00, 
    0xE0, 0x00, 
    0xE0, 0x00, 
    0xE0, 0x00, 
    0xFE, 0x00, 
    0xFF, 0x00, 
    0x00, 0x00, 
    // 'F' (ASCII 70)
    0xFF, 0x00, 
    0xFE, 0x00, 
    0xE0, 0x00, 
    0xFC, 0x00, 
    0xFC, 0x00, 
    0xE0, 0x00, 
    0xE0, 0x00, 
    0xE0, 0x00, 
    0xE0, 0x00, 
    0xE0, 0x00, 
    0xE0, 0x00, 
    0x00, 0x00, 
    // 'G' (ASCII 71)
    0x7C, 0x00, 
    0xFC, 0x00, 
    0xE0, 0x00, 
    0xE0, 0x00, 
    0xE7, 0x00, 
    0xE7, 0x00, 
    0xE7, 0x00, 
    0xE7, 0x00, 
    0xE7, 0x00, 
    0x7F, 0x00, 
    0x7F, 0x00, 
    0x00, 0x00, 
    // 'H' (ASCII 72)
    0xE7, 0x00, 
    0xE7, 0x00, 
    0xE7, 0x00, 
    0xFF, 0x00, 
    0xFF, 0x00, 
    0xE7, 0x00, 
    0xE7, 0x00, 
    0xE7, 0x00, 
    0xE7, 0x00, 
    0xE7, 0x00, 
    0xE7, 0x00, 
    0x00, 0x00, 
    // 'I' (ASCII 73)
    0xE0, 0x00, 
    0xE0, 0x00, 
    0xE0, 0x00, 
    0xE0, 0x00, 
    0xE0, 0x00, 
    0xE0, 0x00, 
    0xE0, 0x00, 
    0xE0, 0x00, 
    0xE0, 0x00, 
    0xE0, 0x00, 
    0xE0, 0x00, 
    0x00, 0x00, 
    // 'J' (ASCII 74)
    0x1C, 0x00, 
    0x1C, 0x00, 
    0x1C, 0x00, 
    0x1C, 0x00, 
    0x1C, 0x00, 
    0x1C, 0x00, 
    0x1C, 0x00, 
    0x1C, 0x00, 
    0x1C, 0x00, 
    0xF8, 0x00, 
    0xF8, 0x00, 
    0x00, 0x00, 
    // 'K' (ASCII 75)
    0xE3, 0x80, 
    0xE7, 0x80, 
    0xE7, 0x00, 
    0xFC, 0x00, 
    0xF8, 0x00, 
    0xF8, 0x00, 
    0xFC, 0x00, 
    0xFC, 0x00, 
    0xE7, 0x00, 
    0xE3, 0x80, 
    0xE3, 0x80, 
    0x00, 0x00, 
    // 'L' (ASCII 76)
    0xE0, 0x00, 
    0xE0, 0x00, 
    0xE0, 0x00, 
    0xE0, 0x00, 
    0xE0, 0x00, 
    0xE0, 0x00, 
    0xE0, 0x00, 
    0xE0, 0x00, 
    0xE0, 0x00, 
    0xFC, 0x00, 
    0xFC, 0x00, 
    0x00, 0x00, 
    // 'M' (ASCII 77)
    0xC0, 0x60, 
    0xE1, 0xE0, 
    0xE1, 0xE0, 
    0xFB, 0xE0, 
    0xFB, 0xE0, 
    0xFF, 0xE0, 
    0xED, 0xE0, 
    0xED, 0xE0, 
    0xE1, 0xE0, 
    0xE1, 0xE0, 
    0xE1, 0xE0, 
    0x00, 0x00, 
    // 'N' (ASCII 78)
    0xC3, 0x80, 
    0xE3, 0x80, 
    0xE3, 0x80, 
    0xFB, 0x80, 
    0xFB, 0x80, 
    0xFF, 0x80, 
    0xEF, 0x80, 
    0xEF, 0x80, 
    0xE3, 0x80, 
    0xE1, 0x80, 
    0xE1, 0x80, 
    0x00, 0x00, 
    // 'O' (ASCII 79)
    0x3F, 0x00, 
    0xFF, 0x80, 
    0xE3, 0x80, 
    0xE3, 0x80, 
    0xE3, 0x80, 
    0xE3, 0x80, 
    0xE3, 0x80, 
    0xE3, 0x80, 
    0xE3, 0x80, 
    0x3F, 0x00, 
    0x3F, 0x00, 
    0x00, 0x00, 
    // 'P' (ASCII 80)
    0xFE, 0x00, 
    0xFF, 0x00, 
    0xE7, 0x00, 
    0xE7, 0x00, 
    0xE7, 0x00, 
    0xE7, 0x00, 
    0xFE, 0x00, 
    0xFC, 0x00, 
    0xE0, 0x00, 
    0xE0, 0x00, 
    0xE0, 0x00, 
    0x00, 0x00, 
    // 'Q' (ASCII 81)
    0x3F, 0x00, 
    0x3F, 0x00, 
    0xE3, 0x80, 
    0xE3, 0x80, 
    0xE3, 0x80, 
    0xE3, 0x80, 
    0xE3, 0x80, 
    0xE3, 0x80, 
    0xEF, 0x80, 
    0x3F, 0x00, 
    0x3F, 0x00, 
    0x03, 0x80, 
    // 'R' (ASCII 82)
    0xFC, 0x00, 
    0xFE, 0x00, 
    0xEE, 0x00, 
    0xEE, 0x00, 
    0xEE, 0x00, 
    0xEE, 0x00, 
    0xFC, 0x00, 
    0xFC, 0x00, 
    0xEC, 0x00, 
    0xEE, 0x00, 
    0xEE, 0x00, 
    0x00, 0x00, 
    // 'S' (ASCII 83)
    0x3C, 0x00, 
    0xFC, 0x00, 
    0xE0, 0x00, 
    0xE0, 0x00, 
    0x38, 0x00, 
    0x38, 0x00, 
    0x1C, 0x00, 
    0x1C, 0x00, 
    0x1C, 0x00, 
    0xF8, 0x00, 
    0xF8, 0x00, 
    0x00, 0x00, 
    // 'T' (ASCII 84)
    0xFF, 0x80, 
    0xFF, 0x80, 
    0x1C, 0x00, 
    0x1C, 0x00, 
    0x1C, 0x00, 
    0x1C, 0x00, 
    0x1C, 0x00, 
    0x1C, 0x00, 
    0x1C, 0x00, 
    0x1C, 0x00, 
    0x1C, 0x00, 
    0x00, 0x00, 
    // 'U' (ASCII 85)
    0xE7, 0x00, 
    0xE7, 0x00, 
    0xE7, 0x00, 
    0xE7, 0x00, 
    0xE7, 0x00, 
    0xE7, 0x00, 
    0xE7, 0x00, 
    0xE7, 0x00, 
    0xE7, 0x00, 
    0x7C, 0x00, 
    0x7C, 0x00, 
    0x00, 0x00, 
    // 'V' (ASCII 86)
    0xE3, 0x80, 
    0xE3, 0x80, 
    0xE3, 0x80, 
    0xE3, 0x80, 
    0xE3, 0x80, 
    0x3F, 0x00, 
    0x3F, 0x00, 
    0x3F, 0x00, 
    0x1C, 0x00, 
    0x1C, 0x00, 
    0x1C, 0x00, 
    0x00, 0x00, 
    // 'W' (ASCII 87)
    0xE0, 0xE0, 
    0xE0, 0xE0, 
    0xE0, 0xE0, 
    0xE4, 0xE0, 
    0xE4, 0xE0, 
    0xFF, 0xE0, 
    0x3F, 0x80, 
    0x3F, 0x80, 
    0x3F, 0x80, 
    0x3B, 0x80, 
    0x3B, 0x80, 
    0x00, 0x00, 
    // 'X' (ASCII 88)
    0xE3, 0x80, 
    0xE3, 0x80, 
    0xE3, 0x80, 
    0x3F, 0x00, 
    0x3F, 0x00, 
    0x1C, 0x00, 
    0x3F, 0x00, 
    0x3F, 0x00, 
    0xE3, 0x80, 
    0xE3, 0x80, 
    0xE3, 0x80, 
    0x00, 0x00, 
    // 'Y' (ASCII 89)
    0xE3, 0x80, 
    0xE3, 0x80, 
    0xE3, 0x80, 
    0x3F, 0x00, 
    0x3F, 0x00, 
    0x1C, 0x00, 
    0x1C, 0x00, 
    0x1C, 0x00, 
    0x1C, 0x00, 
    0x1C, 0x00, 
    0x1C, 0x00, 
    0x00, 0x00, 
    // 'Z' (ASCII 90)
    0xFF, 0x00, 
    0xFF, 0x00, 
    0x07, 0x00, 
    0x1F, 0x00, 
    0x1F, 0x00, 
    0x7C, 0x00, 
    0xF8, 0x00, 
    0xF8, 0x00, 
    0xE0, 0x00, 
    0xFF, 0x00, 
    0xFF, 0x00, 
    0x00, 0x00, 
    // '[' (ASCII 91)
    0xF8, 0x00, 
    0xF0, 0x00, 
    0xE0, 0x00, 
    0xE0, 0x00, 
    0xE0, 0x00, 
    0xE0, 0x00, 
    0xE0, 0x00, 
    0xE0, 0x00, 
    0xE0, 0x00, 
    0xE0, 0x00, 
    0xE0, 0x00, 
    0xF0, 0x00, 
    // '\' (ASCII 92)
    0xC0, 0x00, 
    0xC0, 0x00, 
    0xC0, 0x00, 
    0xE0, 0x00, 
    0xE0, 0x00, 
    0x20, 0x00, 
    0x3C, 0x00, 
    0x3C, 0x00, 
    0x0C, 0x00, 
    0x0C, 0x00, 
    0x0C, 0x00, 
    0x00, 0x00, 
    // ']' (ASCII 93)
    0xF8, 0x00, 
    0x78, 0x00, 
    0x38, 0x00, 
    0x38, 0x00, 
    0x38, 0x00, 
    0x38, 0x00, 
    0x38, 0x00, 
    0x38, 0x00, 
    0x38, 0x00, 
    0x38, 0x00, 
    0x38, 0x00, 
    0x78, 0x00, 
    // '^' (ASCII 94)
    0x20, 0x00, 
    0x20, 0x00, 
    0xFC, 0x00, 
    0xCC, 0x00, 
    0xCC, 0x00, 
    0x00, 0x00, 
    0x00, 0x00, 
    0x00, 0x00, 
    0x00, 0x00, 
    0x00, 0x00, 
    0x00, 0x00, 
    0x00, 0x00, 
    // '_' (ASCII 95)
    0x00, 0x00, 
    0x00, 0x00, 
    0x00, 0x00, 
    0x00, 0x00, 
    0x00, 0x00, 
    0x00, 0x00, 
    0x00, 0x00, 
    0x00, 0x00, 
    0x00, 0x00, 
    0xFF, 0x80, 
    0xFF, 0x80, 
    0x00, 0x00, 
    // '`' (ASCII 96)
    0xC0, 0x00, 
    0x20, 0x00, 
    0x20, 0x00, 
    0x00, 0x00, 
    0x00, 0x00, 
    0x00, 0x00, 
    0x00, 0x00, 
    0x00, 0x00, 
    0x00, 0x00, 
    0x00, 0x00, 
    0x00, 0x00, 
    0x00, 0x00, 
    // 'a' (ASCII 97)
    0x00, 0x00, 
    0x00, 0x00, 
    0x00, 0x00, 
    0x7C, 0x00, 
    0x7C, 0x00, 
    0x07, 0x00, 
    0x7F, 0x00, 
    0x7F, 0x00, 
    0xE7, 0x00, 
    0x7F, 0x00, 
    0x7F, 0x00, 
    0x00, 0x00, 
    // 'b' (ASCII 98)
    0xE0, 0x00, 
    0xE0, 0x00, 
    0xE0, 0x00, 
    0xFE, 0x00, 
    0xFE, 0x00, 
    0xE7, 0x00, 
    0xE7, 0x00, 
    0xE7, 0x00, 
    0xE7, 0x00, 
    0xFE, 0x00, 
    0xFE, 0x00, 
    0x00, 0x00, 
    // 'c' (ASCII 99)
    0x00, 0x00, 
    0x00, 0x00, 
    0x00, 0x00, 
    0x7C, 0x00, 
    0x7C, 0x00, 
    0xE0, 0x00, 
    0xE0, 0x00, 
    0xE0, 0x00, 
    0xE0, 0x00, 
    0x7C, 0x00, 
    0x7C, 0x00, 
    0x00, 0x00, 
    // 'd' (ASCII 100)
    0x07, 0x00, 
    0x07, 0x00, 
    0x07, 0x00, 
    0x7F, 0x00, 
    0x7F, 0x00, 
    0xE7, 0x00, 
    0xE7, 0x00, 
    0xE7, 0x00, 
    0xE7, 0x00, 
    0x7F, 0x00, 
    0x7F, 0x00, 
    0x00, 0x00, 
    // 'e' (ASCII 101)
    0x00, 0x00, 
    0x00, 0x00, 
    0x00, 0x00, 
    0x7C, 0x00, 
    0x7C, 0x00, 
    0xE7, 0x00, 
    0xFF, 0x00, 
    0xFF, 0x00, 
    0xE0, 0x00, 
    0x7F, 0x00, 
    0x7F, 0x00, 
    0x00, 0x00, 
    // 'f' (ASCII 102)
    0x38, 0x00, 
    0xF8, 0x00, 
    0xE0, 0x00, 
    0xF8, 0x00, 
    0xF8, 0x00, 
    0xE0, 0x00, 
    0xE0, 0x00, 
    0xE0, 0x00, 
    0xE0, 0x00, 
    0xE0, 0x00, 
    0xE0, 0x00, 
    0x00, 0x00, 
    // 'g' (ASCII 103)
    0x00, 0x00, 
    0x00, 0x00, 
    0x00, 0x00, 
    0x7F, 0x00, 
    0x7F, 0x00, 
    0xE7, 0x00, 
    0xE7, 0x00, 
    0xE7, 0x00, 
    0x7F, 0x00, 
    0x7F, 0x00, 
    0x07, 0x00, 
    0x7C, 0x00, 
    // 'h' (ASCII 104)
    0xE0, 0x00, 
    0xE0, 0x00, 
    0xE0, 0x00, 
    0xFE, 0x00, 
    0xFE, 0x00, 
    0xE7, 0x00, 
    0xE7, 0x00, 
    0xE7, 0x00, 
    0xE7, 0x00, 
    0xE7, 0x00, 
    0xE7, 0x00, 
    0x00, 0x00, 
    // 'i' (ASCII 105)
    0xE0, 0x00, 
    0xE0, 0x00, 
    0x00, 0x00, 
    0xE0, 0x00, 
    0xE0, 0x00, 
    0xE0, 0x00, 
    0xE0, 0x00, 
    0xE0, 0x00, 
    0xE0, 0x00, 
    0xE0, 0x00, 
    0xE0, 0x00, 
    0x00, 0x00, 
    // 'j' (ASCII 106)
    0x38, 0x00, 
    0x38, 0x00, 
    0x00, 0x00, 
    0x38, 0x00, 
    0x38, 0x00, 
    0x38, 0x00, 
    0x38, 0x00, 
    0x38, 0x00, 
    0x38, 0x00, 
    0x38, 0x00, 
    0x38, 0x00, 
    0xE0, 0x00, 
    // 'k' (ASCII 107)
    0xE0, 0x00, 
    0xE0, 0x00, 
    0xE0, 0x00, 
    0xE7, 0x00, 
    0xE7, 0x00, 
    0xFE, 0x00, 
    0xF8, 0x00, 
    0xF8, 0x00, 
    0xFE, 0x00, 
    0xE7, 0x00, 
    0xE7, 0x00, 
    0x00, 0x00, 
    // 'l' (ASCII 108)
    0xE0, 0x00, 
    0xE0, 0x00, 
    0xE0, 0x00, 
    0xE0, 0x00, 
    0xE0, 0x00, 
    0xE0, 0x00, 
    0xE0, 0x00, 
    0xE0, 0x00, 
    0xE0, 0x00, 
    0xE0, 0x00, 
    0xE0, 0x00, 
    0x00, 0x00, 
    // 'm' (ASCII 109)
    0x00, 0x00, 
    0x00, 0x00, 
    0x00, 0x00, 
    0xFF, 0xE0, 
    0xFF, 0xE0, 
    0xE7, 0x70, 
    0xE7, 0x70, 
    0xE7, 0x70, 
    0xE7, 0x70, 
    0xE7, 0x70, 
    0xE7, 0x70, 
    0x00, 0x00, 
    // 'n' (ASCII 110)
    0x00, 0x00, 
    0x00, 0x00, 
    0x00, 0x00, 
    0xFE, 0x00, 
    0xFE, 0x00, 
    0xE7, 0x00, 
    0xE7, 0x00, 
    0xE7, 0x00, 
    0xE7, 0x00, 
    0xE7, 0x00, 
    0xE7, 0x00, 
    0x00, 0x00, 
    // 'o' (ASCII 111)
    0x00, 0x00, 
    0x00, 0x00, 
    0x00, 0x00, 
    0x7C, 0x00, 
    0x7C, 0x00, 
    0xE7, 0x00, 
    0xE7, 0x00, 
    0xE7, 0x00, 
    0xE7, 0x00, 
    0x7C, 0x00, 
    0x7C, 0x00, 
    0x00, 0x00, 
    // 'p' (ASCII 112)
    0x00, 0x00, 
    0x00, 0x00, 
    0x00, 0x00, 
    0xFE, 0x00, 
    0xFE, 0x00, 
    0xE7, 0x00, 
    0xE7, 0x00, 
    0xE7, 0x00, 
    0xFE, 0x00, 
    0xFE, 0x00, 
    0xE0, 0x00, 
    0xE0, 0x00, 
    // 'q' (ASCII 113)
    0x00, 0x00, 
    0x00, 0x00, 
    0x00, 0x00, 
    0x7F, 0x00, 
    0x7F, 0x00, 
    0xE7, 0x00, 
    0xE7, 0x00, 
    0xE7, 0x00, 
    0x7F, 0x00, 
    0x7F, 0x00, 
    0x07, 0x00, 
    0x07, 0x00, 
    // 'r' (ASCII 114)
    0x00, 0x00, 
    0x00, 0x00, 
    0x00, 0x00, 
    0xEC, 0x00, 
    0xFC, 0x00, 
    0xFC, 0x00, 
    0xE0, 0x00, 
    0xE0, 0x00, 
    0xE0, 0x00, 
    0xE0, 0x00, 
    0xE0, 0x00, 
    0x00, 0x00, 
    // 's' (ASCII 115)
    0x00, 0x00, 
    0x00, 0x00, 
    0x00, 0x00, 
    0x7C, 0x00, 
    0x7C, 0x00, 
    0xE0, 0x00, 
    0xFC, 0x00, 
    0xFC, 0x00, 
    0x1C, 0x00, 
    0xF8, 0x00, 
    0xF8, 0x00, 
    0x00, 0x00, 
    // 't' (ASCII 116)
    0xE0, 0x00, 
    0xE0, 0x00, 
    0xE0, 0x00, 
    0xF8, 0x00, 
    0xF8, 0x00, 
    0xE0, 0x00, 
    0xE0, 0x00, 
    0xE0, 0x00, 
    0xE0, 0x00, 
    0x38, 0x00, 
    0x38, 0x00, 
    0x00, 0x00, 
    // 'u' (ASCII 117)
    0x00, 0x00, 
    0x00, 0x00, 
    0x00, 0x00, 
    0xE7, 0x00, 
    0xE7, 0x00, 
    0xE7, 0x00, 
    0xE7, 0x00, 
    0xE7, 0x00, 
    0xE7, 0x00, 
    0x7F, 0x00, 
    0x7F, 0x00, 
    0x00, 0x00, 
    // 'v' (ASCII 118)
    0x00, 0x00, 
    0x00, 0x00, 
    0x00, 0x00, 
    0xE7, 0x00, 
    0xE7, 0x00, 
    0xE7, 0x00, 
    0x7C, 0x00, 
    0x7C, 0x00, 
    0x7C, 0x00, 
    0x18, 0x00, 
    0x18, 0x00, 
    0x00, 0x00, 
    // 'w' (ASCII 119)
    0x00, 0x00, 
    0x00, 0x00, 
    0x00, 0x00, 
    0xE0, 0xE0, 
    0xE0, 0xE0, 
    0xE4, 0xE0, 
    0xE4, 0xE0, 
    0xE4, 0xE0, 
    0x3F, 0x80, 
    0x3F, 0x80, 
    0x3B, 0x80, 
    0x00, 0x00, 
    // 'x' (ASCII 120)
    0x00, 0x00, 
    0x00, 0x00, 
    0x00, 0x00, 
    0xE7, 0x00, 
    0xE7, 0x00, 
    0xE7, 0x00, 
    0x7C, 0x00, 
    0x7C, 0x00, 
    0xE7, 0x00, 
    0xE7, 0x00, 
    0xE7, 0x00, 
    0x00, 0x00, 
    // 'y' (ASCII 121)
    0x00, 0x00, 
    0x00, 0x00, 
    0x00, 0x00, 
    0xE7, 0x00, 
    0xE7, 0x00, 
    0xE7, 0x00, 
    0xE7, 0x00, 
    0xE7, 0x00, 
    0x7F, 0x00, 
    0x7F, 0x00, 
    0x07, 0x00, 
    0x7C, 0x00, 
    // 'z' (ASCII 122)
    0x00, 0x00, 
    0x00, 0x00, 
    0x00, 0x00, 
    0xFF, 0x00, 
    0xFF, 0x00, 
    0x1C, 0x00, 
    0x38, 0x00, 
    0x38, 0x00, 
    0xE0, 0x00, 
    0xFF, 0x00, 
    0xFF, 0x00, 
    0x00, 0x00, 
    // '{' (ASCII 123)
    0xF8, 0x00, 
    0xF0, 0x00, 
    0xE0, 0x00, 
    0xE0, 0x00, 
    0xE0, 0x00, 
    0xE0, 0x00, 
    0xE0, 0x00, 
    0xE0, 0x00, 
    0xE0, 0x00, 
    0xE0, 0x00, 
    0xE0, 0x00, 
    0xF0, 0x00, 
    // '|' (ASCII 124)
    0xE0, 0x00, 
    0xE0, 0x00, 
    0xE0, 0x00, 
    0xE0, 0x00, 
    0xE0, 0x00, 
    0xE0, 0x00, 
    0xE0, 0x00, 
    0xE0, 0x00, 
    0xE0, 0x00, 
    0xE0, 0x00, 
    0xE0, 0x00, 
    0xE0, 0x00, 
    // '}' (ASCII 125)
    0xF8, 0x00, 
    0x78, 0x00, 
    0x38, 0x00, 
    0x38, 0x00, 
    0x38, 0x00, 
    0x38, 0x00, 
    0x38, 0x00, 
    0x38, 0x00, 
    0x38, 0x00, 
    0x38, 0x00, 
    0x38, 0x00, 
    0x78, 0x00, 
    // '~' (ASCII 126)
    0x3B, 0x00, 
    0xDC, 0x00, 
    0xDC, 0x00, 
    0x00, 0x00, 
    0x00, 0x00, 
    0x00, 0x00, 
    0x00, 0x00, 
    0x00, 0x00, 
    0x00, 0x00, 
    0x00, 0x00, 
    0x00, 0x00, 
    0x00, 0x00, 
};

sFONT Font_nokia_12 = {
  Font_nokia_12_Table,
  12, // Width
  12  // Height
};

// @16x16 pixel layout for nokia
const uint8_t Font_nokia_16_Table[] = {
    // ' ' (ASCII 32)
    0x00, 0x00, 
    0x00, 0x00, 
    0x00, 0x00, 
    0x00, 0x00, 
    0x00, 0x00, 
    0x00, 0x00, 
    0x00, 0x00, 
    0x00, 0x00, 
    0x00, 0x00, 
    0x00, 0x00, 
    0x00, 0x00, 
    0x00, 0x00, 
    0x00, 0x00, 
    0x00, 0x00, 
    0x00, 0x00, 
    0x00, 0x00, 
    // '!' (ASCII 33)
    0x00, 0x00, 
    0xF0, 0x00, 
    0xF0, 0x00, 
    0xF0, 0x00, 
    0xF0, 0x00, 
    0xF0, 0x00, 
    0xF0, 0x00, 
    0xF0, 0x00, 
    0xF0, 0x00, 
    0xF0, 0x00, 
    0xF0, 0x00, 
    0x00, 0x00, 
    0x00, 0x00, 
    0xF0, 0x00, 
    0xF0, 0x00, 
    0x00, 0x00, 
    // '"' (ASCII 34)
    0x00, 0x00, 
    0xCC, 0x00, 
    0xCC, 0x00, 
    0xCC, 0x00, 
    0xCC, 0x00, 
    0x00, 0x00, 
    0x00, 0x00, 
    0x00, 0x00, 
    0x00, 0x00, 
    0x00, 0x00, 
    0x00, 0x00, 
    0x00, 0x00, 
    0x00, 0x00, 
    0x00, 0x00, 
    0x00, 0x00, 
    0x00, 0x00, 
    // '#' (ASCII 35)
    0x00, 0x00, 
    0x33, 0x00, 
    0x33, 0x00, 
    0xFF, 0xC0, 
    0xFF, 0xC0, 
    0xFF, 0xC0, 
    0xFF, 0xC0, 
    0x33, 0x00, 
    0x33, 0x00, 
    0xFF, 0xC0, 
    0xFF, 0xC0, 
    0xFF, 0xC0, 
    0xFF, 0xC0, 
    0x33, 0x00, 
    0x33, 0x00, 
    0x00, 0x00, 
    // '$' (ASCII 36)
    0x00, 0x00, 
    0x33, 0x00, 
    0x33, 0x00, 
    0x3F, 0xC0, 
    0x3F, 0xC0, 
    0xF3, 0x00, 
    0xF3, 0x00, 
    0xFF, 0x00, 
    0xFF, 0x00, 
    0x3F, 0xC0, 
    0x3F, 0xC0, 
    0x33, 0xC0, 
    0x33, 0xC0, 
    0xFF, 0x00, 
    0xFF, 0x00, 
    0x33, 0x00, 
    // '%' (ASCII 37)
    0x00, 0x00, 
    0xF0, 0xC0, 
    0xF0, 0xC0, 
    0xF3, 0xC0, 
    0xF3, 0xC0, 
    0x03, 0x00, 
    0x03, 0x00, 
    0x0F, 0x00, 
    0x0F, 0x00, 
    0x0C, 0x00, 
    0x0C, 0x00, 
    0x3C, 0xF0, 
    0x3C, 0xF0, 
    0x30, 0xF0, 
    0x30, 0xF0, 
    0x00, 0x00, 
    // '&' (ASCII 38)
    0x00, 0x00, 
    0x3F, 0x00, 
    0x3F, 0x00, 
    0xF3, 0xC0, 
    0xF3, 0xC0, 
    0x3F, 0x00, 
    0x3F, 0x00, 
    0xFF, 0x30, 
    0xFF, 0x30, 
    0xF3, 0xF0, 
    0xF3, 0xF0, 
    0xF3, 0xF0, 
    0xF3, 0xF0, 
    0x3F, 0x30, 
    0x3F, 0x30, 
    0x00, 0x00, 
    // ''' (ASCII 39)
    0x00, 0x00, 
    0xC0, 0x00, 
    0xC0, 0x00, 
    0xC0, 0x00, 
    0xC0, 0x00, 
    0x00, 0x00, 
    0x00, 0x00, 
    0x00, 0x00, 
    0x00, 0x00, 
    0x00, 0x00, 
    0x00, 0x00, 
    0x00, 0x00, 
    0x00, 0x00, 
    0x00, 0x00, 
    0x00, 0x00, 
    0x00, 0x00, 
    // '(' (ASCII 40)
    0x00, 0x00, 
    0x0C, 0x00, 
    0x0C, 0x00, 
    0x30, 0x00, 
    0x30, 0x00, 
    0xF0, 0x00, 
    0xF0, 0x00, 
    0xF0, 0x00, 
    0xF0, 0x00, 
    0xF0, 0x00, 
    0xF0, 0x00, 
    0xF0, 0x00, 
    0xF0, 0x00, 
    0x30, 0x00, 
    0x30, 0x00, 
    0x0C, 0x00, 
    // ')' (ASCII 41)
    0x00, 0x00, 
    0xC0, 0x00, 
    0xC0, 0x00, 
    0x30, 0x00, 
    0x30, 0x00, 
    0x3C, 0x00, 
    0x3C, 0x00, 
    0x3C, 0x00, 
    0x3C, 0x00, 
    0x3C, 0x00, 
    0x3C, 0x00, 
    0x3C, 0x00, 
    0x3C, 0x00, 
    0x30, 0x00, 
    0x30, 0x00, 
    0xC0, 0x00, 
    // '*' (ASCII 42)
    0x00, 0x00, 
    0x0C, 0x00, 
    0x0C, 0x00, 
    0xCC, 0xC0, 
    0xCC, 0xC0, 
    0xFF, 0xC0, 
    0xFF, 0xC0, 
    0x3F, 0x00, 
    0x3F, 0x00, 
    0xFF, 0xC0, 
    0xFF, 0xC0, 
    0xCC, 0xC0, 
    0xCC, 0xC0, 
    0x0C, 0x00, 
    0x0C, 0x00, 
    0x00, 0x00, 
    // '+' (ASCII 43)
    0x00, 0x00, 
    0x00, 0x00, 
    0x00, 0x00, 
    0x0C, 0x00, 
    0x0C, 0x00, 
    0x0C, 0x00, 
    0x0C, 0x00, 
    0xFF, 0xC0, 
    0xFF, 0xC0, 
    0x0C, 0x00, 
    0x0C, 0x00, 
    0x0C, 0x00, 
    0x0C, 0x00, 
    0x00, 0x00, 
    0x00, 0x00, 
    0x00, 0x00, 
    // ',' (ASCII 44)
    0x00, 0x00, 
    0x00, 0x00, 
    0x00, 0x00, 
    0x00, 0x00, 
    0x00, 0x00, 
    0x00, 0x00, 
    0x00, 0x00, 
    0x00, 0x00, 
    0x00, 0x00, 
    0x00, 0x00, 
    0x00, 0x00, 
    0x30, 0x00, 
    0x30, 0x00, 
    0xF0, 0x00, 
    0xF0, 0x00, 
    0xC0, 0x00, 
    // '-' (ASCII 45)
    0x00, 0x00, 
    0x00, 0x00, 
    0x00, 0x00, 
    0x00, 0x00, 
    0x00, 0x00, 
    0x00, 0x00, 
    0x00, 0x00, 
    0xFF, 0x00, 
    0xFF, 0x00, 
    0x00, 0x00, 
    0x00, 0x00, 
    0x00, 0x00, 
    0x00, 0x00, 
    0x00, 0x00, 
    0x00, 0x00, 
    0x00, 0x00, 
    // '.' (ASCII 46)
    0x00, 0x00, 
    0x00, 0x00, 
    0x00, 0x00, 
    0x00, 0x00, 
    0x00, 0x00, 
    0x00, 0x00, 
    0x00, 0x00, 
    0x00, 0x00, 
    0x00, 0x00, 
    0x00, 0x00, 
    0x00, 0x00, 
    0xF0, 0x00, 
    0xF0, 0x00, 
    0xF0, 0x00, 
    0xF0, 0x00, 
    0x00, 0x00, 
    // '/' (ASCII 47)
    0x00, 0x00, 
    0x0C, 0x00, 
    0x0C, 0x00, 
    0x0C, 0x00, 
    0x0C, 0x00, 
    0x3C, 0x00, 
    0x3C, 0x00, 
    0x30, 0x00, 
    0x30, 0x00, 
    0xF0, 0x00, 
    0xF0, 0x00, 
    0xC0, 0x00, 
    0xC0, 0x00, 
    0xC0, 0x00, 
    0xC0, 0x00, 
    0x00, 0x00, 
    // '0' (ASCII 48)
    0x00, 0x00, 
    0x3F, 0x00, 
    0x3F, 0x00, 
    0xF3, 0xC0, 
    0xF3, 0xC0, 
    0xF3, 0xC0, 
    0xF3, 0xC0, 
    0xF3, 0xC0, 
    0xF3, 0xC0, 
    0xF3, 0xC0, 
    0xF3, 0xC0, 
    0xF3, 0xC0, 
    0xF3, 0xC0, 
    0x3F, 0x00, 
    0x3F, 0x00, 
    0x00, 0x00, 
    // '1' (ASCII 49)
    0x00, 0x00, 
    0x3C, 0x00, 
    0x3C, 0x00, 
    0xFC, 0x00, 
    0xFC, 0x00, 
    0x3C, 0x00, 
    0x3C, 0x00, 
    0x3C, 0x00, 
    0x3C, 0x00, 
    0x3C, 0x00, 
    0x3C, 0x00, 
    0x3C, 0x00, 
    0x3C, 0x00, 
    0x3C, 0x00, 
    0x3C, 0x00, 
    0x00, 0x00, 
    // '2' (ASCII 50)
    0x00, 0x00, 
    0xFF, 0x00, 
    0xFF, 0x00, 
    0x03, 0xC0, 
    0x03, 0xC0, 
    0x03, 0xC0, 
    0x03, 0xC0, 
    0x3F, 0x00, 
    0x3F, 0x00, 
    0xF0, 0x00, 
    0xF0, 0x00, 
    0xF0, 0x00, 
    0xF0, 0x00, 
    0xFF, 0xC0, 
    0xFF, 0xC0, 
    0x00, 0x00, 
    // '3' (ASCII 51)
    0x00, 0x00, 
    0xFF, 0x00, 
    0xFF, 0x00, 
    0x03, 0xC0, 
    0x03, 0xC0, 
    0x03, 0xC0, 
    0x03, 0xC0, 
    0x3F, 0x00, 
    0x3F, 0x00, 
    0x03, 0xC0, 
    0x03, 0xC0, 
    0x03, 0xC0, 
    0x03, 0xC0, 
    0xFF, 0x00, 
    0xFF, 0x00, 
    0x00, 0x00, 
    // '4' (ASCII 52)
    0x00, 0x00, 
    0x03, 0xC0, 
    0x03, 0xC0, 
    0x0F, 0xC0, 
    0x0F, 0xC0, 
    0x33, 0xC0, 
    0x33, 0xC0, 
    0xC3, 0xC0, 
    0xC3, 0xC0, 
    0xFF, 0xC0, 
    0xFF, 0xC0, 
    0x03, 0xC0, 
    0x03, 0xC0, 
    0x03, 0xC0, 
    0x03, 0xC0, 
    0x00, 0x00, 
    // '5' (ASCII 53)
    0x00, 0x00, 
    0xFF, 0x00, 
    0xFF, 0x00, 
    0xC0, 0x00, 
    0xC0, 0x00, 
    0xFF, 0x00, 
    0xFF, 0x00, 
    0x03, 0xC0, 
    0x03, 0xC0, 
    0x03, 0xC0, 
    0x03, 0xC0, 
    0x03, 0xC0, 
    0x03, 0xC0, 
    0xFF, 0x00, 
    0xFF, 0x00, 
    0x00, 0x00, 
    // '6' (ASCII 54)
    0x00, 0x00, 
    0x3F, 0x00, 
    0x3F, 0x00, 
    0xF0, 0x00, 
    0xF0, 0x00, 
    0xFF, 0x00, 
    0xFF, 0x00, 
    0xF3, 0xC0, 
    0xF3, 0xC0, 
    0xF3, 0xC0, 
    0xF3, 0xC0, 
    0xF3, 0xC0, 
    0xF3, 0xC0, 
    0x3F, 0x00, 
    0x3F, 0x00, 
    0x00, 0x00, 
    // '7' (ASCII 55)
    0x00, 0x00, 
    0xFF, 0xC0, 
    0xFF, 0xC0, 
    0x03, 0xC0, 
    0x03, 0xC0, 
    0x0F, 0x00, 
    0x0F, 0x00, 
    0x0F, 0x00, 
    0x0F, 0x00, 
    0x3C, 0x00, 
    0x3C, 0x00, 
    0x3C, 0x00, 
    0x3C, 0x00, 
    0x3C, 0x00, 
    0x3C, 0x00, 
    0x00, 0x00, 
    // '8' (ASCII 56)
    0x00, 0x00, 
    0x3F, 0x00, 
    0x3F, 0x00, 
    0xF3, 0xC0, 
    0xF3, 0xC0, 
    0xF3, 0xC0, 
    0xF3, 0xC0, 
    0x3F, 0x00, 
    0x3F, 0x00, 
    0xF3, 0xC0, 
    0xF3, 0xC0, 
    0xF3, 0xC0, 
    0xF3, 0xC0, 
    0x3F, 0x00, 
    0x3F, 0x00, 
    0x00, 0x00, 
    // '9' (ASCII 57)
    0x00, 0x00, 
    0x3F, 0x00, 
    0x3F, 0x00, 
    0xF3, 0xC0, 
    0xF3, 0xC0, 
    0xF3, 0xC0, 
    0xF3, 0xC0, 
    0xF3, 0xC0, 
    0xF3, 0xC0, 
    0x3F, 0xC0, 
    0x3F, 0xC0, 
    0x03, 0xC0, 
    0x03, 0xC0, 
    0x3F, 0x00, 
    0x3F, 0x00, 
    0x00, 0x00, 
    // ':' (ASCII 58)
    0x00, 0x00, 
    0x00, 0x00, 
    0x00, 0x00, 
    0x00, 0x00, 
    0x00, 0x00, 
    0xF0, 0x00, 
    0xF0, 0x00, 
    0xF0, 0x00, 
    0xF0, 0x00, 
    0x00, 0x00, 
    0x00, 0x00, 
    0xF0, 0x00, 
    0xF0, 0x00, 
    0xF0, 0x00, 
    0xF0, 0x00, 
    0x00, 0x00, 
    // ';' (ASCII 59)
    0x00, 0x00, 
    0x00, 0x00, 
    0x00, 0x00, 
    0x00, 0x00, 
    0x00, 0x00, 
    0xF0, 0x00, 
    0xF0, 0x00, 
    0xF0, 0x00, 
    0xF0, 0x00, 
    0x00, 0x00, 
    0x00, 0x00, 
    0x30, 0x00, 
    0x30, 0x00, 
    0xF0, 0x00, 
    0xF0, 0x00, 
    0xC0, 0x00, 
    // '<' (ASCII 60)
    0x00, 0x00, 
    0x03, 0x00, 
    0x03, 0x00, 
    0x0F, 0x00, 
    0x0F, 0x00, 
    0x3C, 0x00, 
    0x3C, 0x00, 
    0xF0, 0x00, 
    0xF0, 0x00, 
    0x3C, 0x00, 
    0x3C, 0x00, 
    0x0F, 0x00, 
    0x0F, 0x00, 
    0x03, 0x00, 
    0x03, 0x00, 
    0x00, 0x00, 
    // '=' (ASCII 61)
    0x00, 0x00, 
    0x00, 0x00, 
    0x00, 0x00, 
    0x00, 0x00, 
    0x00, 0x00, 
    0x00, 0x00, 
    0x00, 0x00, 
    0xFF, 0x00, 
    0xFF, 0x00, 
    0x00, 0x00, 
    0x00, 0x00, 
    0xFF, 0x00, 
    0xFF, 0x00, 
    0x00, 0x00, 
    0x00, 0x00, 
    0x00, 0x00, 
    // '>' (ASCII 62)
    0x00, 0x00, 
    0xC0, 0x00, 
    0xC0, 0x00, 
    0xF0, 0x00, 
    0xF0, 0x00, 
    0x3C, 0x00, 
    0x3C, 0x00, 
    0x0F, 0x00, 
    0x0F, 0x00, 
    0x3C, 0x00, 
    0x3C, 0x00, 
    0xF0, 0x00, 
    0xF0, 0x00, 
    0xC0, 0x00, 
    0xC0, 0x00, 
    0x00, 0x00, 
    // '?' (ASCII 63)
    0x00, 0x00, 
    0xFF, 0x00, 
    0xFF, 0x00, 
    0x03, 0xC0, 
    0x03, 0xC0, 
    0x0F, 0x00, 
    0x0F, 0x00, 
    0x3C, 0x00, 
    0x3C, 0x00, 
    0x3C, 0x00, 
    0x3C, 0x00, 
    0x00, 0x00, 
    0x00, 0x00, 
    0x3C, 0x00, 
    0x3C, 0x00, 
    0x00, 0x00, 
    // '@' (ASCII 64)
    0x00, 0x00, 
    0x00, 0x00, 
    0x00, 0x00, 
    0x3F, 0xC0, 
    0x3F, 0xC0, 
    0xF0, 0xF0, 
    0xF0, 0xF0, 
    0xFF, 0xF0, 
    0xFF, 0xF0, 
    0xF3, 0xF0, 
    0xF3, 0xF0, 
    0xFF, 0xF0, 
    0xFF, 0xF0, 
    0xF0, 0x00, 
    0xF0, 0x00, 
    0x3F, 0xC0, 
    // 'A' (ASCII 65)
    0x00, 0x00, 
    0x3F, 0x00, 
    0x3F, 0x00, 
    0xF3, 0xC0, 
    0xF3, 0xC0, 
    0xF3, 0xC0, 
    0xF3, 0xC0, 
    0xF3, 0xC0, 
    0xF3, 0xC0, 
    0xFF, 0xC0, 
    0xFF, 0xC0, 
    0xF3, 0xC0, 
    0xF3, 0xC0, 
    0xF3, 0xC0, 
    0xF3, 0xC0, 
    0x00, 0x00, 
    // 'B' (ASCII 66)
    0x00, 0x00, 
    0xFF, 0x00, 
    0xFF, 0x00, 
    0xF3, 0xC0, 
    0xF3, 0xC0, 
    0xFF, 0x00, 
    0xFF, 0x00, 
    0xF3, 0xC0, 
    0xF3, 0xC0, 
    0xF3, 0xC0, 
    0xF3, 0xC0, 
    0xF3, 0xC0, 
    0xF3, 0xC0, 
    0xFF, 0x00, 
    0xFF, 0x00, 
    0x00, 0x00, 
    // 'C' (ASCII 67)
    0x00, 0x00, 
    0x3F, 0xC0, 
    0x3F, 0xC0, 
    0xF0, 0x00, 
    0xF0, 0x00, 
    0xF0, 0x00, 
    0xF0, 0x00, 
    0xF0, 0x00, 
    0xF0, 0x00, 
    0xF0, 0x00, 
    0xF0, 0x00, 
    0xF0, 0x00, 
    0xF0, 0x00, 
    0x3F, 0xC0, 
    0x3F, 0xC0, 
    0x00, 0x00, 
    // 'D' (ASCII 68)
    0x00, 0x00, 
    0xFF, 0x00, 
    0xFF, 0x00, 
    0xF3, 0xC0, 
    0xF3, 0xC0, 
    0xF3, 0xC0, 
    0xF3, 0xC0, 
    0xF3, 0xC0, 
    0xF3, 0xC0, 
    0xF3, 0xC0, 
    0xF3, 0xC0, 
    0xF3, 0xC0, 
    0xF3, 0xC0, 
    0xFF, 0x00, 
    0xFF, 0x00, 
    0x00, 0x00, 
    // 'E' (ASCII 69)
    0x00, 0x00, 
    0xFF, 0xC0, 
    0xFF, 0xC0, 
    0xF0, 0x00, 
    0xF0, 0x00, 
    0xFF, 0x00, 
    0xFF, 0x00, 
    0xF0, 0x00, 
    0xF0, 0x00, 
    0xF0, 0x00, 
    0xF0, 0x00, 
    0xF0, 0x00, 
    0xF0, 0x00, 
    0xFF, 0xC0, 
    0xFF, 0xC0, 
    0x00, 0x00, 
    // 'F' (ASCII 70)
    0x00, 0x00, 
    0xFF, 0xC0, 
    0xFF, 0xC0, 
    0xF0, 0x00, 
    0xF0, 0x00, 
    0xFF, 0x00, 
    0xFF, 0x00, 
    0xF0, 0x00, 
    0xF0, 0x00, 
    0xF0, 0x00, 
    0xF0, 0x00, 
    0xF0, 0x00, 
    0xF0, 0x00, 
    0xF0, 0x00, 
    0xF0, 0x00, 
    0x00, 0x00, 
    // 'G' (ASCII 71)
    0x00, 0x00, 
    0x3F, 0x00, 
    0x3F, 0x00, 
    0xF0, 0x00, 
    0xF0, 0x00, 
    0xF0, 0x00, 
    0xF0, 0x00, 
    0xF3, 0xC0, 
    0xF3, 0xC0, 
    0xF3, 0xC0, 
    0xF3, 0xC0, 
    0xF3, 0xC0, 
    0xF3, 0xC0, 
    0x3F, 0xC0, 
    0x3F, 0xC0, 
    0x00, 0x00, 
    // 'H' (ASCII 72)
    0x00, 0x00, 
    0xF3, 0xC0, 
    0xF3, 0xC0, 
    0xF3, 0xC0, 
    0xF3, 0xC0, 
    0xFF, 0xC0, 
    0xFF, 0xC0, 
    0xF3, 0xC0, 
    0xF3, 0xC0, 
    0xF3, 0xC0, 
    0xF3, 0xC0, 
    0xF3, 0xC0, 
    0xF3, 0xC0, 
    0xF3, 0xC0, 
    0xF3, 0xC0, 
    0x00, 0x00, 
    // 'I' (ASCII 73)
    0x00, 0x00, 
    0xF0, 0x00, 
    0xF0, 0x00, 
    0xF0, 0x00, 
    0xF0, 0x00, 
    0xF0, 0x00, 
    0xF0, 0x00, 
    0xF0, 0x00, 
    0xF0, 0x00, 
    0xF0, 0x00, 
    0xF0, 0x00, 
    0xF0, 0x00, 
    0xF0, 0x00, 
    0xF0, 0x00, 
    0xF0, 0x00, 
    0x00, 0x00, 
    // 'J' (ASCII 74)
    0x00, 0x00, 
    0x0F, 0x00, 
    0x0F, 0x00, 
    0x0F, 0x00, 
    0x0F, 0x00, 
    0x0F, 0x00, 
    0x0F, 0x00, 
    0x0F, 0x00, 
    0x0F, 0x00, 
    0x0F, 0x00, 
    0x0F, 0x00, 
    0x0F, 0x00, 
    0x0F, 0x00, 
    0xFC, 0x00, 
    0xFC, 0x00, 
    0x00, 0x00, 
    // 'K' (ASCII 75)
    0x00, 0x00, 
    0xF0, 0xF0, 
    0xF0, 0xF0, 
    0xF3, 0xC0, 
    0xF3, 0xC0, 
    0xFF, 0x00, 
    0xFF, 0x00, 
    0xFC, 0x00, 
    0xFC, 0x00, 
    0xFF, 0x00, 
    0xFF, 0x00, 
    0xF3, 0xC0, 
    0xF3, 0xC0, 
    0xF0, 0xF0, 
    0xF0, 0xF0, 
    0x00, 0x00, 
    // 'L' (ASCII 76)
    0x00, 0x00, 
    0xF0, 0x00, 
    0xF0, 0x00, 
    0xF0, 0x00, 
    0xF0, 0x00, 
    0xF0, 0x00, 
    0xF0, 0x00, 
    0xF0, 0x00, 
    0xF0, 0x00, 
    0xF0, 0x00, 
    0xF0, 0x00, 
    0xF0, 0x00, 
    0xF0, 0x00, 
    0xFF, 0x00, 
    0xFF, 0x00, 
    0x00, 0x00, 
    // 'M' (ASCII 77)
    0x00, 0x00, 
    0xC0, 0x0C, 
    0xC0, 0x0C, 
    0xF0, 0x3C, 
    0xF0, 0x3C, 
    0xFC, 0xFC, 
    0xFC, 0xFC, 
    0xFF, 0xFC, 
    0xFF, 0xFC, 
    0xF3, 0x3C, 
    0xF3, 0x3C, 
    0xF0, 0x3C, 
    0xF0, 0x3C, 
    0xF0, 0x3C, 
    0xF0, 0x3C, 
    0x00, 0x00, 
    // 'N' (ASCII 78)
    0x00, 0x00, 
    0xC0, 0xF0, 
    0xC0, 0xF0, 
    0xF0, 0xF0, 
    0xF0, 0xF0, 
    0xFC, 0xF0, 
    0xFC, 0xF0, 
    0xFF, 0xF0, 
    0xFF, 0xF0, 
    0xF3, 0xF0, 
    0xF3, 0xF0, 
    0xF0, 0xF0, 
    0xF0, 0xF0, 
    0xF0, 0x30, 
    0xF0, 0x30, 
    0x00, 0x00, 
    // 'O' (ASCII 79)
    0x00, 0x00, 
    0x3F, 0xC0, 
    0x3F, 0xC0, 
    0xF0, 0xF0, 
    0xF0, 0xF0, 
    0xF0, 0xF0, 
    0xF0, 0xF0, 
    0xF0, 0xF0, 
    0xF0, 0xF0, 
    0xF0, 0xF0, 
    0xF0, 0xF0, 
    0xF0, 0xF0, 
    0xF0, 0xF0, 
    0x3F, 0xC0, 
    0x3F, 0xC0, 
    0x00, 0x00, 
    // 'P' (ASCII 80)
    0x00, 0x00, 
    0xFF, 0x00, 
    0xFF, 0x00, 
    0xF3, 0xC0, 
    0xF3, 0xC0, 
    0xF3, 0xC0, 
    0xF3, 0xC0, 
    0xF3, 0xC0, 
    0xF3, 0xC0, 
    0xFF, 0x00, 
    0xFF, 0x00, 
    0xF0, 0x00, 
    0xF0, 0x00, 
    0xF0, 0x00, 
    0xF0, 0x00, 
    0x00, 0x00, 
    // 'Q' (ASCII 81)
    0x00, 0x00, 
    0x3F, 0xC0, 
    0x3F, 0xC0, 
    0xF0, 0xF0, 
    0xF0, 0xF0, 
    0xF0, 0xF0, 
    0xF0, 0xF0, 
    0xF0, 0xF0, 
    0xF0, 0xF0, 
    0xF0, 0xF0, 
    0xF0, 0xF0, 
    0xF3, 0xF0, 
    0xF3, 0xF0, 
    0x3F, 0xC0, 
    0x3F, 0xC0, 
    0x00, 0xF0, 
    // 'R' (ASCII 82)
    0x00, 0x00, 
    0xFF, 0x00, 
    0xFF, 0x00, 
    0xF3, 0xC0, 
    0xF3, 0xC0, 
    0xF3, 0xC0, 
    0xF3, 0xC0, 
    0xF3, 0xC0, 
    0xF3, 0xC0, 
    0xFF, 0x00, 
    0xFF, 0x00, 
    0xF3, 0x00, 
    0xF3, 0x00, 
    0xF3, 0xC0, 
    0xF3, 0xC0, 
    0x00, 0x00, 
    // 'S' (ASCII 83)
    0x00, 0x00, 
    0x3F, 0x00, 
    0x3F, 0x00, 
    0xF0, 0x00, 
    0xF0, 0x00, 
    0xF0, 0x00, 
    0xF0, 0x00, 
    0x3C, 0x00, 
    0x3C, 0x00, 
    0x0F, 0x00, 
    0x0F, 0x00, 
    0x0F, 0x00, 
    0x0F, 0x00, 
    0xFC, 0x00, 
    0xFC, 0x00, 
    0x00, 0x00, 
    // 'T' (ASCII 84)
    0x00, 0x00, 
    0xFF, 0xF0, 
    0xFF, 0xF0, 
    0x0F, 0x00, 
    0x0F, 0x00, 
    0x0F, 0x00, 
    0x0F, 0x00, 
    0x0F, 0x00, 
    0x0F, 0x00, 
    0x0F, 0x00, 
    0x0F, 0x00, 
    0x0F, 0x00, 
    0x0F, 0x00, 
    0x0F, 0x00, 
    0x0F, 0x00, 
    0x00, 0x00, 
    // 'U' (ASCII 85)
    0x00, 0x00, 
    0xF3, 0xC0, 
    0xF3, 0xC0, 
    0xF3, 0xC0, 
    0xF3, 0xC0, 
    0xF3, 0xC0, 
    0xF3, 0xC0, 
    0xF3, 0xC0, 
    0xF3, 0xC0, 
    0xF3, 0xC0, 
    0xF3, 0xC0, 
    0xF3, 0xC0, 
    0xF3, 0xC0, 
    0x3F, 0x00, 
    0x3F, 0x00, 
    0x00, 0x00, 
    // 'V' (ASCII 86)
    0x00, 0x00, 
    0xF0, 0xF0, 
    0xF0, 0xF0, 
    0xF0, 0xF0, 
    0xF0, 0xF0, 
    0xF0, 0xF0, 
    0xF0, 0xF0, 
    0x3F, 0xC0, 
    0x3F, 0xC0, 
    0x3F, 0xC0, 
    0x3F, 0xC0, 
    0x0F, 0x00, 
    0x0F, 0x00, 
    0x0F, 0x00, 
    0x0F, 0x00, 
    0x00, 0x00, 
    // 'W' (ASCII 87)
    0x00, 0x00, 
    0xF0, 0x3C, 
    0xF0, 0x3C, 
    0xF0, 0x3C, 
    0xF0, 0x3C, 
    0xF3, 0x3C, 
    0xF3, 0x3C, 
    0xFF, 0xFC, 
    0xFF, 0xFC, 
    0x3F, 0xF0, 
    0x3F, 0xF0, 
    0x3F, 0xF0, 
    0x3F, 0xF0, 
    0x3C, 0xF0, 
    0x3C, 0xF0, 
    0x00, 0x00, 
    // 'X' (ASCII 88)
    0x00, 0x00, 
    0xF0, 0xF0, 
    0xF0, 0xF0, 
    0xF0, 0xF0, 
    0xF0, 0xF0, 
    0x3F, 0xC0, 
    0x3F, 0xC0, 
    0x0F, 0x00, 
    0x0F, 0x00, 
    0x3F, 0xC0, 
    0x3F, 0xC0, 
    0xF0, 0xF0, 
    0xF0, 0xF0, 
    0xF0, 0xF0, 
    0xF0, 0xF0, 
    0x00, 0x00, 
    // 'Y' (ASCII 89)
    0x00, 0x00, 
    0xF0, 0xF0, 
    0xF0, 0xF0, 
    0xF0, 0xF0, 
    0xF0, 0xF0, 
    0x3F, 0xC0, 
    0x3F, 0xC0, 
    0x0F, 0x00, 
    0x0F, 0x00, 
    0x0F, 0x00, 
    0x0F, 0x00, 
    0x0F, 0x00, 
    0x0F, 0x00, 
    0x0F, 0x00, 
    0x0F, 0x00, 
    0x00, 0x00, 
    // 'Z' (ASCII 90)
    0x00, 0x00, 
    0xFF, 0xC0, 
    0xFF, 0xC0, 
    0x03, 0xC0, 
    0x03, 0xC0, 
    0x0F, 0xC0, 
    0x0F, 0xC0, 
    0x3F, 0x00, 
    0x3F, 0x00, 
    0xFC, 0x00, 
    0xFC, 0x00, 
    0xF0, 0x00, 
    0xF0, 0x00, 
    0xFF, 0xC0, 
    0xFF, 0xC0, 
    0x00, 0x00, 
    // '[' (ASCII 91)
    0x00, 0x00, 
    0xFC, 0x00, 
    0xFC, 0x00, 
    0xF0, 0x00, 
    0xF0, 0x00, 
    0xF0, 0x00, 
    0xF0, 0x00, 
    0xF0, 0x00, 
    0xF0, 0x00, 
    0xF0, 0x00, 
    0xF0, 0x00, 
    0xF0, 0x00, 
    0xF0, 0x00, 
    0xF0, 0x00, 
    0xF0, 0x00, 
    0xFC, 0x00, 
    // '\' (ASCII 92)
    0x00, 0x00, 
    0xC0, 0x00, 
    0xC0, 0x00, 
    0xC0, 0x00, 
    0xC0, 0x00, 
    0xF0, 0x00, 
    0xF0, 0x00, 
    0x30, 0x00, 
    0x30, 0x00, 
    0x3C, 0x00, 
    0x3C, 0x00, 
    0x0C, 0x00, 
    0x0C, 0x00, 
    0x0C, 0x00, 
    0x0C, 0x00, 
    0x00, 0x00, 
    // ']' (ASCII 93)
    0x00, 0x00, 
    0xFC, 0x00, 
    0xFC, 0x00, 
    0x3C, 0x00, 
    0x3C, 0x00, 
    0x3C, 0x00, 
    0x3C, 0x00, 
    0x3C, 0x00, 
    0x3C, 0x00, 
    0x3C, 0x00, 
    0x3C, 0x00, 
    0x3C, 0x00, 
    0x3C, 0x00, 
    0x3C, 0x00, 
    0x3C, 0x00, 
    0xFC, 0x00, 
    // '^' (ASCII 94)
    0x00, 0x00, 
    0x30, 0x00, 
    0x30, 0x00, 
    0xFC, 0x00, 
    0xFC, 0x00, 
    0xCC, 0x00, 
    0xCC, 0x00, 
    0x00, 0x00, 
    0x00, 0x00, 
    0x00, 0x00, 
    0x00, 0x00, 
    0x00, 0x00, 
    0x00, 0x00, 
    0x00, 0x00, 
    0x00, 0x00, 
    0x00, 0x00, 
    // '_' (ASCII 95)
    0x00, 0x00, 
    0x00, 0x00, 
    0x00, 0x00, 
    0x00, 0x00, 
    0x00, 0x00, 
    0x00, 0x00, 
    0x00, 0x00, 
    0x00, 0x00, 
    0x00, 0x00, 
    0x00, 0x00, 
    0x00, 0x00, 
    0x00, 0x00, 
    0x00, 0x00, 
    0xFF, 0xF0, 
    0xFF, 0xF0, 
    0x00, 0x00, 
    // '`' (ASCII 96)
    0x00, 0x00, 
    0xC0, 0x00, 
    0xC0, 0x00, 
    0x30, 0x00, 
    0x30, 0x00, 
    0x00, 0x00, 
    0x00, 0x00, 
    0x00, 0x00, 
    0x00, 0x00, 
    0x00, 0x00, 
    0x00, 0x00, 
    0x00, 0x00, 
    0x00, 0x00, 
    0x00, 0x00, 
    0x00, 0x00, 
    0x00, 0x00, 
    // 'a' (ASCII 97)
    0x00, 0x00, 
    0x00, 0x00, 
    0x00, 0x00, 
    0x00, 0x00, 
    0x00, 0x00, 
    0x3F, 0x00, 
    0x3F, 0x00, 
    0x03, 0xC0, 
    0x03, 0xC0, 
    0x3F, 0xC0, 
    0x3F, 0xC0, 
    0xF3, 0xC0, 
    0xF3, 0xC0, 
    0x3F, 0xC0, 
    0x3F, 0xC0, 
    0x00, 0x00, 
    // 'b' (ASCII 98)
    0x00, 0x00, 
    0xF0, 0x00, 
    0xF0, 0x00, 
    0xF0, 0x00, 
    0xF0, 0x00, 
    0xFF, 0x00, 
    0xFF, 0x00, 
    0xF3, 0xC0, 
    0xF3, 0xC0, 
    0xF3, 0xC0, 
    0xF3, 0xC0, 
    0xF3, 0xC0, 
    0xF3, 0xC0, 
    0xFF, 0x00, 
    0xFF, 0x00, 
    0x00, 0x00, 
    // 'c' (ASCII 99)
    0x00, 0x00, 
    0x00, 0x00, 
    0x00, 0x00, 
    0x00, 0x00, 
    0x00, 0x00, 
    0x3F, 0x00, 
    0x3F, 0x00, 
    0xF0, 0x00, 
    0xF0, 0x00, 
    0xF0, 0x00, 
    0xF0, 0x00, 
    0xF0, 0x00, 
    0xF0, 0x00, 
    0x3F, 0x00, 
    0x3F, 0x00, 
    0x00, 0x00, 
    // 'd' (ASCII 100)
    0x00, 0x00, 
    0x03, 0xC0, 
    0x03, 0xC0, 
    0x03, 0xC0, 
    0x03, 0xC0, 
    0x3F, 0xC0, 
    0x3F, 0xC0, 
    0xF3, 0xC0, 
    0xF3, 0xC0, 
    0xF3, 0xC0, 
    0xF3, 0xC0, 
    0xF3, 0xC0, 
    0xF3, 0xC0, 
    0x3F, 0xC0, 
    0x3F, 0xC0, 
    0x00, 0x00, 
    // 'e' (ASCII 101)
    0x00, 0x00, 
    0x00, 0x00, 
    0x00, 0x00, 
    0x00, 0x00, 
    0x00, 0x00, 
    0x3F, 0x00, 
    0x3F, 0x00, 
    0xF3, 0xC0, 
    0xF3, 0xC0, 
    0xFF, 0xC0, 
    0xFF, 0xC0, 
    0xF0, 0x00, 
    0xF0, 0x00, 
    0x3F, 0xC0, 
    0x3F, 0xC0, 
    0x00, 0x00, 
    // 'f' (ASCII 102)
    0x00, 0x00, 
    0x3C, 0x00, 
    0x3C, 0x00, 
    0xF0, 0x00, 
    0xF0, 0x00, 
    0xFC, 0x00, 
    0xFC, 0x00, 
    0xF0, 0x00, 
    0xF0, 0x00, 
    0xF0, 0x00, 
    0xF0, 0x00, 
    0xF0, 0x00, 
    0xF0, 0x00, 
    0xF0, 0x00, 
    0xF0, 0x00, 
    0x00, 0x00, 
    // 'g' (ASCII 103)
    0x00, 0x00, 
    0x00, 0x00, 
    0x00, 0x00, 
    0x00, 0x00, 
    0x00, 0x00, 
    0x3F, 0xC0, 
    0x3F, 0xC0, 
    0xF3, 0xC0, 
    0xF3, 0xC0, 
    0xF3, 0xC0, 
    0xF3, 0xC0, 
    0x3F, 0xC0, 
    0x3F, 0xC0, 
    0x03, 0xC0, 
    0x03, 0xC0, 
    0x3F, 0x00, 
    // 'h' (ASCII 104)
    0x00, 0x00, 
    0xF0, 0x00, 
    0xF0, 0x00, 
    0xF0, 0x00, 
    0xF0, 0x00, 
    0xFF, 0x00, 
    0xFF, 0x00, 
    0xF3, 0xC0, 
    0xF3, 0xC0, 
    0xF3, 0xC0, 
    0xF3, 0xC0, 
    0xF3, 0xC0, 
    0xF3, 0xC0, 
    0xF3, 0xC0, 
    0xF3, 0xC0, 
    0x00, 0x00, 
    // 'i' (ASCII 105)
    0x00, 0x00, 
    0xF0, 0x00, 
    0xF0, 0x00, 
    0x00, 0x00, 
    0x00, 0x00, 
    0xF0, 0x00, 
    0xF0, 0x00, 
    0xF0, 0x00, 
    0xF0, 0x00, 
    0xF0, 0x00, 
    0xF0, 0x00, 
    0xF0, 0x00, 
    0xF0, 0x00, 
    0xF0, 0x00, 
    0xF0, 0x00, 
    0x00, 0x00, 
    // 'j' (ASCII 106)
    0x00, 0x00, 
    0x3C, 0x00, 
    0x3C, 0x00, 
    0x00, 0x00, 
    0x00, 0x00, 
    0x3C, 0x00, 
    0x3C, 0x00, 
    0x3C, 0x00, 
    0x3C, 0x00, 
    0x3C, 0x00, 
    0x3C, 0x00, 
    0x3C, 0x00, 
    0x3C, 0x00, 
    0x3C, 0x00, 
    0x3C, 0x00, 
    0xF0, 0x00, 
    // 'k' (ASCII 107)
    0x00, 0x00, 
    0xF0, 0x00, 
    0xF0, 0x00, 
    0xF0, 0x00, 
    0xF0, 0x00, 
    0xF3, 0xC0, 
    0xF3, 0xC0, 
    0xFF, 0x00, 
    0xFF, 0x00, 
    0xFC, 0x00, 
    0xFC, 0x00, 
    0xFF, 0x00, 
    0xFF, 0x00, 
    0xF3, 0xC0, 
    0xF3, 0xC0, 
    0x00, 0x00, 
    // 'l' (ASCII 108)
    0x00, 0x00, 
    0xF0, 0x00, 
    0xF0, 0x00, 
    0xF0, 0x00, 
    0xF0, 0x00, 
    0xF0, 0x00, 
    0xF0, 0x00, 
    0xF0, 0x00, 
    0xF0, 0x00, 
    0xF0, 0x00, 
    0xF0, 0x00, 
    0xF0, 0x00, 
    0xF0, 0x00, 
    0xF0, 0x00, 
    0xF0, 0x00, 
    0x00, 0x00, 
    // 'm' (ASCII 109)
    0x00, 0x00, 
    0x00, 0x00, 
    0x00, 0x00, 
    0x00, 0x00, 
    0x00, 0x00, 
    0xFF, 0xFC, 
    0xFF, 0xFC, 
    0xF3, 0xCF, 
    0xF3, 0xCF, 
    0xF3, 0xCF, 
    0xF3, 0xCF, 
    0xF3, 0xCF, 
    0xF3, 0xCF, 
    0xF3, 0xCF, 
    0xF3, 0xCF, 
    0x00, 0x00, 
    // 'n' (ASCII 110)
    0x00, 0x00, 
    0x00, 0x00, 
    0x00, 0x00, 
    0x00, 0x00, 
    0x00, 0x00, 
    0xFF, 0x00, 
    0xFF, 0x00, 
    0xF3, 0xC0, 
    0xF3, 0xC0, 
    0xF3, 0xC0, 
    0xF3, 0xC0, 
    0xF3, 0xC0, 
    0xF3, 0xC0, 
    0xF3, 0xC0, 
    0xF3, 0xC0, 
    0x00, 0x00, 
    // 'o' (ASCII 111)
    0x00, 0x00, 
    0x00, 0x00, 
    0x00, 0x00, 
    0x00, 0x00, 
    0x00, 0x00, 
    0x3F, 0x00, 
    0x3F, 0x00, 
    0xF3, 0xC0, 
    0xF3, 0xC0, 
    0xF3, 0xC0, 
    0xF3, 0xC0, 
    0xF3, 0xC0, 
    0xF3, 0xC0, 
    0x3F, 0x00, 
    0x3F, 0x00, 
    0x00, 0x00, 
    // 'p' (ASCII 112)
    0x00, 0x00, 
    0x00, 0x00, 
    0x00, 0x00, 
    0x00, 0x00, 
    0x00, 0x00, 
    0xFF, 0x00, 
    0xFF, 0x00, 
    0xF3, 0xC0, 
    0xF3, 0xC0, 
    0xF3, 0xC0, 
    0xF3, 0xC0, 
    0xFF, 0x00, 
    0xFF, 0x00, 
    0xF0, 0x00, 
    0xF0, 0x00, 
    0xF0, 0x00, 
    // 'q' (ASCII 113)
    0x00, 0x00, 
    0x00, 0x00, 
    0x00, 0x00, 
    0x00, 0x00, 
    0x00, 0x00, 
    0x3F, 0xC0, 
    0x3F, 0xC0, 
    0xF3, 0xC0, 
    0xF3, 0xC0, 
    0xF3, 0xC0, 
    0xF3, 0xC0, 
    0x3F, 0xC0, 
    0x3F, 0xC0, 
    0x03, 0xC0, 
    0x03, 0xC0, 
    0x03, 0xC0, 
    // 'r' (ASCII 114)
    0x00, 0x00, 
    0x00, 0x00, 
    0x00, 0x00, 
    0x00, 0x00, 
    0x00, 0x00, 
    0xF3, 0x00, 
    0xF3, 0x00, 
    0xFF, 0x00, 
    0xFF, 0x00, 
    0xF0, 0x00, 
    0xF0, 0x00, 
    0xF0, 0x00, 
    0xF0, 0x00, 
    0xF0, 0x00, 
    0xF0, 0x00, 
    0x00, 0x00, 
    // 's' (ASCII 115)
    0x00, 0x00, 
    0x00, 0x00, 
    0x00, 0x00, 
    0x00, 0x00, 
    0x00, 0x00, 
    0x3F, 0x00, 
    0x3F, 0x00, 
    0xF0, 0x00, 
    0xF0, 0x00, 
    0xFF, 0x00, 
    0xFF, 0x00, 
    0x0F, 0x00, 
    0x0F, 0x00, 
    0xFC, 0x00, 
    0xFC, 0x00, 
    0x00, 0x00, 
    // 't' (ASCII 116)
    0x00, 0x00, 
    0xF0, 0x00, 
    0xF0, 0x00, 
    0xF0, 0x00, 
    0xF0, 0x00, 
    0xFC, 0x00, 
    0xFC, 0x00, 
    0xF0, 0x00, 
    0xF0, 0x00, 
    0xF0, 0x00, 
    0xF0, 0x00, 
    0xF0, 0x00, 
    0xF0, 0x00, 
    0x3C, 0x00, 
    0x3C, 0x00, 
    0x00, 0x00, 
    // 'u' (ASCII 117)
    0x00, 0x00, 
    0x00, 0x00, 
    0x00, 0x00, 
    0x00, 0x00, 
    0x00, 0x00, 
    0xF3, 0xC0, 
    0xF3, 0xC0, 
    0xF3, 0xC0, 
    0xF3, 0xC0, 
    0xF3, 0xC0, 
    0xF3, 0xC0, 
    0xF3, 0xC0, 
    0xF3, 0xC0, 
    0x3F, 0xC0, 
    0x3F, 0xC0, 
    0x00, 0x00, 
    // 'v' (ASCII 118)
    0x00, 0x00, 
    0x00, 0x00, 
    0x00, 0x00, 
    0x00, 0x00, 
    0x00, 0x00, 
    0xF3, 0xC0, 
    0xF3, 0xC0, 
    0xF3, 0xC0, 
    0xF3, 0xC0, 
    0x3F, 0x00, 
    0x3F, 0x00, 
    0x3F, 0x00, 
    0x3F, 0x00, 
    0x0C, 0x00, 
    0x0C, 0x00, 
    0x00, 0x00, 
    // 'w' (ASCII 119)
    0x00, 0x00, 
    0x00, 0x00, 
    0x00, 0x00, 
    0x00, 0x00, 
    0x00, 0x00, 
    0xF0, 0x3C, 
    0xF0, 0x3C, 
    0xF3, 0x3C, 
    0xF3, 0x3C, 
    0xF3, 0x3C, 
    0xF3, 0x3C, 
    0x3F, 0xF0, 
    0x3F, 0xF0, 
    0x3C, 0xF0, 
    0x3C, 0xF0, 
    0x00, 0x00, 
    // 'x' (ASCII 120)
    0x00, 0x00, 
    0x00, 0x00, 
    0x00, 0x00, 
    0x00, 0x00, 
    0x00, 0x00, 
    0xF3, 0xC0, 
    0xF3, 0xC0, 
    0xF3, 0xC0, 
    0xF3, 0xC0, 
    0x3F, 0x00, 
    0x3F, 0x00, 
    0xF3, 0xC0, 
    0xF3, 0xC0, 
    0xF3, 0xC0, 
    0xF3, 0xC0, 
    0x00, 0x00, 
    // 'y' (ASCII 121)
    0x00, 0x00, 
    0x00, 0x00, 
    0x00, 0x00, 
    0x00, 0x00, 
    0x00, 0x00, 
    0xF3, 0xC0, 
    0xF3, 0xC0, 
    0xF3, 0xC0, 
    0xF3, 0xC0, 
    0xF3, 0xC0, 
    0xF3, 0xC0, 
    0x3F, 0xC0, 
    0x3F, 0xC0, 
    0x03, 0xC0, 
    0x03, 0xC0, 
    0x3F, 0x00, 
    // 'z' (ASCII 122)
    0x00, 0x00, 
    0x00, 0x00, 
    0x00, 0x00, 
    0x00, 0x00, 
    0x00, 0x00, 
    0xFF, 0xC0, 
    0xFF, 0xC0, 
    0x0F, 0x00, 
    0x0F, 0x00, 
    0x3C, 0x00, 
    0x3C, 0x00, 
    0xF0, 0x00, 
    0xF0, 0x00, 
    0xFF, 0xC0, 
    0xFF, 0xC0, 
    0x00, 0x00, 
    // '{' (ASCII 123)
    0x00, 0x00, 
    0xFC, 0x00, 
    0xFC, 0x00, 
    0xF0, 0x00, 
    0xF0, 0x00, 
    0xF0, 0x00, 
    0xF0, 0x00, 
    0xF0, 0x00, 
    0xF0, 0x00, 
    0xF0, 0x00, 
    0xF0, 0x00, 
    0xF0, 0x00, 
    0xF0, 0x00, 
    0xF0, 0x00, 
    0xF0, 0x00, 
    0xFC, 0x00, 
    // '|' (ASCII 124)
    0x00, 0x00, 
    0xF0, 0x00, 
    0xF0, 0x00, 
    0xF0, 0x00, 
    0xF0, 0x00, 
    0xF0, 0x00, 
    0xF0, 0x00, 
    0xF0, 0x00, 
    0xF0, 0x00, 
    0xF0, 0x00, 
    0xF0, 0x00, 
    0xF0, 0x00, 
    0xF0, 0x00, 
    0xF0, 0x00, 
    0xF0, 0x00, 
    0xF0, 0x00, 
    // '}' (ASCII 125)
    0x00, 0x00, 
    0xFC, 0x00, 
    0xFC, 0x00, 
    0x3C, 0x00, 
    0x3C, 0x00, 
    0x3C, 0x00, 
    0x3C, 0x00, 
    0x3C, 0x00, 
    0x3C, 0x00, 
    0x3C, 0x00, 
    0x3C, 0x00, 
    0x3C, 0x00, 
    0x3C, 0x00, 
    0x3C, 0x00, 
    0x3C, 0x00, 
    0xFC, 0x00, 
    // '~' (ASCII 126)
    0x00, 0x00, 
    0x3C, 0xC0, 
    0x3C, 0xC0, 
    0xCF, 0x00, 
    0xCF, 0x00, 
    0x00, 0x00, 
    0x00, 0x00, 
    0x00, 0x00, 
    0x00, 0x00, 
    0x00, 0x00, 
    0x00, 0x00, 
    0x00, 0x00, 
    0x00, 0x00, 
    0x00, 0x00, 
    0x00, 0x00, 
    0x00, 0x00, 
};

sFONT Font_nokia_16 = {
  Font_nokia_16_Table,
  16, // Width
  16  // Height
};

// @21x20 pixel layout for nokia
const uint8_t Font_nokia_20_Table[] = {
    // ' ' (ASCII 32)
    0x00, 0x00, 0x00, 
    0x00, 0x00, 0x00, 
    0x00, 0x00, 0x00, 
    0x00, 0x00, 0x00, 
    0x00, 0x00, 0x00, 
    0x00, 0x00, 0x00, 
    0x00, 0x00, 0x00, 
    0x00, 0x00, 0x00, 
    0x00, 0x00, 0x00, 
    0x00, 0x00, 0x00, 
    0x00, 0x00, 0x00, 
    0x00, 0x00, 0x00, 
    0x00, 0x00, 0x00, 
    0x00, 0x00, 0x00, 
    0x00, 0x00, 0x00, 
    0x00, 0x00, 0x00, 
    0x00, 0x00, 0x00, 
    0x00, 0x00, 0x00, 
    0x00, 0x00, 0x00, 
    0x00, 0x00, 0x00, 
    // '!' (ASCII 33)
    0x00, 0x00, 0x00, 
    0xF8, 0x00, 0x00, 
    0xF8, 0x00, 0x00, 
    0xF8, 0x00, 0x00, 
    0xF8, 0x00, 0x00, 
    0xF8, 0x00, 0x00, 
    0xF8, 0x00, 0x00, 
    0xF8, 0x00, 0x00, 
    0xF8, 0x00, 0x00, 
    0xF8, 0x00, 0x00, 
    0xF8, 0x00, 0x00, 
    0xF8, 0x00, 0x00, 
    0xF8, 0x00, 0x00, 
    0xF8, 0x00, 0x00, 
    0x00, 0x00, 0x00, 
    0x00, 0x00, 0x00, 
    0xF8, 0x00, 0x00, 
    0xF8, 0x00, 0x00, 
    0xF8, 0x00, 0x00, 
    0x00, 0x00, 0x00, 
    // '"' (ASCII 34)
    0x00, 0x00, 0x00, 
    0xE7, 0x00, 0x00, 
    0xE7, 0x00, 0x00, 
    0xE7, 0x00, 0x00, 
    0xE7, 0x00, 0x00, 
    0xE7, 0x00, 0x00, 
    0x00, 0x00, 0x00, 
    0x00, 0x00, 0x00, 
    0x00, 0x00, 0x00, 
    0x00, 0x00, 0x00, 
    0x00, 0x00, 0x00, 
    0x00, 0x00, 0x00, 
    0x00, 0x00, 0x00, 
    0x00, 0x00, 0x00, 
    0x00, 0x00, 0x00, 
    0x00, 0x00, 0x00, 
    0x00, 0x00, 0x00, 
    0x00, 0x00, 0x00, 
    0x00, 0x00, 0x00, 
    0x00, 0x00, 0x00, 
    // '#' (ASCII 35)
    0x00, 0x00, 0x00, 
    0x39, 0xC0, 0x00, 
    0x39, 0xC0, 0x00, 
    0xFF, 0xF8, 0x00, 
    0xFF, 0xF8, 0x00, 
    0xFF, 0xF8, 0x00, 
    0xFF, 0xF8, 0x00, 
    0xFF, 0xF8, 0x00, 
    0x39, 0xC0, 0x00, 
    0x39, 0xC0, 0x00, 
    0x39, 0xC0, 0x00, 
    0xFF, 0xF8, 0x00, 
    0xFF, 0xF8, 0x00, 
    0xFF, 0xF8, 0x00, 
    0xFF, 0xF8, 0x00, 
    0xFF, 0xF8, 0x00, 
    0x39, 0xC0, 0x00, 
    0x39, 0xC0, 0x00, 
    0x39, 0xC0, 0x00, 
    0x00, 0x00, 0x00, 
    // '$' (ASCII 36)
    0x00, 0x00, 0x00, 
    0x39, 0xC0, 0x00, 
    0x39, 0xC0, 0x00, 
    0x39, 0xC0, 0x00, 
    0x3F, 0xF0, 0x00, 
    0x3F, 0xF0, 0x00, 
    0xF9, 0xC0, 0x00, 
    0xF9, 0xC0, 0x00, 
    0xF9, 0xC0, 0x00, 
    0xFF, 0xC0, 0x00, 
    0xFF, 0xC0, 0x00, 
    0x3F, 0xC0, 0x00, 
    0x3F, 0xF0, 0x00, 
    0x3F, 0xF0, 0x00, 
    0x39, 0xF0, 0x00, 
    0x39, 0xF0, 0x00, 
    0xFF, 0xC0, 0x00, 
    0xFF, 0xC0, 0x00, 
    0xFF, 0xC0, 0x00, 
    0x39, 0xC0, 0x00, 
    // '%' (ASCII 37)
    0x00, 0x00, 0x00, 
    0xF8, 0x38, 0x00, 
    0xF8, 0x38, 0x00, 
    0xF8, 0xF8, 0x00, 
    0xF8, 0xF8, 0x00, 
    0xF8, 0xF8, 0x00, 
    0x00, 0xC0, 0x00, 
    0x00, 0xC0, 0x00, 
    0x00, 0xC0, 0x00, 
    0x07, 0xC0, 0x00, 
    0x07, 0xC0, 0x00, 
    0x07, 0x00, 0x00, 
    0x07, 0x00, 0x00, 
    0x07, 0x00, 0x00, 
    0x3F, 0x3E, 0x00, 
    0x3F, 0x3E, 0x00, 
    0x3F, 0x3E, 0x00, 
    0x38, 0x3E, 0x00, 
    0x38, 0x3E, 0x00, 
    0x00, 0x00, 0x00, 
    // '&' (ASCII 38)
    0x00, 0x00, 0x00, 
    0x3F, 0xC0, 0x00, 
    0x3F, 0xC0, 0x00, 
    0xFF, 0xF8, 0x00, 
    0xF8, 0xF8, 0x00, 
    0xF8, 0xF8, 0x00, 
    0x3F, 0xC0, 0x00, 
    0x3F, 0xC0, 0x00, 
    0xFF, 0xC6, 0x00, 
    0xFF, 0xC6, 0x00, 
    0xFF, 0xC6, 0x00, 
    0xF8, 0xFE, 0x00, 
    0xF8, 0xFE, 0x00, 
    0xF8, 0xFE, 0x00, 
    0xF8, 0xFE, 0x00, 
    0xF8, 0xFE, 0x00, 
    0x3F, 0xC6, 0x00, 
    0x3F, 0xC6, 0x00, 
    0x3F, 0xC6, 0x00, 
    0x00, 0x00, 0x00, 
    // ''' (ASCII 39)
    0x00, 0x00, 0x00, 
    0xE0, 0x00, 0x00, 
    0xE0, 0x00, 0x00, 
    0xE0, 0x00, 0x00, 
    0xE0, 0x00, 0x00, 
    0xE0, 0x00, 0x00, 
    0x00, 0x00, 0x00, 
    0x00, 0x00, 0x00, 
    0x00, 0x00, 0x00, 
    0x00, 0x00, 0x00, 
    0x00, 0x00, 0x00, 
    0x00, 0x00, 0x00, 
    0x00, 0x00, 0x00, 
    0x00, 0x00, 0x00, 
    0x00, 0x00, 0x00, 
    0x00, 0x00, 0x00, 
    0x00, 0x00, 0x00, 
    0x00, 0x00, 0x00, 
    0x00, 0x00, 0x00, 
    0x00, 0x00, 0x00, 
    // '(' (ASCII 40)
    0x00, 0x00, 0x00, 
    0x03, 0x00, 0x00, 
    0x03, 0x00, 0x00, 
    0x1F, 0x00, 0x00, 
    0x1C, 0x00, 0x00, 
    0x1C, 0x00, 0x00, 
    0xFC, 0x00, 0x00, 
    0xFC, 0x00, 0x00, 
    0xFC, 0x00, 0x00, 
    0xFC, 0x00, 0x00, 
    0xFC, 0x00, 0x00, 
    0xFC, 0x00, 0x00, 
    0xFC, 0x00, 0x00, 
    0xFC, 0x00, 0x00, 
    0xFC, 0x00, 0x00, 
    0xFC, 0x00, 0x00, 
    0x1C, 0x00, 0x00, 
    0x1C, 0x00, 0x00, 
    0x1C, 0x00, 0x00, 
    0x03, 0x00, 0x00, 
    // ')' (ASCII 41)
    0x00, 0x00, 0x00, 
    0xE0, 0x00, 0x00, 
    0xE0, 0x00, 0x00, 
    0xF8, 0x00, 0x00, 
    0x18, 0x00, 0x00, 
    0x18, 0x00, 0x00, 
    0x1F, 0x00, 0x00, 
    0x1F, 0x00, 0x00, 
    0x1F, 0x00, 0x00, 
    0x1F, 0x00, 0x00, 
    0x1F, 0x00, 0x00, 
    0x1F, 0x00, 0x00, 
    0x1F, 0x00, 0x00, 
    0x1F, 0x00, 0x00, 
    0x1F, 0x00, 0x00, 
    0x1F, 0x00, 0x00, 
    0x18, 0x00, 0x00, 
    0x18, 0x00, 0x00, 
    0x18, 0x00, 0x00, 
    0xE0, 0x00, 0x00, 
    // '*' (ASCII 42)
    0x00, 0x00, 0x00, 
    0x07, 0x00, 0x00, 
    0x07, 0x00, 0x00, 
    0xE7, 0x38, 0x00, 
    0xE7, 0x38, 0x00, 
    0xE7, 0x38, 0x00, 
    0xFF, 0xF8, 0x00, 
    0xFF, 0xF8, 0x00, 
    0x1F, 0xC0, 0x00, 
    0x1F, 0xC0, 0x00, 
    0x1F, 0xC0, 0x00, 
    0xFF, 0xF8, 0x00, 
    0xFF, 0xF8, 0x00, 
    0xFF, 0xF8, 0x00, 
    0xE7, 0x38, 0x00, 
    0xE7, 0x38, 0x00, 
    0x07, 0x00, 0x00, 
    0x07, 0x00, 0x00, 
    0x07, 0x00, 0x00, 
    0x00, 0x00, 0x00, 
    // '+' (ASCII 43)
    0x00, 0x00, 0x00, 
    0x00, 0x00, 0x00, 
    0x00, 0x00, 0x00, 
    0x07, 0x00, 0x00, 
    0x07, 0x00, 0x00, 
    0x07, 0x00, 0x00, 
    0x07, 0x00, 0x00, 
    0x07, 0x00, 0x00, 
    0xFF, 0xF8, 0x00, 
    0xFF, 0xF8, 0x00, 
    0xFF, 0xF8, 0x00, 
    0x07, 0x00, 0x00, 
    0x07, 0x00, 0x00, 
    0x07, 0x00, 0x00, 
    0x07, 0x00, 0x00, 
    0x07, 0x00, 0x00, 
    0x00, 0x00, 0x00, 
    0x00, 0x00, 0x00, 
    0x00, 0x00, 0x00, 
    0x00, 0x00, 0x00, 
    // ',' (ASCII 44)
    0x00, 0x00, 0x00, 
    0x00, 0x00, 0x00, 
    0x00, 0x00, 0x00, 
    0x00, 0x00, 0x00, 
    0x00, 0x00, 0x00, 
    0x00, 0x00, 0x00, 
    0x00, 0x00, 0x00, 
    0x00, 0x00, 0x00, 
    0x00, 0x00, 0x00, 
    0x00, 0x00, 0x00, 
    0x00, 0x00, 0x00, 
    0x00, 0x00, 0x00, 
    0x00, 0x00, 0x00, 
    0x00, 0x00, 0x00, 
    0x18, 0x00, 0x00, 
    0x18, 0x00, 0x00, 
    0x18, 0x00, 0x00, 
    0xF8, 0x00, 0x00, 
    0xF8, 0x00, 0x00, 
    0xE0, 0x00, 0x00, 
    // '-' (ASCII 45)
    0x00, 0x00, 0x00, 
    0x00, 0x00, 0x00, 
    0x00, 0x00, 0x00, 
    0x00, 0x00, 0x00, 
    0x00, 0x00, 0x00, 
    0x00, 0x00, 0x00, 
    0x00, 0x00, 0x00, 
    0x00, 0x00, 0x00, 
    0xFF, 0xC0, 0x00, 
    0xFF, 0xC0, 0x00, 
    0xFF, 0xC0, 0x00, 
    0x00, 0x00, 0x00, 
    0x00, 0x00, 0x00, 
    0x00, 0x00, 0x00, 
    0x00, 0x00, 0x00, 
    0x00, 0x00, 0x00, 
    0x00, 0x00, 0x00, 
    0x00, 0x00, 0x00, 
    0x00, 0x00, 0x00, 
    0x00, 0x00, 0x00, 
    // '.' (ASCII 46)
    0x00, 0x00, 0x00, 
    0x00, 0x00, 0x00, 
    0x00, 0x00, 0x00, 
    0x00, 0x00, 0x00, 
    0x00, 0x00, 0x00, 
    0x00, 0x00, 0x00, 
    0x00, 0x00, 0x00, 
    0x00, 0x00, 0x00, 
    0x00, 0x00, 0x00, 
    0x00, 0x00, 0x00, 
    0x00, 0x00, 0x00, 
    0x00, 0x00, 0x00, 
    0x00, 0x00, 0x00, 
    0x00, 0x00, 0x00, 
    0xF8, 0x00, 0x00, 
    0xF8, 0x00, 0x00, 
    0xF8, 0x00, 0x00, 
    0xF8, 0x00, 0x00, 
    0xF8, 0x00, 0x00, 
    0x00, 0x00, 0x00, 
    // '/' (ASCII 47)
    0x00, 0x00, 0x00, 
    0x03, 0x80, 0x00, 
    0x03, 0x80, 0x00, 
    0x03, 0x80, 0x00, 
    0x03, 0x80, 0x00, 
    0x03, 0x80, 0x00, 
    0x1F, 0x80, 0x00, 
    0x1F, 0x80, 0x00, 
    0x1F, 0x80, 0x00, 
    0x18, 0x00, 0x00, 
    0x18, 0x00, 0x00, 
    0xF8, 0x00, 0x00, 
    0xF8, 0x00, 0x00, 
    0xF8, 0x00, 0x00, 
    0xE0, 0x00, 0x00, 
    0xE0, 0x00, 0x00, 
    0xE0, 0x00, 0x00, 
    0xE0, 0x00, 0x00, 
    0xE0, 0x00, 0x00, 
    0x00, 0x00, 0x00, 
    // '0' (ASCII 48)
    0x00, 0x00, 0x00, 
    0x3F, 0xC0, 0x00, 
    0x3F, 0xC0, 0x00, 
    0xFF, 0xF8, 0x00, 
    0xF8, 0xF8, 0x00, 
    0xF8, 0xF8, 0x00, 
    0xF8, 0xF8, 0x00, 
    0xF8, 0xF8, 0x00, 
    0xF8, 0xF8, 0x00, 
    0xF8, 0xF8, 0x00, 
    0xF8, 0xF8, 0x00, 
    0xF8, 0xF8, 0x00, 
    0xF8, 0xF8, 0x00, 
    0xF8, 0xF8, 0x00, 
    0xF8, 0xF8, 0x00, 
    0xF8, 0xF8, 0x00, 
    0x3F, 0xC0, 0x00, 
    0x3F, 0xC0, 0x00, 
    0x3F, 0xC0, 0x00, 
    0x00, 0x00, 0x00, 
    // '1' (ASCII 49)
    0x00, 0x00, 0x00, 
    0x1F, 0x00, 0x00, 
    0x1F, 0x00, 0x00, 
    0x7F, 0x00, 0x00, 
    0xFF, 0x00, 0x00, 
    0xFF, 0x00, 0x00, 
    0x1F, 0x00, 0x00, 
    0x1F, 0x00, 0x00, 
    0x1F, 0x00, 0x00, 
    0x1F, 0x00, 0x00, 
    0x1F, 0x00, 0x00, 
    0x1F, 0x00, 0x00, 
    0x1F, 0x00, 0x00, 
    0x1F, 0x00, 0x00, 
    0x1F, 0x00, 0x00, 
    0x1F, 0x00, 0x00, 
    0x1F, 0x00, 0x00, 
    0x1F, 0x00, 0x00, 
    0x1F, 0x00, 0x00, 
    0x00, 0x00, 0x00, 
    // '2' (ASCII 50)
    0x00, 0x00, 0x00, 
    0xFF, 0xC0, 0x00, 
    0xFF, 0xC0, 0x00, 
    0xFF, 0xF8, 0x00, 
    0x00, 0xF8, 0x00, 
    0x00, 0xF8, 0x00, 
    0x00, 0xF8, 0x00, 
    0x00, 0xF8, 0x00, 
    0x3F, 0xC0, 0x00, 
    0x3F, 0xC0, 0x00, 
    0x3F, 0xC0, 0x00, 
    0xF8, 0x00, 0x00, 
    0xF8, 0x00, 0x00, 
    0xF8, 0x00, 0x00, 
    0xF8, 0x00, 0x00, 
    0xF8, 0x00, 0x00, 
    0xFF, 0xF8, 0x00, 
    0xFF, 0xF8, 0x00, 
    0xFF, 0xF8, 0x00, 
    0x00, 0x00, 0x00, 
    // '3' (ASCII 51)
    0x00, 0x00, 0x00, 
    0xFF, 0xC0, 0x00, 
    0xFF, 0xC0, 0x00, 
    0xFF, 0xF8, 0x00, 
    0x00, 0xF8, 0x00, 
    0x00, 0xF8, 0x00, 
    0x00, 0xF8, 0x00, 
    0x00, 0xF8, 0x00, 
    0x3F, 0xC0, 0x00, 
    0x3F, 0xC0, 0x00, 
    0x3F, 0xC0, 0x00, 
    0x00, 0xF8, 0x00, 
    0x00, 0xF8, 0x00, 
    0x00, 0xF8, 0x00, 
    0x00, 0xF8, 0x00, 
    0x00, 0xF8, 0x00, 
    0xFF, 0xC0, 0x00, 
    0xFF, 0xC0, 0x00, 
    0xFF, 0xC0, 0x00, 
    0x00, 0x00, 0x00, 
    // '4' (ASCII 52)
    0x00, 0x00, 0x00, 
    0x00, 0xF8, 0x00, 
    0x00, 0xF8, 0x00, 
    0x07, 0xF8, 0x00, 
    0x07, 0xF8, 0x00, 
    0x07, 0xF8, 0x00, 
    0x18, 0xF8, 0x00, 
    0x18, 0xF8, 0x00, 
    0x18, 0xF8, 0x00, 
    0xE0, 0xF8, 0x00, 
    0xE0, 0xF8, 0x00, 
    0xFF, 0xF8, 0x00, 
    0xFF, 0xF8, 0x00, 
    0xFF, 0xF8, 0x00, 
    0x00, 0xF8, 0x00, 
    0x00, 0xF8, 0x00, 
    0x00, 0xF8, 0x00, 
    0x00, 0xF8, 0x00, 
    0x00, 0xF8, 0x00, 
    0x00, 0x00, 0x00, 
    // '5' (ASCII 53)
    0x00, 0x00, 0x00, 
    0xFF, 0xC0, 0x00, 
    0xFF, 0xC0, 0x00, 
    0xFF, 0xC0, 0x00, 
    0xE0, 0x00, 0x00, 
    0xE0, 0x00, 0x00, 
    0xFF, 0xC0, 0x00, 
    0xFF, 0xC0, 0x00, 
    0xFF, 0xC0, 0x00, 
    0x00, 0xF8, 0x00, 
    0x00, 0xF8, 0x00, 
    0x00, 0xF8, 0x00, 
    0x00, 0xF8, 0x00, 
    0x00, 0xF8, 0x00, 
    0x00, 0xF8, 0x00, 
    0x00, 0xF8, 0x00, 
    0xFF, 0xC0, 0x00, 
    0xFF, 0xC0, 0x00, 
    0xFF, 0xC0, 0x00, 
    0x00, 0x00, 0x00, 
    // '6' (ASCII 54)
    0x00, 0x00, 0x00, 
    0x3F, 0xC0, 0x00, 
    0x3F, 0xC0, 0x00, 
    0xFF, 0xC0, 0x00, 
    0xF8, 0x00, 0x00, 
    0xF8, 0x00, 0x00, 
    0xFF, 0xC0, 0x00, 
    0xFF, 0xC0, 0x00, 
    0xFF, 0xC0, 0x00, 
    0xF8, 0xF8, 0x00, 
    0xF8, 0xF8, 0x00, 
    0xF8, 0xF8, 0x00, 
    0xF8, 0xF8, 0x00, 
    0xF8, 0xF8, 0x00, 
    0xF8, 0xF8, 0x00, 
    0xF8, 0xF8, 0x00, 
    0x3F, 0xC0, 0x00, 
    0x3F, 0xC0, 0x00, 
    0x3F, 0xC0, 0x00, 
    0x00, 0x00, 0x00, 
    // '7' (ASCII 55)
    0x00, 0x00, 0x00, 
    0xFF, 0xF8, 0x00, 
    0xFF, 0xF8, 0x00, 
    0x7F, 0xF8, 0x00, 
    0x00, 0xF8, 0x00, 
    0x00, 0xF8, 0x00, 
    0x03, 0xE0, 0x00, 
    0x03, 0xE0, 0x00, 
    0x03, 0xE0, 0x00, 
    0x03, 0xE0, 0x00, 
    0x03, 0xE0, 0x00, 
    0x1F, 0x00, 0x00, 
    0x1F, 0x00, 0x00, 
    0x1F, 0x00, 0x00, 
    0x1F, 0x00, 0x00, 
    0x1F, 0x00, 0x00, 
    0x1F, 0x00, 0x00, 
    0x1F, 0x00, 0x00, 
    0x1F, 0x00, 0x00, 
    0x00, 0x00, 0x00, 
    // '8' (ASCII 56)
    0x00, 0x00, 0x00, 
    0x3F, 0xC0, 0x00, 
    0x3F, 0xC0, 0x00, 
    0xFF, 0xF8, 0x00, 
    0xF8, 0xF8, 0x00, 
    0xF8, 0xF8, 0x00, 
    0xF8, 0xF8, 0x00, 
    0xF8, 0xF8, 0x00, 
    0x3F, 0xC0, 0x00, 
    0x3F, 0xC0, 0x00, 
    0x3F, 0xC0, 0x00, 
    0xF8, 0xF8, 0x00, 
    0xF8, 0xF8, 0x00, 
    0xF8, 0xF8, 0x00, 
    0xF8, 0xF8, 0x00, 
    0xF8, 0xF8, 0x00, 
    0x3F, 0xC0, 0x00, 
    0x3F, 0xC0, 0x00, 
    0x3F, 0xC0, 0x00, 
    0x00, 0x00, 0x00, 
    // '9' (ASCII 57)
    0x00, 0x00, 0x00, 
    0x3F, 0xC0, 0x00, 
    0x3F, 0xC0, 0x00, 
    0xFF, 0xF8, 0x00, 
    0xF8, 0xF8, 0x00, 
    0xF8, 0xF8, 0x00, 
    0xF8, 0xF8, 0x00, 
    0xF8, 0xF8, 0x00, 
    0xF8, 0xF8, 0x00, 
    0xF8, 0xF8, 0x00, 
    0xF8, 0xF8, 0x00, 
    0x3F, 0xF8, 0x00, 
    0x3F, 0xF8, 0x00, 
    0x3F, 0xF8, 0x00, 
    0x00, 0xF8, 0x00, 
    0x00, 0xF8, 0x00, 
    0x3F, 0xC0, 0x00, 
    0x3F, 0xC0, 0x00, 
    0x3F, 0xC0, 0x00, 
    0x00, 0x00, 0x00, 
    // ':' (ASCII 58)
    0x00, 0x00, 0x00, 
    0x00, 0x00, 0x00, 
    0x00, 0x00, 0x00, 
    0x00, 0x00, 0x00, 
    0x00, 0x00, 0x00, 
    0x00, 0x00, 0x00, 
    0xF8, 0x00, 0x00, 
    0xF8, 0x00, 0x00, 
    0xF8, 0x00, 0x00, 
    0xF8, 0x00, 0x00, 
    0xF8, 0x00, 0x00, 
    0x00, 0x00, 0x00, 
    0x00, 0x00, 0x00, 
    0x00, 0x00, 0x00, 
    0xF8, 0x00, 0x00, 
    0xF8, 0x00, 0x00, 
    0xF8, 0x00, 0x00, 
    0xF8, 0x00, 0x00, 
    0xF8, 0x00, 0x00, 
    0x00, 0x00, 0x00, 
    // ';' (ASCII 59)
    0x00, 0x00, 0x00, 
    0x00, 0x00, 0x00, 
    0x00, 0x00, 0x00, 
    0x00, 0x00, 0x00, 
    0x00, 0x00, 0x00, 
    0x00, 0x00, 0x00, 
    0xF8, 0x00, 0x00, 
    0xF8, 0x00, 0x00, 
    0xF8, 0x00, 0x00, 
    0xF8, 0x00, 0x00, 
    0xF8, 0x00, 0x00, 
    0x00, 0x00, 0x00, 
    0x00, 0x00, 0x00, 
    0x00, 0x00, 0x00, 
    0x18, 0x00, 0x00, 
    0x18, 0x00, 0x00, 
    0x18, 0x00, 0x00, 
    0xF8, 0x00, 0x00, 
    0xF8, 0x00, 0x00, 
    0xE0, 0x00, 0x00, 
    // '<' (ASCII 60)
    0x00, 0x00, 0x00, 
    0x00, 0xC0, 0x00, 
    0x00, 0xC0, 0x00, 
    0x07, 0xC0, 0x00, 
    0x07, 0xC0, 0x00, 
    0x07, 0xC0, 0x00, 
    0x1F, 0x00, 0x00, 
    0x1F, 0x00, 0x00, 
    0xF8, 0x00, 0x00, 
    0xF8, 0x00, 0x00, 
    0xF8, 0x00, 0x00, 
    0x1F, 0x00, 0x00, 
    0x1F, 0x00, 0x00, 
    0x1F, 0x00, 0x00, 
    0x07, 0xC0, 0x00, 
    0x07, 0xC0, 0x00, 
    0x00, 0xC0, 0x00, 
    0x00, 0xC0, 0x00, 
    0x00, 0xC0, 0x00, 
    0x00, 0x00, 0x00, 
    // '=' (ASCII 61)
    0x00, 0x00, 0x00, 
    0x00, 0x00, 0x00, 
    0x00, 0x00, 0x00, 
    0x00, 0x00, 0x00, 
    0x00, 0x00, 0x00, 
    0x00, 0x00, 0x00, 
    0x00, 0x00, 0x00, 
    0x00, 0x00, 0x00, 
    0xFF, 0xC0, 0x00, 
    0xFF, 0xC0, 0x00, 
    0xFF, 0xC0, 0x00, 
    0x00, 0x00, 0x00, 
    0x00, 0x00, 0x00, 
    0xFF, 0xC0, 0x00, 
    0xFF, 0xC0, 0x00, 
    0xFF, 0xC0, 0x00, 
    0x00, 0x00, 0x00, 
    0x00, 0x00, 0x00, 
    0x00, 0x00, 0x00, 
    0x00, 0x00, 0x00, 
    // '>' (ASCII 62)
    0x00, 0x00, 0x00, 
    0xE0, 0x00, 0x00, 
    0xE0, 0x00, 0x00, 
    0xF8, 0x00, 0x00, 
    0xF8, 0x00, 0x00, 
    0xF8, 0x00, 0x00, 
    0x1F, 0x00, 0x00, 
    0x1F, 0x00, 0x00, 
    0x07, 0xC0, 0x00, 
    0x07, 0xC0, 0x00, 
    0x07, 0xC0, 0x00, 
    0x1F, 0x00, 0x00, 
    0x1F, 0x00, 0x00, 
    0x1F, 0x00, 0x00, 
    0xF8, 0x00, 0x00, 
    0xF8, 0x00, 0x00, 
    0xE0, 0x00, 0x00, 
    0xE0, 0x00, 0x00, 
    0xE0, 0x00, 0x00, 
    0x00, 0x00, 0x00, 
    // '?' (ASCII 63)
    0x00, 0x00, 0x00, 
    0xFF, 0xC0, 0x00, 
    0xFF, 0xC0, 0x00, 
    0xFF, 0xF8, 0x00, 
    0x00, 0xF8, 0x00, 
    0x00, 0xF8, 0x00, 
    0x07, 0xC0, 0x00, 
    0x07, 0xC0, 0x00, 
    0x07, 0xC0, 0x00, 
    0x1F, 0x00, 0x00, 
    0x1F, 0x00, 0x00, 
    0x1F, 0x00, 0x00, 
    0x1F, 0x00, 0x00, 
    0x1F, 0x00, 0x00, 
    0x00, 0x00, 0x00, 
    0x00, 0x00, 0x00, 
    0x1F, 0x00, 0x00, 
    0x1F, 0x00, 0x00, 
    0x1F, 0x00, 0x00, 
    0x00, 0x00, 0x00, 
    // '@' (ASCII 64)
    0x00, 0x00, 0x00, 
    0x00, 0x00, 0x00, 
    0x00, 0x00, 0x00, 
    0x00, 0x00, 0x00, 
    0x1F, 0xF8, 0x00, 
    0x1F, 0xF8, 0x00, 
    0xF8, 0x3E, 0x00, 
    0xF8, 0x3E, 0x00, 
    0xF8, 0x3E, 0x00, 
    0xFF, 0xFE, 0x00, 
    0xFF, 0xFE, 0x00, 
    0xFF, 0xFE, 0x00, 
    0xF9, 0xFE, 0x00, 
    0xF9, 0xFE, 0x00, 
    0xFF, 0xFE, 0x00, 
    0xFF, 0xFE, 0x00, 
    0xFF, 0xFE, 0x00, 
    0xF8, 0x00, 0x00, 
    0xF8, 0x00, 0x00, 
    0x1F, 0xF8, 0x00, 
    // 'A' (ASCII 65)
    0x00, 0x00, 0x00, 
    0x3F, 0xC0, 0x00, 
    0x3F, 0xC0, 0x00, 
    0xFF, 0xF8, 0x00, 
    0xF8, 0xF8, 0x00, 
    0xF8, 0xF8, 0x00, 
    0xF8, 0xF8, 0x00, 
    0xF8, 0xF8, 0x00, 
    0xF8, 0xF8, 0x00, 
    0xF8, 0xF8, 0x00, 
    0xF8, 0xF8, 0x00, 
    0xFF, 0xF8, 0x00, 
    0xFF, 0xF8, 0x00, 
    0xFF, 0xF8, 0x00, 
    0xF8, 0xF8, 0x00, 
    0xF8, 0xF8, 0x00, 
    0xF8, 0xF8, 0x00, 
    0xF8, 0xF8, 0x00, 
    0xF8, 0xF8, 0x00, 
    0x00, 0x00, 0x00, 
    // 'B' (ASCII 66)
    0x00, 0x00, 0x00, 
    0xFF, 0xE0, 0x00, 
    0xFF, 0xE0, 0x00, 
    0xFF, 0xF8, 0x00, 
    0xF8, 0xF8, 0x00, 
    0xF8, 0xF8, 0x00, 
    0xFF, 0xE0, 0x00, 
    0xFF, 0xE0, 0x00, 
    0xFF, 0xE0, 0x00, 
    0xF8, 0xF8, 0x00, 
    0xF8, 0xF8, 0x00, 
    0xF8, 0xF8, 0x00, 
    0xF8, 0xF8, 0x00, 
    0xF8, 0xF8, 0x00, 
    0xF8, 0xF8, 0x00, 
    0xF8, 0xF8, 0x00, 
    0xFF, 0xE0, 0x00, 
    0xFF, 0xE0, 0x00, 
    0xFF, 0xE0, 0x00, 
    0x00, 0x00, 0x00, 
    // 'C' (ASCII 67)
    0x00, 0x00, 0x00, 
    0x1F, 0xF8, 0x00, 
    0x1F, 0xF8, 0x00, 
    0xFF, 0xF8, 0x00, 
    0xF8, 0x00, 0x00, 
    0xF8, 0x00, 0x00, 
    0xF8, 0x00, 0x00, 
    0xF8, 0x00, 0x00, 
    0xF8, 0x00, 0x00, 
    0xF8, 0x00, 0x00, 
    0xF8, 0x00, 0x00, 
    0xF8, 0x00, 0x00, 
    0xF8, 0x00, 0x00, 
    0xF8, 0x00, 0x00, 
    0xF8, 0x00, 0x00, 
    0xF8, 0x00, 0x00, 
    0x1F, 0xF8, 0x00, 
    0x1F, 0xF8, 0x00, 
    0x1F, 0xF8, 0x00, 
    0x00, 0x00, 0x00, 
    // 'D' (ASCII 68)
    0x00, 0x00, 0x00, 
    0xFF, 0xE0, 0x00, 
    0xFF, 0xE0, 0x00, 
    0xFF, 0xF8, 0x00, 
    0xF8, 0xF8, 0x00, 
    0xF8, 0xF8, 0x00, 
    0xF8, 0xF8, 0x00, 
    0xF8, 0xF8, 0x00, 
    0xF8, 0xF8, 0x00, 
    0xF8, 0xF8, 0x00, 
    0xF8, 0xF8, 0x00, 
    0xF8, 0xF8, 0x00, 
    0xF8, 0xF8, 0x00, 
    0xF8, 0xF8, 0x00, 
    0xF8, 0xF8, 0x00, 
    0xF8, 0xF8, 0x00, 
    0xFF, 0xE0, 0x00, 
    0xFF, 0xE0, 0x00, 
    0xFF, 0xE0, 0x00, 
    0x00, 0x00, 0x00, 
    // 'E' (ASCII 69)
    0x00, 0x00, 0x00, 
    0xFF, 0xF8, 0x00, 
    0xFF, 0xF8, 0x00, 
    0xFF, 0xF0, 0x00, 
    0xF8, 0x00, 0x00, 
    0xF8, 0x00, 0x00, 
    0xFF, 0xC0, 0x00, 
    0xFF, 0xC0, 0x00, 
    0xFF, 0xC0, 0x00, 
    0xF8, 0x00, 0x00, 
    0xF8, 0x00, 0x00, 
    0xF8, 0x00, 0x00, 
    0xF8, 0x00, 0x00, 
    0xF8, 0x00, 0x00, 
    0xF8, 0x00, 0x00, 
    0xF8, 0x00, 0x00, 
    0xFF, 0xF0, 0x00, 
    0xFF, 0xF8, 0x00, 
    0xFF, 0xF8, 0x00, 
    0x00, 0x00, 0x00, 
    // 'F' (ASCII 70)
    0x00, 0x00, 0x00, 
    0xFF, 0xF8, 0x00, 
    0xFF, 0xF8, 0x00, 
    0xFF, 0xF0, 0x00, 
    0xF8, 0x00, 0x00, 
    0xF8, 0x00, 0x00, 
    0xFF, 0xC0, 0x00, 
    0xFF, 0xC0, 0x00, 
    0xFF, 0xC0, 0x00, 
    0xF8, 0x00, 0x00, 
    0xF8, 0x00, 0x00, 
    0xF8, 0x00, 0x00, 
    0xF8, 0x00, 0x00, 
    0xF8, 0x00, 0x00, 
    0xF8, 0x00, 0x00, 
    0xF8, 0x00, 0x00, 
    0xF8, 0x00, 0x00, 
    0xF8, 0x00, 0x00, 
    0xF8, 0x00, 0x00, 
    0x00, 0x00, 0x00, 
    // 'G' (ASCII 71)
    0x00, 0x00, 0x00, 
    0x3F, 0xC0, 0x00, 
    0x3F, 0xC0, 0x00, 
    0xFF, 0xC0, 0x00, 
    0xF8, 0x00, 0x00, 
    0xF8, 0x00, 0x00, 
    0xF8, 0x00, 0x00, 
    0xF8, 0x00, 0x00, 
    0xF8, 0xF8, 0x00, 
    0xF8, 0xF8, 0x00, 
    0xF8, 0xF8, 0x00, 
    0xF8, 0xF8, 0x00, 
    0xF8, 0xF8, 0x00, 
    0xF8, 0xF8, 0x00, 
    0xF8, 0xF8, 0x00, 
    0xF8, 0xF8, 0x00, 
    0x3F, 0xF8, 0x00, 
    0x3F, 0xF8, 0x00, 
    0x3F, 0xF8, 0x00, 
    0x00, 0x00, 0x00, 
    // 'H' (ASCII 72)
    0x00, 0x00, 0x00, 
    0xF8, 0xF8, 0x00, 
    0xF8, 0xF8, 0x00, 
    0xF8, 0xF8, 0x00, 
    0xF8, 0xF8, 0x00, 
    0xF8, 0xF8, 0x00, 
    0xFF, 0xF8, 0x00, 
    0xFF, 0xF8, 0x00, 
    0xFF, 0xF8, 0x00, 
    0xF8, 0xF8, 0x00, 
    0xF8, 0xF8, 0x00, 
    0xF8, 0xF8, 0x00, 
    0xF8, 0xF8, 0x00, 
    0xF8, 0xF8, 0x00, 
    0xF8, 0xF8, 0x00, 
    0xF8, 0xF8, 0x00, 
    0xF8, 0xF8, 0x00, 
    0xF8, 0xF8, 0x00, 
    0xF8, 0xF8, 0x00, 
    0x00, 0x00, 0x00, 
    // 'I' (ASCII 73)
    0x00, 0x00, 0x00, 
    0xF8, 0x00, 0x00, 
    0xF8, 0x00, 0x00, 
    0xF8, 0x00, 0x00, 
    0xF8, 0x00, 0x00, 
    0xF8, 0x00, 0x00, 
    0xF8, 0x00, 0x00, 
    0xF8, 0x00, 0x00, 
    0xF8, 0x00, 0x00, 
    0xF8, 0x00, 0x00, 
    0xF8, 0x00, 0x00, 
    0xF8, 0x00, 0x00, 
    0xF8, 0x00, 0x00, 
    0xF8, 0x00, 0x00, 
    0xF8, 0x00, 0x00, 
    0xF8, 0x00, 0x00, 
    0xF8, 0x00, 0x00, 
    0xF8, 0x00, 0x00, 
    0xF8, 0x00, 0x00, 
    0x00, 0x00, 0x00, 
    // 'J' (ASCII 74)
    0x00, 0x00, 0x00, 
    0x07, 0xC0, 0x00, 
    0x07, 0xC0, 0x00, 
    0x07, 0xC0, 0x00, 
    0x07, 0xC0, 0x00, 
    0x07, 0xC0, 0x00, 
    0x07, 0xC0, 0x00, 
    0x07, 0xC0, 0x00, 
    0x07, 0xC0, 0x00, 
    0x07, 0xC0, 0x00, 
    0x07, 0xC0, 0x00, 
    0x07, 0xC0, 0x00, 
    0x07, 0xC0, 0x00, 
    0x07, 0xC0, 0x00, 
    0x07, 0xC0, 0x00, 
    0x07, 0xC0, 0x00, 
    0xFF, 0xC0, 0x00, 
    0xFF, 0x00, 0x00, 
    0xFF, 0x00, 0x00, 
    0x00, 0x00, 0x00, 
    // 'K' (ASCII 75)
    0x00, 0x00, 0x00, 
    0xF8, 0x3E, 0x00, 
    0xF8, 0x3E, 0x00, 
    0xF8, 0xFE, 0x00, 
    0xF8, 0xF8, 0x00, 
    0xF8, 0xF8, 0x00, 
    0xFF, 0xC0, 0x00, 
    0xFF, 0xC0, 0x00, 
    0xFF, 0x00, 0x00, 
    0xFF, 0x00, 0x00, 
    0xFF, 0x00, 0x00, 
    0xFF, 0xC0, 0x00, 
    0xFF, 0xC0, 0x00, 
    0xFF, 0xC0, 0x00, 
    0xF8, 0xF8, 0x00, 
    0xF8, 0xF8, 0x00, 
    0xF8, 0x3E, 0x00, 
    0xF8, 0x3E, 0x00, 
    0xF8, 0x3E, 0x00, 
    0x00, 0x00, 0x00, 
    // 'L' (ASCII 76)
    0x00, 0x00, 0x00, 
    0xF8, 0x00, 0x00, 
    0xF8, 0x00, 0x00, 
    0xF8, 0x00, 0x00, 
    0xF8, 0x00, 0x00, 
    0xF8, 0x00, 0x00, 
    0xF8, 0x00, 0x00, 
    0xF8, 0x00, 0x00, 
    0xF8, 0x00, 0x00, 
    0xF8, 0x00, 0x00, 
    0xF8, 0x00, 0x00, 
    0xF8, 0x00, 0x00, 
    0xF8, 0x00, 0x00, 
    0xF8, 0x00, 0x00, 
    0xF8, 0x00, 0x00, 
    0xF8, 0x00, 0x00, 
    0xFF, 0xC0, 0x00, 
    0xFF, 0xC0, 0x00, 
    0xFF, 0xC0, 0x00, 
    0x00, 0x00, 0x00, 
    // 'M' (ASCII 77)
    0x00, 0x00, 0x00, 
    0xE0, 0x01, 0xC0, 
    0xE0, 0x01, 0xC0, 
    0xF8, 0x0F, 0xC0, 
    0xF8, 0x0F, 0xC0, 
    0xF8, 0x0F, 0xC0, 
    0xFF, 0x3F, 0xC0, 
    0xFF, 0x3F, 0xC0, 
    0xFF, 0x3F, 0xC0, 
    0xFF, 0xFF, 0xC0, 
    0xFF, 0xFF, 0xC0, 
    0xF9, 0xCF, 0xC0, 
    0xF9, 0xCF, 0xC0, 
    0xF9, 0xCF, 0xC0, 
    0xF8, 0x0F, 0xC0, 
    0xF8, 0x0F, 0xC0, 
    0xF8, 0x0F, 0xC0, 
    0xF8, 0x0F, 0xC0, 
    0xF8, 0x0F, 0xC0, 
    0x00, 0x00, 0x00, 
    // 'N' (ASCII 78)
    0x00, 0x00, 0x00, 
    0xE0, 0x3E, 0x00, 
    0xE0, 0x3E, 0x00, 
    0xF8, 0x3E, 0x00, 
    0xF8, 0x3E, 0x00, 
    0xF8, 0x3E, 0x00, 
    0xFF, 0x3E, 0x00, 
    0xFF, 0x3E, 0x00, 
    0xFF, 0x3E, 0x00, 
    0xFF, 0xFE, 0x00, 
    0xFF, 0xFE, 0x00, 
    0xF9, 0xFE, 0x00, 
    0xF9, 0xFE, 0x00, 
    0xF9, 0xFE, 0x00, 
    0xF8, 0x3E, 0x00, 
    0xF8, 0x3E, 0x00, 
    0xF8, 0x3E, 0x00, 
    0xF8, 0x0E, 0x00, 
    0xF8, 0x0E, 0x00, 
    0x00, 0x00, 0x00, 
    // 'O' (ASCII 79)
    0x00, 0x00, 0x00, 
    0x1F, 0xF8, 0x00, 
    0x1F, 0xF8, 0x00, 
    0xFF, 0xFE, 0x00, 
    0xF8, 0x3E, 0x00, 
    0xF8, 0x3E, 0x00, 
    0xF8, 0x3E, 0x00, 
    0xF8, 0x3E, 0x00, 
    0xF8, 0x3E, 0x00, 
    0xF8, 0x3E, 0x00, 
    0xF8, 0x3E, 0x00, 
    0xF8, 0x3E, 0x00, 
    0xF8, 0x3E, 0x00, 
    0xF8, 0x3E, 0x00, 
    0xF8, 0x3E, 0x00, 
    0xF8, 0x3E, 0x00, 
    0x1F, 0xF8, 0x00, 
    0x1F, 0xF8, 0x00, 
    0x1F, 0xF8, 0x00, 
    0x00, 0x00, 0x00, 
    // 'P' (ASCII 80)
    0x00, 0x00, 0x00, 
    0xFF, 0xE0, 0x00, 
    0xFF, 0xE0, 0x00, 
    0xFF, 0xF8, 0x00, 
    0xF8, 0xF8, 0x00, 
    0xF8, 0xF8, 0x00, 
    0xF8, 0xF8, 0x00, 
    0xF8, 0xF8, 0x00, 
    0xF8, 0xF8, 0x00, 
    0xF8, 0xF8, 0x00, 
    0xF8, 0xF8, 0x00, 
    0xFF, 0xE0, 0x00, 
    0xFF, 0xE0, 0x00, 
    0xFF, 0xC0, 0x00, 
    0xF8, 0x00, 0x00, 
    0xF8, 0x00, 0x00, 
    0xF8, 0x00, 0x00, 
    0xF8, 0x00, 0x00, 
    0xF8, 0x00, 0x00, 
    0x00, 0x00, 0x00, 
    // 'Q' (ASCII 81)
    0x00, 0x00, 0x00, 
    0x1F, 0xF8, 0x00, 
    0x1F, 0xF8, 0x00, 
    0x1F, 0xF8, 0x00, 
    0xF8, 0x3E, 0x00, 
    0xF8, 0x3E, 0x00, 
    0xF8, 0x3E, 0x00, 
    0xF8, 0x3E, 0x00, 
    0xF8, 0x3E, 0x00, 
    0xF8, 0x3E, 0x00, 
    0xF8, 0x3E, 0x00, 
    0xF8, 0x3E, 0x00, 
    0xF8, 0x3E, 0x00, 
    0xF8, 0x3E, 0x00, 
    0xF9, 0xFE, 0x00, 
    0xF9, 0xFE, 0x00, 
    0x1F, 0xF8, 0x00, 
    0x1F, 0xF8, 0x00, 
    0x1F, 0xF8, 0x00, 
    0x00, 0x3E, 0x00, 
    // 'R' (ASCII 82)
    0x00, 0x00, 0x00, 
    0xFF, 0xC0, 0x00, 
    0xFF, 0xC0, 0x00, 
    0xFF, 0xF0, 0x00, 
    0xF9, 0xF0, 0x00, 
    0xF9, 0xF0, 0x00, 
    0xF9, 0xF0, 0x00, 
    0xF9, 0xF0, 0x00, 
    0xF9, 0xF0, 0x00, 
    0xF9, 0xF0, 0x00, 
    0xF9, 0xF0, 0x00, 
    0xFF, 0xC0, 0x00, 
    0xFF, 0xC0, 0x00, 
    0xFF, 0xC0, 0x00, 
    0xF9, 0xC0, 0x00, 
    0xF9, 0xC0, 0x00, 
    0xF9, 0xF0, 0x00, 
    0xF9, 0xF0, 0x00, 
    0xF9, 0xF0, 0x00, 
    0x00, 0x00, 0x00, 
    // 'S' (ASCII 83)
    0x00, 0x00, 0x00, 
    0x1F, 0xC0, 0x00, 
    0x1F, 0xC0, 0x00, 
    0xFF, 0xC0, 0x00, 
    0xF8, 0x00, 0x00, 
    0xF8, 0x00, 0x00, 
    0xF8, 0x00, 0x00, 
    0xF8, 0x00, 0x00, 
    0x1F, 0x00, 0x00, 
    0x1F, 0x00, 0x00, 
    0x1F, 0x00, 0x00, 
    0x07, 0xC0, 0x00, 
    0x07, 0xC0, 0x00, 
    0x07, 0xC0, 0x00, 
    0x07, 0xC0, 0x00, 
    0x07, 0xC0, 0x00, 
    0xFF, 0x00, 0x00, 
    0xFF, 0x00, 0x00, 
    0xFF, 0x00, 0x00, 
    0x00, 0x00, 0x00, 
    // 'T' (ASCII 84)
    0x00, 0x00, 0x00, 
    0xFF, 0xFE, 0x00, 
    0xFF, 0xFE, 0x00, 
    0xFF, 0xFE, 0x00, 
    0x07, 0xC0, 0x00, 
    0x07, 0xC0, 0x00, 
    0x07, 0xC0, 0x00, 
    0x07, 0xC0, 0x00, 
    0x07, 0xC0, 0x00, 
    0x07, 0xC0, 0x00, 
    0x07, 0xC0, 0x00, 
    0x07, 0xC0, 0x00, 
    0x07, 0xC0, 0x00, 
    0x07, 0xC0, 0x00, 
    0x07, 0xC0, 0x00, 
    0x07, 0xC0, 0x00, 
    0x07, 0xC0, 0x00, 
    0x07, 0xC0, 0x00, 
    0x07, 0xC0, 0x00, 
    0x00, 0x00, 0x00, 
    // 'U' (ASCII 85)
    0x00, 0x00, 0x00, 
    0xF8, 0xF8, 0x00, 
    0xF8, 0xF8, 0x00, 
    0xF8, 0xF8, 0x00, 
    0xF8, 0xF8, 0x00, 
    0xF8, 0xF8, 0x00, 
    0xF8, 0xF8, 0x00, 
    0xF8, 0xF8, 0x00, 
    0xF8, 0xF8, 0x00, 
    0xF8, 0xF8, 0x00, 
    0xF8, 0xF8, 0x00, 
    0xF8, 0xF8, 0x00, 
    0xF8, 0xF8, 0x00, 
    0xF8, 0xF8, 0x00, 
    0xF8, 0xF8, 0x00, 
    0xF8, 0xF8, 0x00, 
    0xFF, 0xF8, 0x00, 
    0x3F, 0xC0, 0x00, 
    0x3F, 0xC0, 0x00, 
    0x00, 0x00, 0x00, 
    // 'V' (ASCII 86)
    0x00, 0x00, 0x00, 
    0xF8, 0x3E, 0x00, 
    0xF8, 0x3E, 0x00, 
    0xF8, 0x3E, 0x00, 
    0xF8, 0x3E, 0x00, 
    0xF8, 0x3E, 0x00, 
    0xF8, 0x3E, 0x00, 
    0xF8, 0x3E, 0x00, 
    0xF8, 0x3E, 0x00, 
    0x1F, 0xF8, 0x00, 
    0x1F, 0xF8, 0x00, 
    0x1F, 0xF8, 0x00, 
    0x1F, 0xF8, 0x00, 
    0x1F, 0xF8, 0x00, 
    0x07, 0xC0, 0x00, 
    0x07, 0xC0, 0x00, 
    0x07, 0xC0, 0x00, 
    0x07, 0xC0, 0x00, 
    0x07, 0xC0, 0x00, 
    0x00, 0x00, 0x00, 
    // 'W' (ASCII 87)
    0x00, 0x00, 0x00, 
    0xF8, 0x07, 0xC0, 
    0xF8, 0x07, 0xC0, 
    0xF8, 0x07, 0xC0, 
    0xF8, 0x07, 0xC0, 
    0xF8, 0x07, 0xC0, 
    0xF8, 0xC7, 0xC0, 
    0xF8, 0xC7, 0xC0, 
    0xF8, 0xC7, 0xC0, 
    0xFF, 0xFF, 0xC0, 
    0xFF, 0xFF, 0xC0, 
    0x1F, 0xFE, 0x00, 
    0x1F, 0xFE, 0x00, 
    0x1F, 0xFE, 0x00, 
    0x1F, 0xFE, 0x00, 
    0x1F, 0xFE, 0x00, 
    0x1F, 0x3E, 0x00, 
    0x1F, 0x3E, 0x00, 
    0x1F, 0x3E, 0x00, 
    0x00, 0x00, 0x00, 
    // 'X' (ASCII 88)
    0x00, 0x00, 0x00, 
    0xF8, 0x3E, 0x00, 
    0xF8, 0x3E, 0x00, 
    0xF8, 0x3E, 0x00, 
    0xF8, 0x3E, 0x00, 
    0xF8, 0x3E, 0x00, 
    0x1F, 0xF8, 0x00, 
    0x1F, 0xF8, 0x00, 
    0x1F, 0xF8, 0x00, 
    0x07, 0xC0, 0x00, 
    0x07, 0xC0, 0x00, 
    0x1F, 0xF8, 0x00, 
    0x1F, 0xF8, 0x00, 
    0x1F, 0xF8, 0x00, 
    0xF8, 0x3E, 0x00, 
    0xF8, 0x3E, 0x00, 
    0xF8, 0x3E, 0x00, 
    0xF8, 0x3E, 0x00, 
    0xF8, 0x3E, 0x00, 
    0x00, 0x00, 0x00, 
    // 'Y' (ASCII 89)
    0x00, 0x00, 0x00, 
    0xF8, 0x3E, 0x00, 
    0xF8, 0x3E, 0x00, 
    0xF8, 0x3E, 0x00, 
    0xF8, 0x3E, 0x00, 
    0xF8, 0x3E, 0x00, 
    0x1F, 0xF8, 0x00, 
    0x1F, 0xF8, 0x00, 
    0x1F, 0xF8, 0x00, 
    0x07, 0xC0, 0x00, 
    0x07, 0xC0, 0x00, 
    0x07, 0xC0, 0x00, 
    0x07, 0xC0, 0x00, 
    0x07, 0xC0, 0x00, 
    0x07, 0xC0, 0x00, 
    0x07, 0xC0, 0x00, 
    0x07, 0xC0, 0x00, 
    0x07, 0xC0, 0x00, 
    0x07, 0xC0, 0x00, 
    0x00, 0x00, 0x00, 
    // 'Z' (ASCII 90)
    0x00, 0x00, 0x00, 
    0xFF, 0xF8, 0x00, 
    0xFF, 0xF8, 0x00, 
    0xFF, 0xF8, 0x00, 
    0x00, 0xF8, 0x00, 
    0x00, 0xF8, 0x00, 
    0x07, 0xF8, 0x00, 
    0x07, 0xF8, 0x00, 
    0x07, 0xF8, 0x00, 
    0x3F, 0xC0, 0x00, 
    0x3F, 0xC0, 0x00, 
    0xFF, 0x00, 0x00, 
    0xFF, 0x00, 0x00, 
    0xFF, 0x00, 0x00, 
    0xF8, 0x00, 0x00, 
    0xF8, 0x00, 0x00, 
    0xFF, 0xF8, 0x00, 
    0xFF, 0xF8, 0x00, 
    0xFF, 0xF8, 0x00, 
    0x00, 0x00, 0x00, 
    // '[' (ASCII 91)
    0x00, 0x00, 0x00, 
    0xFF, 0x00, 0x00, 
    0xFF, 0x00, 0x00, 
    0xFE, 0x00, 0x00, 
    0xF8, 0x00, 0x00, 
    0xF8, 0x00, 0x00, 
    0xF8, 0x00, 0x00, 
    0xF8, 0x00, 0x00, 
    0xF8, 0x00, 0x00, 
    0xF8, 0x00, 0x00, 
    0xF8, 0x00, 0x00, 
    0xF8, 0x00, 0x00, 
    0xF8, 0x00, 0x00, 
    0xF8, 0x00, 0x00, 
    0xF8, 0x00, 0x00, 
    0xF8, 0x00, 0x00, 
    0xF8, 0x00, 0x00, 
    0xF8, 0x00, 0x00, 
    0xF8, 0x00, 0x00, 
    0xFE, 0x00, 0x00, 
    // '\' (ASCII 92)
    0x00, 0x00, 0x00, 
    0xE0, 0x00, 0x00, 
    0xE0, 0x00, 0x00, 
    0xE0, 0x00, 0x00, 
    0xE0, 0x00, 0x00, 
    0xE0, 0x00, 0x00, 
    0xF8, 0x00, 0x00, 
    0xF8, 0x00, 0x00, 
    0xF8, 0x00, 0x00, 
    0x18, 0x00, 0x00, 
    0x18, 0x00, 0x00, 
    0x1F, 0x80, 0x00, 
    0x1F, 0x80, 0x00, 
    0x1F, 0x80, 0x00, 
    0x03, 0x80, 0x00, 
    0x03, 0x80, 0x00, 
    0x03, 0x80, 0x00, 
    0x03, 0x80, 0x00, 
    0x03, 0x80, 0x00, 
    0x00, 0x00, 0x00, 
    // ']' (ASCII 93)
    0x00, 0x00, 0x00, 
    0xFF, 0x00, 0x00, 
    0xFF, 0x00, 0x00, 
    0x7F, 0x00, 0x00, 
    0x1F, 0x00, 0x00, 
    0x1F, 0x00, 0x00, 
    0x1F, 0x00, 0x00, 
    0x1F, 0x00, 0x00, 
    0x1F, 0x00, 0x00, 
    0x1F, 0x00, 0x00, 
    0x1F, 0x00, 0x00, 
    0x1F, 0x00, 0x00, 
    0x1F, 0x00, 0x00, 
    0x1F, 0x00, 0x00, 
    0x1F, 0x00, 0x00, 
    0x1F, 0x00, 0x00, 
    0x1F, 0x00, 0x00, 
    0x1F, 0x00, 0x00, 
    0x1F, 0x00, 0x00, 
    0x7F, 0x00, 0x00, 
    // '^' (ASCII 94)
    0x00, 0x00, 0x00, 
    0x18, 0x00, 0x00, 
    0x18, 0x00, 0x00, 
    0x18, 0x00, 0x00, 
    0xFF, 0x80, 0x00, 
    0xFF, 0x80, 0x00, 
    0xE3, 0x80, 0x00, 
    0xE3, 0x80, 0x00, 
    0xE3, 0x80, 0x00, 
    0x00, 0x00, 0x00, 
    0x00, 0x00, 0x00, 
    0x00, 0x00, 0x00, 
    0x00, 0x00, 0x00, 
    0x00, 0x00, 0x00, 
    0x00, 0x00, 0x00, 
    0x00, 0x00, 0x00, 
    0x00, 0x00, 0x00, 
    0x00, 0x00, 0x00, 
    0x00, 0x00, 0x00, 
    0x00, 0x00, 0x00, 
    // '_' (ASCII 95)
    0x00, 0x00, 0x00, 
    0x00, 0x00, 0x00, 
    0x00, 0x00, 0x00, 
    0x00, 0x00, 0x00, 
    0x00, 0x00, 0x00, 
    0x00, 0x00, 0x00, 
    0x00, 0x00, 0x00, 
    0x00, 0x00, 0x00, 
    0x00, 0x00, 0x00, 
    0x00, 0x00, 0x00, 
    0x00, 0x00, 0x00, 
    0x00, 0x00, 0x00, 
    0x00, 0x00, 0x00, 
    0x00, 0x00, 0x00, 
    0x00, 0x00, 0x00, 
    0x00, 0x00, 0x00, 
    0xFF, 0xFE, 0x00, 
    0xFF, 0xFE, 0x00, 
    0xFF, 0xFE, 0x00, 
    0x00, 0x00, 0x00, 
    // '`' (ASCII 96)
    0x00, 0x00, 0x00, 
    0xE0, 0x00, 0x00, 
    0xE0, 0x00, 0x00, 
    0x18, 0x00, 0x00, 
    0x18, 0x00, 0x00, 
    0x18, 0x00, 0x00, 
    0x00, 0x00, 0x00, 
    0x00, 0x00, 0x00, 
    0x00, 0x00, 0x00, 
    0x00, 0x00, 0x00, 
    0x00, 0x00, 0x00, 
    0x00, 0x00, 0x00, 
    0x00, 0x00, 0x00, 
    0x00, 0x00, 0x00, 
    0x00, 0x00, 0x00, 
    0x00, 0x00, 0x00, 
    0x00, 0x00, 0x00, 
    0x00, 0x00, 0x00, 
    0x00, 0x00, 0x00, 
    0x00, 0x00, 0x00, 
    // 'a' (ASCII 97)
    0x00, 0x00, 0x00, 
    0x00, 0x00, 0x00, 
    0x00, 0x00, 0x00, 
    0x00, 0x00, 0x00, 
    0x00, 0x00, 0x00, 
    0x00, 0x00, 0x00, 
    0x3F, 0xC0, 0x00, 
    0x3F, 0xC0, 0x00, 
    0x3F, 0xC0, 0x00, 
    0x00, 0xF8, 0x00, 
    0x00, 0xF8, 0x00, 
    0x3F, 0xF8, 0x00, 
    0x3F, 0xF8, 0x00, 
    0x3F, 0xF8, 0x00, 
    0xF8, 0xF8, 0x00, 
    0xF8, 0xF8, 0x00, 
    0x3F, 0xF8, 0x00, 
    0x3F, 0xF8, 0x00, 
    0x3F, 0xF8, 0x00, 
    0x00, 0x00, 0x00, 
    // 'b' (ASCII 98)
    0x00, 0x00, 0x00, 
    0xF8, 0x00, 0x00, 
    0xF8, 0x00, 0x00, 
    0xF8, 0x00, 0x00, 
    0xF8, 0x00, 0x00, 
    0xF8, 0x00, 0x00, 
    0xFF, 0xE0, 0x00, 
    0xFF, 0xE0, 0x00, 
    0xFF, 0xE0, 0x00, 
    0xF8, 0xF8, 0x00, 
    0xF8, 0xF8, 0x00, 
    0xF8, 0xF8, 0x00, 
    0xF8, 0xF8, 0x00, 
    0xF8, 0xF8, 0x00, 
    0xF8, 0xF8, 0x00, 
    0xF8, 0xF8, 0x00, 
    0xFF, 0xE0, 0x00, 
    0xFF, 0xE0, 0x00, 
    0xFF, 0xE0, 0x00, 
    0x00, 0x00, 0x00, 
    // 'c' (ASCII 99)
    0x00, 0x00, 0x00, 
    0x00, 0x00, 0x00, 
    0x00, 0x00, 0x00, 
    0x00, 0x00, 0x00, 
    0x00, 0x00, 0x00, 
    0x00, 0x00, 0x00, 
    0x3F, 0xC0, 0x00, 
    0x3F, 0xC0, 0x00, 
    0x3F, 0xC0, 0x00, 
    0xF8, 0x00, 0x00, 
    0xF8, 0x00, 0x00, 
    0xF8, 0x00, 0x00, 
    0xF8, 0x00, 0x00, 
    0xF8, 0x00, 0x00, 
    0xF8, 0x00, 0x00, 
    0xF8, 0x00, 0x00, 
    0x3F, 0xC0, 0x00, 
    0x3F, 0xC0, 0x00, 
    0x3F, 0xC0, 0x00, 
    0x00, 0x00, 0x00, 
    // 'd' (ASCII 100)
    0x00, 0x00, 0x00, 
    0x00, 0xF8, 0x00, 
    0x00, 0xF8, 0x00, 
    0x00, 0xF8, 0x00, 
    0x00, 0xF8, 0x00, 
    0x00, 0xF8, 0x00, 
    0x3F, 0xF8, 0x00, 
    0x3F, 0xF8, 0x00, 
    0x3F, 0xF8, 0x00, 
    0xF8, 0xF8, 0x00, 
    0xF8, 0xF8, 0x00, 
    0xF8, 0xF8, 0x00, 
    0xF8, 0xF8, 0x00, 
    0xF8, 0xF8, 0x00, 
    0xF8, 0xF8, 0x00, 
    0xF8, 0xF8, 0x00, 
    0x3F, 0xF8, 0x00, 
    0x3F, 0xF8, 0x00, 
    0x3F, 0xF8, 0x00, 
    0x00, 0x00, 0x00, 
    // 'e' (ASCII 101)
    0x00, 0x00, 0x00, 
    0x00, 0x00, 0x00, 
    0x00, 0x00, 0x00, 
    0x00, 0x00, 0x00, 
    0x00, 0x00, 0x00, 
    0x00, 0x00, 0x00, 
    0x3F, 0xC0, 0x00, 
    0x3F, 0xC0, 0x00, 
    0x3F, 0xC0, 0x00, 
    0xF8, 0xF8, 0x00, 
    0xF8, 0xF8, 0x00, 
    0xFF, 0xF8, 0x00, 
    0xFF, 0xF8, 0x00, 
    0xFF, 0xF8, 0x00, 
    0xF8, 0x00, 0x00, 
    0xF8, 0x00, 0x00, 
    0x3F, 0xF8, 0x00, 
    0x3F, 0xF8, 0x00, 
    0x3F, 0xF8, 0x00, 
    0x00, 0x00, 0x00, 
    // 'f' (ASCII 102)
    0x00, 0x00, 0x00, 
    0x1F, 0x00, 0x00, 
    0x1F, 0x00, 0x00, 
    0xFF, 0x00, 0x00, 
    0xF8, 0x00, 0x00, 
    0xF8, 0x00, 0x00, 
    0xFF, 0x00, 0x00, 
    0xFF, 0x00, 0x00, 
    0xFF, 0x00, 0x00, 
    0xF8, 0x00, 0x00, 
    0xF8, 0x00, 0x00, 
    0xF8, 0x00, 0x00, 
    0xF8, 0x00, 0x00, 
    0xF8, 0x00, 0x00, 
    0xF8, 0x00, 0x00, 
    0xF8, 0x00, 0x00, 
    0xF8, 0x00, 0x00, 
    0xF8, 0x00, 0x00, 
    0xF8, 0x00, 0x00, 
    0x00, 0x00, 0x00, 
    // 'g' (ASCII 103)
    0x00, 0x00, 0x00, 
    0x00, 0x00, 0x00, 
    0x00, 0x00, 0x00, 
    0x00, 0x00, 0x00, 
    0x00, 0x00, 0x00, 
    0x00, 0x00, 0x00, 
    0x3F, 0xF8, 0x00, 
    0x3F, 0xF8, 0x00, 
    0x3F, 0xF8, 0x00, 
    0xF8, 0xF8, 0x00, 
    0xF8, 0xF8, 0x00, 
    0xF8, 0xF8, 0x00, 
    0xF8, 0xF8, 0x00, 
    0xF8, 0xF8, 0x00, 
    0x3F, 0xF8, 0x00, 
    0x3F, 0xF8, 0x00, 
    0x3F, 0xF8, 0x00, 
    0x00, 0xF8, 0x00, 
    0x00, 0xF8, 0x00, 
    0x3F, 0xC0, 0x00, 
    // 'h' (ASCII 104)
    0x00, 0x00, 0x00, 
    0xF8, 0x00, 0x00, 
    0xF8, 0x00, 0x00, 
    0xF8, 0x00, 0x00, 
    0xF8, 0x00, 0x00, 
    0xF8, 0x00, 0x00, 
    0xFF, 0xE0, 0x00, 
    0xFF, 0xE0, 0x00, 
    0xFF, 0xE0, 0x00, 
    0xF8, 0xF8, 0x00, 
    0xF8, 0xF8, 0x00, 
    0xF8, 0xF8, 0x00, 
    0xF8, 0xF8, 0x00, 
    0xF8, 0xF8, 0x00, 
    0xF8, 0xF8, 0x00, 
    0xF8, 0xF8, 0x00, 
    0xF8, 0xF8, 0x00, 
    0xF8, 0xF8, 0x00, 
    0xF8, 0xF8, 0x00, 
    0x00, 0x00, 0x00, 
    // 'i' (ASCII 105)
    0x00, 0x00, 0x00, 
    0xF8, 0x00, 0x00, 
    0xF8, 0x00, 0x00, 
    0xF8, 0x00, 0x00, 
    0x00, 0x00, 0x00, 
    0x00, 0x00, 0x00, 
    0xF8, 0x00, 0x00, 
    0xF8, 0x00, 0x00, 
    0xF8, 0x00, 0x00, 
    0xF8, 0x00, 0x00, 
    0xF8, 0x00, 0x00, 
    0xF8, 0x00, 0x00, 
    0xF8, 0x00, 0x00, 
    0xF8, 0x00, 0x00, 
    0xF8, 0x00, 0x00, 
    0xF8, 0x00, 0x00, 
    0xF8, 0x00, 0x00, 
    0xF8, 0x00, 0x00, 
    0xF8, 0x00, 0x00, 
    0x00, 0x00, 0x00, 
    // 'j' (ASCII 106)
    0x00, 0x00, 0x00, 
    0x1F, 0x00, 0x00, 
    0x1F, 0x00, 0x00, 
    0x1F, 0x00, 0x00, 
    0x00, 0x00, 0x00, 
    0x00, 0x00, 0x00, 
    0x1F, 0x00, 0x00, 
    0x1F, 0x00, 0x00, 
    0x1F, 0x00, 0x00, 
    0x1F, 0x00, 0x00, 
    0x1F, 0x00, 0x00, 
    0x1F, 0x00, 0x00, 
    0x1F, 0x00, 0x00, 
    0x1F, 0x00, 0x00, 
    0x1F, 0x00, 0x00, 
    0x1F, 0x00, 0x00, 
    0x1F, 0x00, 0x00, 
    0x1F, 0x00, 0x00, 
    0x1F, 0x00, 0x00, 
    0xF8, 0x00, 0x00, 
    // 'k' (ASCII 107)
    0x00, 0x00, 0x00, 
    0xF8, 0x00, 0x00, 
    0xF8, 0x00, 0x00, 
    0xF8, 0x00, 0x00, 
    0xF8, 0x00, 0x00, 
    0xF8, 0x00, 0x00, 
    0xF8, 0xF8, 0x00, 
    0xF8, 0xF8, 0x00, 
    0xF8, 0xF8, 0x00, 
    0xFF, 0xE0, 0x00, 
    0xFF, 0xE0, 0x00, 
    0xFF, 0x00, 0x00, 
    0xFF, 0x00, 0x00, 
    0xFF, 0x00, 0x00, 
    0xFF, 0xE0, 0x00, 
    0xFF, 0xE0, 0x00, 
    0xF8, 0xF8, 0x00, 
    0xF8, 0xF8, 0x00, 
    0xF8, 0xF8, 0x00, 
    0x00, 0x00, 0x00, 
    // 'l' (ASCII 108)
    0x00, 0x00, 0x00, 
    0xF8, 0x00, 0x00, 
    0xF8, 0x00, 0x00, 
    0xF8, 0x00, 0x00, 
    0xF8, 0x00, 0x00, 
    0xF8, 0x00, 0x00, 
    0xF8, 0x00, 0x00, 
    0xF8, 0x00, 0x00, 
    0xF8, 0x00, 0x00, 
    0xF8, 0x00, 0x00, 
    0xF8, 0x00, 0x00, 
    0xF8, 0x00, 0x00, 
    0xF8, 0x00, 0x00, 
    0xF8, 0x00, 0x00, 
    0xF8, 0x00, 0x00, 
    0xF8, 0x00, 0x00, 
    0xF8, 0x00, 0x00, 
    0xF8, 0x00, 0x00, 
    0xF8, 0x00, 0x00, 
    0x00, 0x00, 0x00, 
    // 'm' (ASCII 109)
    0x00, 0x00, 0x00, 
    0x00, 0x00, 0x00, 
    0x00, 0x00, 0x00, 
    0x00, 0x00, 0x00, 
    0x00, 0x00, 0x00, 
    0x00, 0x00, 0x00, 
    0xFF, 0xFF, 0xC0, 
    0xFF, 0xFF, 0xC0, 
    0xFF, 0xFF, 0xC0, 
    0xF8, 0xF9, 0xF0, 
    0xF8, 0xF9, 0xF0, 
    0xF8, 0xF9, 0xF0, 
    0xF8, 0xF9, 0xF0, 
    0xF8, 0xF9, 0xF0, 
    0xF8, 0xF9, 0xF0, 
    0xF8, 0xF9, 0xF0, 
    0xF8, 0xF9, 0xF0, 
    0xF8, 0xF9, 0xF0, 
    0xF8, 0xF9, 0xF0, 
    0x00, 0x00, 0x00, 
    // 'n' (ASCII 110)
    0x00, 0x00, 0x00, 
    0x00, 0x00, 0x00, 
    0x00, 0x00, 0x00, 
    0x00, 0x00, 0x00, 
    0x00, 0x00, 0x00, 
    0x00, 0x00, 0x00, 
    0xFF, 0xE0, 0x00, 
    0xFF, 0xE0, 0x00, 
    0xFF, 0xE0, 0x00, 
    0xF8, 0xF8, 0x00, 
    0xF8, 0xF8, 0x00, 
    0xF8, 0xF8, 0x00, 
    0xF8, 0xF8, 0x00, 
    0xF8, 0xF8, 0x00, 
    0xF8, 0xF8, 0x00, 
    0xF8, 0xF8, 0x00, 
    0xF8, 0xF8, 0x00, 
    0xF8, 0xF8, 0x00, 
    0xF8, 0xF8, 0x00, 
    0x00, 0x00, 0x00, 
    // 'o' (ASCII 111)
    0x00, 0x00, 0x00, 
    0x00, 0x00, 0x00, 
    0x00, 0x00, 0x00, 
    0x00, 0x00, 0x00, 
    0x00, 0x00, 0x00, 
    0x00, 0x00, 0x00, 
    0x3F, 0xC0, 0x00, 
    0x3F, 0xC0, 0x00, 
    0x3F, 0xC0, 0x00, 
    0xF8, 0xF8, 0x00, 
    0xF8, 0xF8, 0x00, 
    0xF8, 0xF8, 0x00, 
    0xF8, 0xF8, 0x00, 
    0xF8, 0xF8, 0x00, 
    0xF8, 0xF8, 0x00, 
    0xF8, 0xF8, 0x00, 
    0x3F, 0xC0, 0x00, 
    0x3F, 0xC0, 0x00, 
    0x3F, 0xC0, 0x00, 
    0x00, 0x00, 0x00, 
    // 'p' (ASCII 112)
    0x00, 0x00, 0x00, 
    0x00, 0x00, 0x00, 
    0x00, 0x00, 0x00, 
    0x00, 0x00, 0x00, 
    0x00, 0x00, 0x00, 
    0x00, 0x00, 0x00, 
    0xFF, 0xE0, 0x00, 
    0xFF, 0xE0, 0x00, 
    0xFF, 0xE0, 0x00, 
    0xF8, 0xF8, 0x00, 
    0xF8, 0xF8, 0x00, 
    0xF8, 0xF8, 0x00, 
    0xF8, 0xF8, 0x00, 
    0xF8, 0xF8, 0x00, 
    0xFF, 0xE0, 0x00, 
    0xFF, 0xE0, 0x00, 
    0xFF, 0xE0, 0x00, 
    0xF8, 0x00, 0x00, 
    0xF8, 0x00, 0x00, 
    0xF8, 0x00, 0x00, 
    // 'q' (ASCII 113)
    0x00, 0x00, 0x00, 
    0x00, 0x00, 0x00, 
    0x00, 0x00, 0x00, 
    0x00, 0x00, 0x00, 
    0x00, 0x00, 0x00, 
    0x00, 0x00, 0x00, 
    0x3F, 0xF8, 0x00, 
    0x3F, 0xF8, 0x00, 
    0x3F, 0xF8, 0x00, 
    0xF8, 0xF8, 0x00, 
    0xF8, 0xF8, 0x00, 
    0xF8, 0xF8, 0x00, 
    0xF8, 0xF8, 0x00, 
    0xF8, 0xF8, 0x00, 
    0x3F, 0xF8, 0x00, 
    0x3F, 0xF8, 0x00, 
    0x3F, 0xF8, 0x00, 
    0x00, 0xF8, 0x00, 
    0x00, 0xF8, 0x00, 
    0x00, 0xF8, 0x00, 
    // 'r' (ASCII 114)
    0x00, 0x00, 0x00, 
    0x00, 0x00, 0x00, 
    0x00, 0x00, 0x00, 
    0x00, 0x00, 0x00, 
    0x00, 0x00, 0x00, 
    0x00, 0x00, 0x00, 
    0xF9, 0xC0, 0x00, 
    0xF9, 0xC0, 0x00, 
    0xFF, 0xC0, 0x00, 
    0xFF, 0xC0, 0x00, 
    0xFF, 0xC0, 0x00, 
    0xF8, 0x00, 0x00, 
    0xF8, 0x00, 0x00, 
    0xF8, 0x00, 0x00, 
    0xF8, 0x00, 0x00, 
    0xF8, 0x00, 0x00, 
    0xF8, 0x00, 0x00, 
    0xF8, 0x00, 0x00, 
    0xF8, 0x00, 0x00, 
    0x00, 0x00, 0x00, 
    // 's' (ASCII 115)
    0x00, 0x00, 0x00, 
    0x00, 0x00, 0x00, 
    0x00, 0x00, 0x00, 
    0x00, 0x00, 0x00, 
    0x00, 0x00, 0x00, 
    0x00, 0x00, 0x00, 
    0x3F, 0xC0, 0x00, 
    0x3F, 0xC0, 0x00, 
    0x3F, 0xC0, 0x00, 
    0xF8, 0x00, 0x00, 
    0xF8, 0x00, 0x00, 
    0xFF, 0xC0, 0x00, 
    0xFF, 0xC0, 0x00, 
    0xFF, 0xC0, 0x00, 
    0x07, 0xC0, 0x00, 
    0x07, 0xC0, 0x00, 
    0xFF, 0x00, 0x00, 
    0xFF, 0x00, 0x00, 
    0xFF, 0x00, 0x00, 
    0x00, 0x00, 0x00, 
    // 't' (ASCII 116)
    0x00, 0x00, 0x00, 
    0xF8, 0x00, 0x00, 
    0xF8, 0x00, 0x00, 
    0xF8, 0x00, 0x00, 
    0xF8, 0x00, 0x00, 
    0xF8, 0x00, 0x00, 
    0xFF, 0x00, 0x00, 
    0xFF, 0x00, 0x00, 
    0xFF, 0x00, 0x00, 
    0xF8, 0x00, 0x00, 
    0xF8, 0x00, 0x00, 
    0xF8, 0x00, 0x00, 
    0xF8, 0x00, 0x00, 
    0xF8, 0x00, 0x00, 
    0xF8, 0x00, 0x00, 
    0xF8, 0x00, 0x00, 
    0xFF, 0x00, 0x00, 
    0x1F, 0x00, 0x00, 
    0x1F, 0x00, 0x00, 
    0x00, 0x00, 0x00, 
    // 'u' (ASCII 117)
    0x00, 0x00, 0x00, 
    0x00, 0x00, 0x00, 
    0x00, 0x00, 0x00, 
    0x00, 0x00, 0x00, 
    0x00, 0x00, 0x00, 
    0x00, 0x00, 0x00, 
    0xF8, 0xF8, 0x00, 
    0xF8, 0xF8, 0x00, 
    0xF8, 0xF8, 0x00, 
    0xF8, 0xF8, 0x00, 
    0xF8, 0xF8, 0x00, 
    0xF8, 0xF8, 0x00, 
    0xF8, 0xF8, 0x00, 
    0xF8, 0xF8, 0x00, 
    0xF8, 0xF8, 0x00, 
    0xF8, 0xF8, 0x00, 
    0x3F, 0xF8, 0x00, 
    0x3F, 0xF8, 0x00, 
    0x3F, 0xF8, 0x00, 
    0x00, 0x00, 0x00, 
    // 'v' (ASCII 118)
    0x00, 0x00, 0x00, 
    0x00, 0x00, 0x00, 
    0x00, 0x00, 0x00, 
    0x00, 0x00, 0x00, 
    0x00, 0x00, 0x00, 
    0x00, 0x00, 0x00, 
    0xF8, 0xF8, 0x00, 
    0xF8, 0xF8, 0x00, 
    0xF8, 0xF8, 0x00, 
    0xF8, 0xF8, 0x00, 
    0xF8, 0xF8, 0x00, 
    0x3F, 0xC0, 0x00, 
    0x3F, 0xC0, 0x00, 
    0x3F, 0xC0, 0x00, 
    0x3F, 0xC0, 0x00, 
    0x3F, 0xC0, 0x00, 
    0x07, 0x00, 0x00, 
    0x07, 0x00, 0x00, 
    0x07, 0x00, 0x00, 
    0x00, 0x00, 0x00, 
    // 'w' (ASCII 119)
    0x00, 0x00, 0x00, 
    0x00, 0x00, 0x00, 
    0x00, 0x00, 0x00, 
    0x00, 0x00, 0x00, 
    0x00, 0x00, 0x00, 
    0x00, 0x00, 0x00, 
    0xF8, 0x07, 0xC0, 
    0xF8, 0x07, 0xC0, 
    0xF8, 0x07, 0xC0, 
    0xF8, 0xC7, 0xC0, 
    0xF8, 0xC7, 0xC0, 
    0xF8, 0xC7, 0xC0, 
    0xF8, 0xC7, 0xC0, 
    0xF8, 0xC7, 0xC0, 
    0x1F, 0xFE, 0x00, 
    0x1F, 0xFE, 0x00, 
    0x1F, 0xFE, 0x00, 
    0x1F, 0x3E, 0x00, 
    0x1F, 0x3E, 0x00, 
    0x00, 0x00, 0x00, 
    // 'x' (ASCII 120)
    0x00, 0x00, 0x00, 
    0x00, 0x00, 0x00, 
    0x00, 0x00, 0x00, 
    0x00, 0x00, 0x00, 
    0x00, 0x00, 0x00, 
    0x00, 0x00, 0x00, 
    0xF8, 0xF8, 0x00, 
    0xF8, 0xF8, 0x00, 
    0xF8, 0xF8, 0x00, 
    0xF8, 0xF8, 0x00, 
    0xF8, 0xF8, 0x00, 
    0x3F, 0xC0, 0x00, 
    0x3F, 0xC0, 0x00, 
    0x3F, 0xC0, 0x00, 
    0xF8, 0xF8, 0x00, 
    0xF8, 0xF8, 0x00, 
    0xF8, 0xF8, 0x00, 
    0xF8, 0xF8, 0x00, 
    0xF8, 0xF8, 0x00, 
    0x00, 0x00, 0x00, 
    // 'y' (ASCII 121)
    0x00, 0x00, 0x00, 
    0x00, 0x00, 0x00, 
    0x00, 0x00, 0x00, 
    0x00, 0x00, 0x00, 
    0x00, 0x00, 0x00, 
    0x00, 0x00, 0x00, 
    0xF8, 0xF8, 0x00, 
    0xF8, 0xF8, 0x00, 
    0xF8, 0xF8, 0x00, 
    0xF8, 0xF8, 0x00, 
    0xF8, 0xF8, 0x00, 
    0xF8, 0xF8, 0x00, 
    0xF8, 0xF8, 0x00, 
    0xF8, 0xF8, 0x00, 
    0x3F, 0xF8, 0x00, 
    0x3F, 0xF8, 0x00, 
    0x3F, 0xF8, 0x00, 
    0x00, 0xF8, 0x00, 
    0x00, 0xF8, 0x00, 
    0x3F, 0xC0, 0x00, 
    // 'z' (ASCII 122)
    0x00, 0x00, 0x00, 
    0x00, 0x00, 0x00, 
    0x00, 0x00, 0x00, 
    0x00, 0x00, 0x00, 
    0x00, 0x00, 0x00, 
    0x00, 0x00, 0x00, 
    0xFF, 0xF8, 0x00, 
    0xFF, 0xF8, 0x00, 
    0xFF, 0xF8, 0x00, 
    0x07, 0xC0, 0x00, 
    0x07, 0xC0, 0x00, 
    0x1F, 0x00, 0x00, 
    0x1F, 0x00, 0x00, 
    0x1F, 0x00, 0x00, 
    0xF8, 0x00, 0x00, 
    0xF8, 0x00, 0x00, 
    0xFF, 0xF8, 0x00, 
    0xFF, 0xF8, 0x00, 
    0xFF, 0xF8, 0x00, 
    0x00, 0x00, 0x00, 
    // '{' (ASCII 123)
    0x00, 0x00, 0x00, 
    0xFF, 0x00, 0x00, 
    0xFF, 0x00, 0x00, 
    0xFE, 0x00, 0x00, 
    0xF8, 0x00, 0x00, 
    0xF8, 0x00, 0x00, 
    0xF8, 0x00, 0x00, 
    0xF8, 0x00, 0x00, 
    0xF8, 0x00, 0x00, 
    0xF8, 0x00, 0x00, 
    0xF8, 0x00, 0x00, 
    0xF8, 0x00, 0x00, 
    0xF8, 0x00, 0x00, 
    0xF8, 0x00, 0x00, 
    0xF8, 0x00, 0x00, 
    0xF8, 0x00, 0x00, 
    0xF8, 0x00, 0x00, 
    0xF8, 0x00, 0x00, 
    0xF8, 0x00, 0x00, 
    0xFE, 0x00, 0x00, 
    // '|' (ASCII 124)
    0x00, 0x00, 0x00, 
    0xF8, 0x00, 0x00, 
    0xF8, 0x00, 0x00, 
    0xF8, 0x00, 0x00, 
    0xF8, 0x00, 0x00, 
    0xF8, 0x00, 0x00, 
    0xF8, 0x00, 0x00, 
    0xF8, 0x00, 0x00, 
    0xF8, 0x00, 0x00, 
    0xF8, 0x00, 0x00, 
    0xF8, 0x00, 0x00, 
    0xF8, 0x00, 0x00, 
    0xF8, 0x00, 0x00, 
    0xF8, 0x00, 0x00, 
    0xF8, 0x00, 0x00, 
    0xF8, 0x00, 0x00, 
    0xF8, 0x00, 0x00, 
    0xF8, 0x00, 0x00, 
    0xF8, 0x00, 0x00, 
    0xF8, 0x00, 0x00, 
    // '}' (ASCII 125)
    0x00, 0x00, 0x00, 
    0xFF, 0x00, 0x00, 
    0xFF, 0x00, 0x00, 
    0x7F, 0x00, 0x00, 
    0x1F, 0x00, 0x00, 
    0x1F, 0x00, 0x00, 
    0x1F, 0x00, 0x00, 
    0x1F, 0x00, 0x00, 
    0x1F, 0x00, 0x00, 
    0x1F, 0x00, 0x00, 
    0x1F, 0x00, 0x00, 
    0x1F, 0x00, 0x00, 
    0x1F, 0x00, 0x00, 
    0x1F, 0x00, 0x00, 
    0x1F, 0x00, 0x00, 
    0x1F, 0x00, 0x00, 
    0x1F, 0x00, 0x00, 
    0x1F, 0x00, 0x00, 
    0x1F, 0x00, 0x00, 
    0x7F, 0x00, 0x00, 
    // '~' (ASCII 126)
    0x00, 0x00, 0x00, 
    0x1F, 0x38, 0x00, 
    0x1F, 0x38, 0x00, 
    0xE7, 0xC0, 0x00, 
    0xE7, 0xC0, 0x00, 
    0xE7, 0xC0, 0x00, 
    0x00, 0x00, 0x00, 
    0x00, 0x00, 0x00, 
    0x00, 0x00, 0x00, 
    0x00, 0x00, 0x00, 
    0x00, 0x00, 0x00, 
    0x00, 0x00, 0x00, 
    0x00, 0x00, 0x00, 
    0x00, 0x00, 0x00, 
    0x00, 0x00, 0x00, 
    0x00, 0x00, 0x00, 
    0x00, 0x00, 0x00, 
    0x00, 0x00, 0x00, 
    0x00, 0x00, 0x00, 
    0x00, 0x00, 0x00, 
};

sFONT Font_nokia_20 = {
  Font_nokia_20_Table,
  21, // Width
  20  // Height
};

// @25x24 pixel layout for nokia
const uint8_t Font_nokia_24_Table[] = {
    // ' ' (ASCII 32)
    0x00, 0x00, 0x00, 0x00, 
    0x00, 0x00, 0x00, 0x00, 
    0x00, 0x00, 0x00, 0x00, 
    0x00, 0x00, 0x00, 0x00, 
    0x00, 0x00, 0x00, 0x00, 
    0x00, 0x00, 0x00, 0x00, 
    0x00, 0x00, 0x00, 0x00, 
    0x00, 0x00, 0x00, 0x00, 
    0x00, 0x00, 0x00, 0x00, 
    0x00, 0x00, 0x00, 0x00, 
    0x00, 0x00, 0x00, 0x00, 
    0x00, 0x00, 0x00, 0x00, 
    0x00, 0x00, 0x00, 0x00, 
    0x00, 0x00, 0x00, 0x00, 
    0x00, 0x00, 0x00, 0x00, 
    0x00, 0x00, 0x00, 0x00, 
    0x00, 0x00, 0x00, 0x00, 
    0x00, 0x00, 0x00, 0x00, 
    0x00, 0x00, 0x00, 0x00, 
    0x00, 0x00, 0x00, 0x00, 
    0x00, 0x00, 0x00, 0x00, 
    0x00, 0x00, 0x00, 0x00, 
    0x00, 0x00, 0x00, 0x00, 
    0x00, 0x00, 0x00, 0x00, 
    // '!' (ASCII 33)
    0x00, 0x00, 0x00, 0x00, 
    0x00, 0x00, 0x00, 0x00, 
    0xFC, 0x00, 0x00, 0x00, 
    0xFC, 0x00, 0x00, 0x00, 
    0xFC, 0x00, 0x00, 0x00, 
    0xFC, 0x00, 0x00, 0x00, 
    0xFC, 0x00, 0x00, 0x00, 
    0xFC, 0x00, 0x00, 0x00, 
    0xFC, 0x00, 0x00, 0x00, 
    0xFC, 0x00, 0x00, 0x00, 
    0xFC, 0x00, 0x00, 0x00, 
    0xFC, 0x00, 0x00, 0x00, 
    0xFC, 0x00, 0x00, 0x00, 
    0xFC, 0x00, 0x00, 0x00, 
    0xFC, 0x00, 0x00, 0x00, 
    0xFC, 0x00, 0x00, 0x00, 
    0xFC, 0x00, 0x00, 0x00, 
    0x00, 0x00, 0x00, 0x00, 
    0x00, 0x00, 0x00, 0x00, 
    0x00, 0x00, 0x00, 0x00, 
    0xFC, 0x00, 0x00, 0x00, 
    0xFC, 0x00, 0x00, 0x00, 
    0xFC, 0x00, 0x00, 0x00, 
    0x00, 0x00, 0x00, 0x00, 
    // '"' (ASCII 34)
    0x00, 0x00, 0x00, 0x00, 
    0x00, 0x00, 0x00, 0x00, 
    0xE3, 0x80, 0x00, 0x00, 
    0xE3, 0x80, 0x00, 0x00, 
    0xE3, 0x80, 0x00, 0x00, 
    0xE3, 0x80, 0x00, 0x00, 
    0xE3, 0x80, 0x00, 0x00, 
    0xE3, 0x80, 0x00, 0x00, 
    0x00, 0x00, 0x00, 0x00, 
    0x00, 0x00, 0x00, 0x00, 
    0x00, 0x00, 0x00, 0x00, 
    0x00, 0x00, 0x00, 0x00, 
    0x00, 0x00, 0x00, 0x00, 
    0x00, 0x00, 0x00, 0x00, 
    0x00, 0x00, 0x00, 0x00, 
    0x00, 0x00, 0x00, 0x00, 
    0x00, 0x00, 0x00, 0x00, 
    0x00, 0x00, 0x00, 0x00, 
    0x00, 0x00, 0x00, 0x00, 
    0x00, 0x00, 0x00, 0x00, 
    0x00, 0x00, 0x00, 0x00, 
    0x00, 0x00, 0x00, 0x00, 
    0x00, 0x00, 0x00, 0x00, 
    0x00, 0x00, 0x00, 0x00, 
    // '#' (ASCII 35)
    0x00, 0x00, 0x00, 0x00, 
    0x00, 0x00, 0x00, 0x00, 
    0x1C, 0x70, 0x00, 0x00, 
    0x1C, 0x70, 0x00, 0x00, 
    0x1C, 0x70, 0x00, 0x00, 
    0xFF, 0xFE, 0x00, 0x00, 
    0xFF, 0xFE, 0x00, 0x00, 
    0xFF, 0xFE, 0x00, 0x00, 
    0xFF, 0xFE, 0x00, 0x00, 
    0xFF, 0xFE, 0x00, 0x00, 
    0xFF, 0xFE, 0x00, 0x00, 
    0x1C, 0x70, 0x00, 0x00, 
    0x1C, 0x70, 0x00, 0x00, 
    0x1C, 0x70, 0x00, 0x00, 
    0xFF, 0xFE, 0x00, 0x00, 
    0xFF, 0xFE, 0x00, 0x00, 
    0xFF, 0xFE, 0x00, 0x00, 
    0xFF, 0xFE, 0x00, 0x00, 
    0xFF, 0xFE, 0x00, 0x00, 
    0xFF, 0xFE, 0x00, 0x00, 
    0x1C, 0x70, 0x00, 0x00, 
    0x1C, 0x70, 0x00, 0x00, 
    0x1C, 0x70, 0x00, 0x00, 
    0x00, 0x00, 0x00, 0x00, 
    // '$' (ASCII 36)
    0x00, 0x00, 0x00, 0x00, 
    0x00, 0x00, 0x00, 0x00, 
    0x1C, 0x70, 0x00, 0x00, 
    0x1C, 0x70, 0x00, 0x00, 
    0x1C, 0x70, 0x00, 0x00, 
    0x1F, 0xFE, 0x00, 0x00, 
    0x1F, 0xFE, 0x00, 0x00, 
    0x1F, 0xFE, 0x00, 0x00, 
    0xFC, 0x70, 0x00, 0x00, 
    0xFC, 0x70, 0x00, 0x00, 
    0xFC, 0x70, 0x00, 0x00, 
    0xFF, 0xF0, 0x00, 0x00, 
    0xFF, 0xF0, 0x00, 0x00, 
    0xFF, 0xF0, 0x00, 0x00, 
    0x1F, 0xFE, 0x00, 0x00, 
    0x1F, 0xFE, 0x00, 0x00, 
    0x1F, 0xFE, 0x00, 0x00, 
    0x1C, 0x7E, 0x00, 0x00, 
    0x1C, 0x7E, 0x00, 0x00, 
    0x1C, 0x7E, 0x00, 0x00, 
    0xFF, 0xF0, 0x00, 0x00, 
    0xFF, 0xF0, 0x00, 0x00, 
    0xFF, 0xF0, 0x00, 0x00, 
    0x1C, 0x70, 0x00, 0x00, 
    // '%' (ASCII 37)
    0x00, 0x00, 0x00, 0x00, 
    0x00, 0x00, 0x00, 0x00, 
    0xFC, 0x0E, 0x00, 0x00, 
    0xFC, 0x0E, 0x00, 0x00, 
    0xFC, 0x0E, 0x00, 0x00, 
    0xFC, 0x7E, 0x00, 0x00, 
    0xFC, 0x7E, 0x00, 0x00, 
    0xFC, 0x7E, 0x00, 0x00, 
    0x00, 0x70, 0x00, 0x00, 
    0x00, 0x70, 0x00, 0x00, 
    0x00, 0x70, 0x00, 0x00, 
    0x03, 0xF0, 0x00, 0x00, 
    0x03, 0xF0, 0x00, 0x00, 
    0x03, 0xF0, 0x00, 0x00, 
    0x03, 0x80, 0x00, 0x00, 
    0x03, 0x80, 0x00, 0x00, 
    0x03, 0x80, 0x00, 0x00, 
    0x1F, 0x8F, 0xC0, 0x00, 
    0x1F, 0x8F, 0xC0, 0x00, 
    0x1F, 0x8F, 0xC0, 0x00, 
    0x1C, 0x0F, 0xC0, 0x00, 
    0x1C, 0x0F, 0xC0, 0x00, 
    0x1C, 0x0F, 0xC0, 0x00, 
    0x00, 0x00, 0x00, 0x00, 
    // '&' (ASCII 38)
    0x00, 0x00, 0x00, 0x00, 
    0x00, 0x00, 0x00, 0x00, 
    0x1F, 0xF0, 0x00, 0x00, 
    0x1F, 0xF0, 0x00, 0x00, 
    0x1F, 0xF0, 0x00, 0x00, 
    0xFC, 0x7E, 0x00, 0x00, 
    0xFC, 0x7E, 0x00, 0x00, 
    0xFC, 0x7E, 0x00, 0x00, 
    0x1F, 0xF0, 0x00, 0x00, 
    0x1F, 0xF0, 0x00, 0x00, 
    0x1F, 0xF0, 0x00, 0x00, 
    0xFF, 0xF1, 0xC0, 0x00, 
    0xFF, 0xF1, 0xC0, 0x00, 
    0xFF, 0xF1, 0xC0, 0x00, 
    0xFC, 0x7F, 0xC0, 0x00, 
    0xFC, 0x7F, 0xC0, 0x00, 
    0xFC, 0x7F, 0xC0, 0x00, 
    0xFC, 0x7F, 0xC0, 0x00, 
    0xFC, 0x7F, 0xC0, 0x00, 
    0xFC, 0x7F, 0xC0, 0x00, 
    0x1F, 0xF1, 0xC0, 0x00, 
    0x1F, 0xF1, 0xC0, 0x00, 
    0x1F, 0xF1, 0xC0, 0x00, 
    0x00, 0x00, 0x00, 0x00, 
    // ''' (ASCII 39)
    0x00, 0x00, 0x00, 0x00, 
    0x00, 0x00, 0x00, 0x00, 
    0xE0, 0x00, 0x00, 0x00, 
    0xE0, 0x00, 0x00, 0x00, 
    0xE0, 0x00, 0x00, 0x00, 
    0xE0, 0x00, 0x00, 0x00, 
    0xE0, 0x00, 0x00, 0x00, 
    0xE0, 0x00, 0x00, 0x00, 
    0x00, 0x00, 0x00, 0x00, 
    0x00, 0x00, 0x00, 0x00, 
    0x00, 0x00, 0x00, 0x00, 
    0x00, 0x00, 0x00, 0x00, 
    0x00, 0x00, 0x00, 0x00, 
    0x00, 0x00, 0x00, 0x00, 
    0x00, 0x00, 0x00, 0x00, 
    0x00, 0x00, 0x00, 0x00, 
    0x00, 0x00, 0x00, 0x00, 
    0x00, 0x00, 0x00, 0x00, 
    0x00, 0x00, 0x00, 0x00, 
    0x00, 0x00, 0x00, 0x00, 
    0x00, 0x00, 0x00, 0x00, 
    0x00, 0x00, 0x00, 0x00, 
    0x00, 0x00, 0x00, 0x00, 
    0x00, 0x00, 0x00, 0x00, 
    // '(' (ASCII 40)
    0x00, 0x00, 0x00, 0x00, 
    0x00, 0x00, 0x00, 0x00, 
    0x03, 0x80, 0x00, 0x00, 
    0x03, 0x80, 0x00, 0x00, 
    0x03, 0x80, 0x00, 0x00, 
    0x1C, 0x00, 0x00, 0x00, 
    0x1C, 0x00, 0x00, 0x00, 
    0x1C, 0x00, 0x00, 0x00, 
    0xFC, 0x00, 0x00, 0x00, 
    0xFC, 0x00, 0x00, 0x00, 
    0xFC, 0x00, 0x00, 0x00, 
    0xFC, 0x00, 0x00, 0x00, 
    0xFC, 0x00, 0x00, 0x00, 
    0xFC, 0x00, 0x00, 0x00, 
    0xFC, 0x00, 0x00, 0x00, 
    0xFC, 0x00, 0x00, 0x00, 
    0xFC, 0x00, 0x00, 0x00, 
    0xFC, 0x00, 0x00, 0x00, 
    0xFC, 0x00, 0x00, 0x00, 
    0xFC, 0x00, 0x00, 0x00, 
    0x1C, 0x00, 0x00, 0x00, 
    0x1C, 0x00, 0x00, 0x00, 
    0x1C, 0x00, 0x00, 0x00, 
    0x03, 0x80, 0x00, 0x00, 
    // ')' (ASCII 41)
    0x00, 0x00, 0x00, 0x00, 
    0x00, 0x00, 0x00, 0x00, 
    0xE0, 0x00, 0x00, 0x00, 
    0xE0, 0x00, 0x00, 0x00, 
    0xE0, 0x00, 0x00, 0x00, 
    0x1C, 0x00, 0x00, 0x00, 
    0x1C, 0x00, 0x00, 0x00, 
    0x1C, 0x00, 0x00, 0x00, 
    0x1F, 0x80, 0x00, 0x00, 
    0x1F, 0x80, 0x00, 0x00, 
    0x1F, 0x80, 0x00, 0x00, 
    0x1F, 0x80, 0x00, 0x00, 
    0x1F, 0x80, 0x00, 0x00, 
    0x1F, 0x80, 0x00, 0x00, 
    0x1F, 0x80, 0x00, 0x00, 
    0x1F, 0x80, 0x00, 0x00, 
    0x1F, 0x80, 0x00, 0x00, 
    0x1F, 0x80, 0x00, 0x00, 
    0x1F, 0x80, 0x00, 0x00, 
    0x1F, 0x80, 0x00, 0x00, 
    0x1C, 0x00, 0x00, 0x00, 
    0x1C, 0x00, 0x00, 0x00, 
    0x1C, 0x00, 0x00, 0x00, 
    0xE0, 0x00, 0x00, 0x00, 
    // '*' (ASCII 42)
    0x00, 0x00, 0x00, 0x00, 
    0x00, 0x00, 0x00, 0x00, 
    0x03, 0x80, 0x00, 0x00, 
    0x03, 0x80, 0x00, 0x00, 
    0x03, 0x80, 0x00, 0x00, 
    0xE3, 0x8E, 0x00, 0x00, 
    0xE3, 0x8E, 0x00, 0x00, 
    0xE3, 0x8E, 0x00, 0x00, 
    0xFF, 0xFE, 0x00, 0x00, 
    0xFF, 0xFE, 0x00, 0x00, 
    0xFF, 0xFE, 0x00, 0x00, 
    0x1F, 0xF0, 0x00, 0x00, 
    0x1F, 0xF0, 0x00, 0x00, 
    0x1F, 0xF0, 0x00, 0x00, 
    0xFF, 0xFE, 0x00, 0x00, 
    0xFF, 0xFE, 0x00, 0x00, 
    0xFF, 0xFE, 0x00, 0x00, 
    0xE3, 0x8E, 0x00, 0x00, 
    0xE3, 0x8E, 0x00, 0x00, 
    0xE3, 0x8E, 0x00, 0x00, 
    0x03, 0x80, 0x00, 0x00, 
    0x03, 0x80, 0x00, 0x00, 
    0x03, 0x80, 0x00, 0x00, 
    0x00, 0x00, 0x00, 0x00, 
    // '+' (ASCII 43)
    0x00, 0x00, 0x00, 0x00, 
    0x00, 0x00, 0x00, 0x00, 
    0x00, 0x00, 0x00, 0x00, 
    0x00, 0x00, 0x00, 0x00, 
    0x00, 0x00, 0x00, 0x00, 
    0x03, 0x80, 0x00, 0x00, 
    0x03, 0x80, 0x00, 0x00, 
    0x03, 0x80, 0x00, 0x00, 
    0x03, 0x80, 0x00, 0x00, 
    0x03, 0x80, 0x00, 0x00, 
    0x03, 0x80, 0x00, 0x00, 
    0xFF, 0xFE, 0x00, 0x00, 
    0xFF, 0xFE, 0x00, 0x00, 
    0xFF, 0xFE, 0x00, 0x00, 
    0x03, 0x80, 0x00, 0x00, 
    0x03, 0x80, 0x00, 0x00, 
    0x03, 0x80, 0x00, 0x00, 
    0x03, 0x80, 0x00, 0x00, 
    0x03, 0x80, 0x00, 0x00, 
    0x03, 0x80, 0x00, 0x00, 
    0x00, 0x00, 0x00, 0x00, 
    0x00, 0x00, 0x00, 0x00, 
    0x00, 0x00, 0x00, 0x00, 
    0x00, 0x00, 0x00, 0x00, 
    // ',' (ASCII 44)
    0x00, 0x00, 0x00, 0x00, 
    0x00, 0x00, 0x00, 0x00, 
    0x00, 0x00, 0x00, 0x00, 
    0x00, 0x00, 0x00, 0x00, 
    0x00, 0x00, 0x00, 0x00, 
    0x00, 0x00, 0x00, 0x00, 
    0x00, 0x00, 0x00, 0x00, 
    0x00, 0x00, 0x00, 0x00, 
    0x00, 0x00, 0x00, 0x00, 
    0x00, 0x00, 0x00, 0x00, 
    0x00, 0x00, 0x00, 0x00, 
    0x00, 0x00, 0x00, 0x00, 
    0x00, 0x00, 0x00, 0x00, 
    0x00, 0x00, 0x00, 0x00, 
    0x00, 0x00, 0x00, 0x00, 
    0x00, 0x00, 0x00, 0x00, 
    0x00, 0x00, 0x00, 0x00, 
    0x1C, 0x00, 0x00, 0x00, 
    0x1C, 0x00, 0x00, 0x00, 
    0x1C, 0x00, 0x00, 0x00, 
    0xFC, 0x00, 0x00, 0x00, 
    0xFC, 0x00, 0x00, 0x00, 
    0xFC, 0x00, 0x00, 0x00, 
    0xE0, 0x00, 0x00, 0x00, 
    // '-' (ASCII 45)
    0x00, 0x00, 0x00, 0x00, 
    0x00, 0x00, 0x00, 0x00, 
    0x00, 0x00, 0x00, 0x00, 
    0x00, 0x00, 0x00, 0x00, 
    0x00, 0x00, 0x00, 0x00, 
    0x00, 0x00, 0x00, 0x00, 
    0x00, 0x00, 0x00, 0x00, 
    0x00, 0x00, 0x00, 0x00, 
    0x00, 0x00, 0x00, 0x00, 
    0x00, 0x00, 0x00, 0x00, 
    0x00, 0x00, 0x00, 0x00, 
    0xFF, 0xF0, 0x00, 0x00, 
    0xFF, 0xF0, 0x00, 0x00, 
    0xFF, 0xF0, 0x00, 0x00, 
    0x00, 0x00, 0x00, 0x00, 
    0x00, 0x00, 0x00, 0x00, 
    0x00, 0x00, 0x00, 0x00, 
    0x00, 0x00, 0x00, 0x00, 
    0x00, 0x00, 0x00, 0x00, 
    0x00, 0x00, 0x00, 0x00, 
    0x00, 0x00, 0x00, 0x00, 
    0x00, 0x00, 0x00, 0x00, 
    0x00, 0x00, 0x00, 0x00, 
    0x00, 0x00, 0x00, 0x00, 
    // '.' (ASCII 46)
    0x00, 0x00, 0x00, 0x00, 
    0x00, 0x00, 0x00, 0x00, 
    0x00, 0x00, 0x00, 0x00, 
    0x00, 0x00, 0x00, 0x00, 
    0x00, 0x00, 0x00, 0x00, 
    0x00, 0x00, 0x00, 0x00, 
    0x00, 0x00, 0x00, 0x00, 
    0x00, 0x00, 0x00, 0x00, 
    0x00, 0x00, 0x00, 0x00, 
    0x00, 0x00, 0x00, 0x00, 
    0x00, 0x00, 0x00, 0x00, 
    0x00, 0x00, 0x00, 0x00, 
    0x00, 0x00, 0x00, 0x00, 
    0x00, 0x00, 0x00, 0x00, 
    0x00, 0x00, 0x00, 0x00, 
    0x00, 0x00, 0x00, 0x00, 
    0x00, 0x00, 0x00, 0x00, 
    0xFC, 0x00, 0x00, 0x00, 
    0xFC, 0x00, 0x00, 0x00, 
    0xFC, 0x00, 0x00, 0x00, 
    0xFC, 0x00, 0x00, 0x00, 
    0xFC, 0x00, 0x00, 0x00, 
    0xFC, 0x00, 0x00, 0x00, 
    0x00, 0x00, 0x00, 0x00, 
    // '/' (ASCII 47)
    0x00, 0x00, 0x00, 0x00, 
    0x00, 0x00, 0x00, 0x00, 
    0x03, 0x80, 0x00, 0x00, 
    0x03, 0x80, 0x00, 0x00, 
    0x03, 0x80, 0x00, 0x00, 
    0x03, 0x80, 0x00, 0x00, 
    0x03, 0x80, 0x00, 0x00, 
    0x03, 0x80, 0x00, 0x00, 
    0x1F, 0x80, 0x00, 0x00, 
    0x1F, 0x80, 0x00, 0x00, 
    0x1F, 0x80, 0x00, 0x00, 
    0x1C, 0x00, 0x00, 0x00, 
    0x1C, 0x00, 0x00, 0x00, 
    0x1C, 0x00, 0x00, 0x00, 
    0xFC, 0x00, 0x00, 0x00, 
    0xFC, 0x00, 0x00, 0x00, 
    0xFC, 0x00, 0x00, 0x00, 
    0xE0, 0x00, 0x00, 0x00, 
    0xE0, 0x00, 0x00, 0x00, 
    0xE0, 0x00, 0x00, 0x00, 
    0xE0, 0x00, 0x00, 0x00, 
    0xE0, 0x00, 0x00, 0x00, 
    0xE0, 0x00, 0x00, 0x00, 
    0x00, 0x00, 0x00, 0x00, 
    // '0' (ASCII 48)
    0x00, 0x00, 0x00, 0x00, 
    0x00, 0x00, 0x00, 0x00, 
    0x1F, 0xF0, 0x00, 0x00, 
    0x1F, 0xF0, 0x00, 0x00, 
    0x1F, 0xF0, 0x00, 0x00, 
    0xFC, 0x7E, 0x00, 0x00, 
    0xFC, 0x7E, 0x00, 0x00, 
    0xFC, 0x7E, 0x00, 0x00, 
    0xFC, 0x7E, 0x00, 0x00, 
    0xFC, 0x7E, 0x00, 0x00, 
    0xFC, 0x7E, 0x00, 0x00, 
    0xFC, 0x7E, 0x00, 0x00, 
    0xFC, 0x7E, 0x00, 0x00, 
    0xFC, 0x7E, 0x00, 0x00, 
    0xFC, 0x7E, 0x00, 0x00, 
    0xFC, 0x7E, 0x00, 0x00, 
    0xFC, 0x7E, 0x00, 0x00, 
    0xFC, 0x7E, 0x00, 0x00, 
    0xFC, 0x7E, 0x00, 0x00, 
    0xFC, 0x7E, 0x00, 0x00, 
    0x1F, 0xF0, 0x00, 0x00, 
    0x1F, 0xF0, 0x00, 0x00, 
    0x1F, 0xF0, 0x00, 0x00, 
    0x00, 0x00, 0x00, 0x00, 
    // '1' (ASCII 49)
    0x00, 0x00, 0x00, 0x00, 
    0x00, 0x00, 0x00, 0x00, 
    0x1F, 0x80, 0x00, 0x00, 
    0x1F, 0x80, 0x00, 0x00, 
    0x1F, 0x80, 0x00, 0x00, 
    0xFF, 0x80, 0x00, 0x00, 
    0xFF, 0x80, 0x00, 0x00, 
    0xFF, 0x80, 0x00, 0x00, 
    0x1F, 0x80, 0x00, 0x00, 
    0x1F, 0x80, 0x00, 0x00, 
    0x1F, 0x80, 0x00, 0x00, 
    0x1F, 0x80, 0x00, 0x00, 
    0x1F, 0x80, 0x00, 0x00, 
    0x1F, 0x80, 0x00, 0x00, 
    0x1F, 0x80, 0x00, 0x00, 
    0x1F, 0x80, 0x00, 0x00, 
    0x1F, 0x80, 0x00, 0x00, 
    0x1F, 0x80, 0x00, 0x00, 
    0x1F, 0x80, 0x00, 0x00, 
    0x1F, 0x80, 0x00, 0x00, 
    0x1F, 0x80, 0x00, 0x00, 
    0x1F, 0x80, 0x00, 0x00, 
    0x1F, 0x80, 0x00, 0x00, 
    0x00, 0x00, 0x00, 0x00, 
    // '2' (ASCII 50)
    0x00, 0x00, 0x00, 0x00, 
    0x00, 0x00, 0x00, 0x00, 
    0xFF, 0xF0, 0x00, 0x00, 
    0xFF, 0xF0, 0x00, 0x00, 
    0xFF, 0xF0, 0x00, 0x00, 
    0x00, 0x7E, 0x00, 0x00, 
    0x00, 0x7E, 0x00, 0x00, 
    0x00, 0x7E, 0x00, 0x00, 
    0x00, 0x7E, 0x00, 0x00, 
    0x00, 0x7E, 0x00, 0x00, 
    0x00, 0x7E, 0x00, 0x00, 
    0x1F, 0xF0, 0x00, 0x00, 
    0x1F, 0xF0, 0x00, 0x00, 
    0x1F, 0xF0, 0x00, 0x00, 
    0xFC, 0x00, 0x00, 0x00, 
    0xFC, 0x00, 0x00, 0x00, 
    0xFC, 0x00, 0x00, 0x00, 
    0xFC, 0x00, 0x00, 0x00, 
    0xFC, 0x00, 0x00, 0x00, 
    0xFC, 0x00, 0x00, 0x00, 
    0xFF, 0xFE, 0x00, 0x00, 
    0xFF, 0xFE, 0x00, 0x00, 
    0xFF, 0xFE, 0x00, 0x00, 
    0x00, 0x00, 0x00, 0x00, 
    // '3' (ASCII 51)
    0x00, 0x00, 0x00, 0x00, 
    0x00, 0x00, 0x00, 0x00, 
    0xFF, 0xF0, 0x00, 0x00, 
    0xFF, 0xF0, 0x00, 0x00, 
    0xFF, 0xF0, 0x00, 0x00, 
    0x00, 0x7E, 0x00, 0x00, 
    0x00, 0x7E, 0x00, 0x00, 
    0x00, 0x7E, 0x00, 0x00, 
    0x00, 0x7E, 0x00, 0x00, 
    0x00, 0x7E, 0x00, 0x00, 
    0x00, 0x7E, 0x00, 0x00, 
    0x1F, 0xF0, 0x00, 0x00, 
    0x1F, 0xF0, 0x00, 0x00, 
    0x1F, 0xF0, 0x00, 0x00, 
    0x00, 0x7E, 0x00, 0x00, 
    0x00, 0x7E, 0x00, 0x00, 
    0x00, 0x7E, 0x00, 0x00, 
    0x00, 0x7E, 0x00, 0x00, 
    0x00, 0x7E, 0x00, 0x00, 
    0x00, 0x7E, 0x00, 0x00, 
    0xFF, 0xF0, 0x00, 0x00, 
    0xFF, 0xF0, 0x00, 0x00, 
    0xFF, 0xF0, 0x00, 0x00, 
    0x00, 0x00, 0x00, 0x00, 
    // '4' (ASCII 52)
    0x00, 0x00, 0x00, 0x00, 
    0x00, 0x00, 0x00, 0x00, 
    0x00, 0x7E, 0x00, 0x00, 
    0x00, 0x7E, 0x00, 0x00, 
    0x00, 0x7E, 0x00, 0x00, 
    0x03, 0xFE, 0x00, 0x00, 
    0x03, 0xFE, 0x00, 0x00, 
    0x03, 0xFE, 0x00, 0x00, 
    0x1C, 0x7E, 0x00, 0x00, 
    0x1C, 0x7E, 0x00, 0x00, 
    0x1C, 0x7E, 0x00, 0x00, 
    0xE0, 0x7E, 0x00, 0x00, 
    0xE0, 0x7E, 0x00, 0x00, 
    0xE0, 0x7E, 0x00, 0x00, 
    0xFF, 0xFE, 0x00, 0x00, 
    0xFF, 0xFE, 0x00, 0x00, 
    0xFF, 0xFE, 0x00, 0x00, 
    0x00, 0x7E, 0x00, 0x00, 
    0x00, 0x7E, 0x00, 0x00, 
    0x00, 0x7E, 0x00, 0x00, 
    0x00, 0x7E, 0x00, 0x00, 
    0x00, 0x7E, 0x00, 0x00, 
    0x00, 0x7E, 0x00, 0x00, 
    0x00, 0x00, 0x00, 0x00, 
    // '5' (ASCII 53)
    0x00, 0x00, 0x00, 0x00, 
    0x00, 0x00, 0x00, 0x00, 
    0xFF, 0xF0, 0x00, 0x00, 
    0xFF, 0xF0, 0x00, 0x00, 
    0xFF, 0xF0, 0x00, 0x00, 
    0xE0, 0x00, 0x00, 0x00, 
    0xE0, 0x00, 0x00, 0x00, 
    0xE0, 0x00, 0x00, 0x00, 
    0xFF, 0xF0, 0x00, 0x00, 
    0xFF, 0xF0, 0x00, 0x00, 
    0xFF, 0xF0, 0x00, 0x00, 
    0x00, 0x7E, 0x00, 0x00, 
    0x00, 0x7E, 0x00, 0x00, 
    0x00, 0x7E, 0x00, 0x00, 
    0x00, 0x7E, 0x00, 0x00, 
    0x00, 0x7E, 0x00, 0x00, 
    0x00, 0x7E, 0x00, 0x00, 
    0x00, 0x7E, 0x00, 0x00, 
    0x00, 0x7E, 0x00, 0x00, 
    0x00, 0x7E, 0x00, 0x00, 
    0xFF, 0xF0, 0x00, 0x00, 
    0xFF, 0xF0, 0x00, 0x00, 
    0xFF, 0xF0, 0x00, 0x00, 
    0x00, 0x00, 0x00, 0x00, 
    // '6' (ASCII 54)
    0x00, 0x00, 0x00, 0x00, 
    0x00, 0x00, 0x00, 0x00, 
    0x1F, 0xF0, 0x00, 0x00, 
    0x1F, 0xF0, 0x00, 0x00, 
    0x1F, 0xF0, 0x00, 0x00, 
    0xFC, 0x00, 0x00, 0x00, 
    0xFC, 0x00, 0x00, 0x00, 
    0xFC, 0x00, 0x00, 0x00, 
    0xFF, 0xF0, 0x00, 0x00, 
    0xFF, 0xF0, 0x00, 0x00, 
    0xFF, 0xF0, 0x00, 0x00, 
    0xFC, 0x7E, 0x00, 0x00, 
    0xFC, 0x7E, 0x00, 0x00, 
    0xFC, 0x7E, 0x00, 0x00, 
    0xFC, 0x7E, 0x00, 0x00, 
    0xFC, 0x7E, 0x00, 0x00, 
    0xFC, 0x7E, 0x00, 0x00, 
    0xFC, 0x7E, 0x00, 0x00, 
    0xFC, 0x7E, 0x00, 0x00, 
    0xFC, 0x7E, 0x00, 0x00, 
    0x1F, 0xF0, 0x00, 0x00, 
    0x1F, 0xF0, 0x00, 0x00, 
    0x1F, 0xF0, 0x00, 0x00, 
    0x00, 0x00, 0x00, 0x00, 
    // '7' (ASCII 55)
    0x00, 0x00, 0x00, 0x00, 
    0x00, 0x00, 0x00, 0x00, 
    0xFF, 0xFE, 0x00, 0x00, 
    0xFF, 0xFE, 0x00, 0x00, 
    0xFF, 0xFE, 0x00, 0x00, 
    0x00, 0x7E, 0x00, 0x00, 
    0x00, 0x7E, 0x00, 0x00, 
    0x00, 0x7E, 0x00, 0x00, 
    0x03, 0xF0, 0x00, 0x00, 
    0x03, 0xF0, 0x00, 0x00, 
    0x03, 0xF0, 0x00, 0x00, 
    0x03, 0xF0, 0x00, 0x00, 
    0x03, 0xF0, 0x00, 0x00, 
    0x03, 0xF0, 0x00, 0x00, 
    0x1F, 0x80, 0x00, 0x00, 
    0x1F, 0x80, 0x00, 0x00, 
    0x1F, 0x80, 0x00, 0x00, 
    0x1F, 0x80, 0x00, 0x00, 
    0x1F, 0x80, 0x00, 0x00, 
    0x1F, 0x80, 0x00, 0x00, 
    0x1F, 0x80, 0x00, 0x00, 
    0x1F, 0x80, 0x00, 0x00, 
    0x1F, 0x80, 0x00, 0x00, 
    0x00, 0x00, 0x00, 0x00, 
    // '8' (ASCII 56)
    0x00, 0x00, 0x00, 0x00, 
    0x00, 0x00, 0x00, 0x00, 
    0x1F, 0xF0, 0x00, 0x00, 
    0x1F, 0xF0, 0x00, 0x00, 
    0x1F, 0xF0, 0x00, 0x00, 
    0xFC, 0x7E, 0x00, 0x00, 
    0xFC, 0x7E, 0x00, 0x00, 
    0xFC, 0x7E, 0x00, 0x00, 
    0xFC, 0x7E, 0x00, 0x00, 
    0xFC, 0x7E, 0x00, 0x00, 
    0xFC, 0x7E, 0x00, 0x00, 
    0x1F, 0xF0, 0x00, 0x00, 
    0x1F, 0xF0, 0x00, 0x00, 
    0x1F, 0xF0, 0x00, 0x00, 
    0xFC, 0x7E, 0x00, 0x00, 
    0xFC, 0x7E, 0x00, 0x00, 
    0xFC, 0x7E, 0x00, 0x00, 
    0xFC, 0x7E, 0x00, 0x00, 
    0xFC, 0x7E, 0x00, 0x00, 
    0xFC, 0x7E, 0x00, 0x00, 
    0x1F, 0xF0, 0x00, 0x00, 
    0x1F, 0xF0, 0x00, 0x00, 
    0x1F, 0xF0, 0x00, 0x00, 
    0x00, 0x00, 0x00, 0x00, 
    // '9' (ASCII 57)
    0x00, 0x00, 0x00, 0x00, 
    0x00, 0x00, 0x00, 0x00, 
    0x1F, 0xF0, 0x00, 0x00, 
    0x1F, 0xF0, 0x00, 0x00, 
    0x1F, 0xF0, 0x00, 0x00, 
    0xFC, 0x7E, 0x00, 0x00, 
    0xFC, 0x7E, 0x00, 0x00, 
    0xFC, 0x7E, 0x00, 0x00, 
    0xFC, 0x7E, 0x00, 0x00, 
    0xFC, 0x7E, 0x00, 0x00, 
    0xFC, 0x7E, 0x00, 0x00, 
    0xFC, 0x7E, 0x00, 0x00, 
    0xFC, 0x7E, 0x00, 0x00, 
    0xFC, 0x7E, 0x00, 0x00, 
    0x1F, 0xFE, 0x00, 0x00, 
    0x1F, 0xFE, 0x00, 0x00, 
    0x1F, 0xFE, 0x00, 0x00, 
    0x00, 0x7E, 0x00, 0x00, 
    0x00, 0x7E, 0x00, 0x00, 
    0x00, 0x7E, 0x00, 0x00, 
    0x1F, 0xF0, 0x00, 0x00, 
    0x1F, 0xF0, 0x00, 0x00, 
    0x1F, 0xF0, 0x00, 0x00, 
    0x00, 0x00, 0x00, 0x00, 
    // ':' (ASCII 58)
    0x00, 0x00, 0x00, 0x00, 
    0x00, 0x00, 0x00, 0x00, 
    0x00, 0x00, 0x00, 0x00, 
    0x00, 0x00, 0x00, 0x00, 
    0x00, 0x00, 0x00, 0x00, 
    0x00, 0x00, 0x00, 0x00, 
    0x00, 0x00, 0x00, 0x00, 
    0x00, 0x00, 0x00, 0x00, 
    0xFC, 0x00, 0x00, 0x00, 
    0xFC, 0x00, 0x00, 0x00, 
    0xFC, 0x00, 0x00, 0x00, 
    0xFC, 0x00, 0x00, 0x00, 
    0xFC, 0x00, 0x00, 0x00, 
    0xFC, 0x00, 0x00, 0x00, 
    0x00, 0x00, 0x00, 0x00, 
    0x00, 0x00, 0x00, 0x00, 
    0x00, 0x00, 0x00, 0x00, 
    0xFC, 0x00, 0x00, 0x00, 
    0xFC, 0x00, 0x00, 0x00, 
    0xFC, 0x00, 0x00, 0x00, 
    0xFC, 0x00, 0x00, 0x00, 
    0xFC, 0x00, 0x00, 0x00, 
    0xFC, 0x00, 0x00, 0x00, 
    0x00, 0x00, 0x00, 0x00, 
    // ';' (ASCII 59)
    0x00, 0x00, 0x00, 0x00, 
    0x00, 0x00, 0x00, 0x00, 
    0x00, 0x00, 0x00, 0x00, 
    0x00, 0x00, 0x00, 0x00, 
    0x00, 0x00, 0x00, 0x00, 
    0x00, 0x00, 0x00, 0x00, 
    0x00, 0x00, 0x00, 0x00, 
    0x00, 0x00, 0x00, 0x00, 
    0xFC, 0x00, 0x00, 0x00, 
    0xFC, 0x00, 0x00, 0x00, 
    0xFC, 0x00, 0x00, 0x00, 
    0xFC, 0x00, 0x00, 0x00, 
    0xFC, 0x00, 0x00, 0x00, 
    0xFC, 0x00, 0x00, 0x00, 
    0x00, 0x00, 0x00, 0x00, 
    0x00, 0x00, 0x00, 0x00, 
    0x00, 0x00, 0x00, 0x00, 
    0x1C, 0x00, 0x00, 0x00, 
    0x1C, 0x00, 0x00, 0x00, 
    0x1C, 0x00, 0x00, 0x00, 
    0xFC, 0x00, 0x00, 0x00, 
    0xFC, 0x00, 0x00, 0x00, 
    0xFC, 0x00, 0x00, 0x00, 
    0xE0, 0x00, 0x00, 0x00, 
    // '<' (ASCII 60)
    0x00, 0x00, 0x00, 0x00, 
    0x00, 0x00, 0x00, 0x00, 
    0x00, 0x70, 0x00, 0x00, 
    0x00, 0x70, 0x00, 0x00, 
    0x00, 0x70, 0x00, 0x00, 
    0x03, 0xF0, 0x00, 0x00, 
    0x03, 0xF0, 0x00, 0x00, 
    0x03, 0xF0, 0x00, 0x00, 
    0x1F, 0x80, 0x00, 0x00, 
    0x1F, 0x80, 0x00, 0x00, 
    0x1F, 0x80, 0x00, 0x00, 
    0xFC, 0x00, 0x00, 0x00, 
    0xFC, 0x00, 0x00, 0x00, 
    0xFC, 0x00, 0x00, 0x00, 
    0x1F, 0x80, 0x00, 0x00, 
    0x1F, 0x80, 0x00, 0x00, 
    0x1F, 0x80, 0x00, 0x00, 
    0x03, 0xF0, 0x00, 0x00, 
    0x03, 0xF0, 0x00, 0x00, 
    0x03, 0xF0, 0x00, 0x00, 
    0x00, 0x70, 0x00, 0x00, 
    0x00, 0x70, 0x00, 0x00, 
    0x00, 0x70, 0x00, 0x00, 
    0x00, 0x00, 0x00, 0x00, 
    // '=' (ASCII 61)
    0x00, 0x00, 0x00, 0x00, 
    0x00, 0x00, 0x00, 0x00, 
    0x00, 0x00, 0x00, 0x00, 
    0x00, 0x00, 0x00, 0x00, 
    0x00, 0x00, 0x00, 0x00, 
    0x00, 0x00, 0x00, 0x00, 
    0x00, 0x00, 0x00, 0x00, 
    0x00, 0x00, 0x00, 0x00, 
    0x00, 0x00, 0x00, 0x00, 
    0x00, 0x00, 0x00, 0x00, 
    0x00, 0x00, 0x00, 0x00, 
    0xFF, 0xF0, 0x00, 0x00, 
    0xFF, 0xF0, 0x00, 0x00, 
    0xFF, 0xF0, 0x00, 0x00, 
    0x00, 0x00, 0x00, 0x00, 
    0x00, 0x00, 0x00, 0x00, 
    0x00, 0x00, 0x00, 0x00, 
    0xFF, 0xF0, 0x00, 0x00, 
    0xFF, 0xF0, 0x00, 0x00, 
    0xFF, 0xF0, 0x00, 0x00, 
    0x00, 0x00, 0x00, 0x00, 
    0x00, 0x00, 0x00, 0x00, 
    0x00, 0x00, 0x00, 0x00, 
    0x00, 0x00, 0x00, 0x00, 
    // '>' (ASCII 62)
    0x00, 0x00, 0x00, 0x00, 
    0x00, 0x00, 0x00, 0x00, 
    0xE0, 0x00, 0x00, 0x00, 
    0xE0, 0x00, 0x00, 0x00, 
    0xE0, 0x00, 0x00, 0x00, 
    0xFC, 0x00, 0x00, 0x00, 
    0xFC, 0x00, 0x00, 0x00, 
    0xFC, 0x00, 0x00, 0x00, 
    0x1F, 0x80, 0x00, 0x00, 
    0x1F, 0x80, 0x00, 0x00, 
    0x1F, 0x80, 0x00, 0x00, 
    0x03, 0xF0, 0x00, 0x00, 
    0x03, 0xF0, 0x00, 0x00, 
    0x03, 0xF0, 0x00, 0x00, 
    0x1F, 0x80, 0x00, 0x00, 
    0x1F, 0x80, 0x00, 0x00, 
    0x1F, 0x80, 0x00, 0x00, 
    0xFC, 0x00, 0x00, 0x00, 
    0xFC, 0x00, 0x00, 0x00, 
    0xFC, 0x00, 0x00, 0x00, 
    0xE0, 0x00, 0x00, 0x00, 
    0xE0, 0x00, 0x00, 0x00, 
    0xE0, 0x00, 0x00, 0x00, 
    0x00, 0x00, 0x00, 0x00, 
    // '?' (ASCII 63)
    0x00, 0x00, 0x00, 0x00, 
    0x00, 0x00, 0x00, 0x00, 
    0xFF, 0xF0, 0x00, 0x00, 
    0xFF, 0xF0, 0x00, 0x00, 
    0xFF, 0xF0, 0x00, 0x00, 
    0x00, 0x7E, 0x00, 0x00, 
    0x00, 0x7E, 0x00, 0x00, 
    0x00, 0x7E, 0x00, 0x00, 
    0x03, 0xF0, 0x00, 0x00, 
    0x03, 0xF0, 0x00, 0x00, 
    0x03, 0xF0, 0x00, 0x00, 
    0x1F, 0x80, 0x00, 0x00, 
    0x1F, 0x80, 0x00, 0x00, 
    0x1F, 0x80, 0x00, 0x00, 
    0x1F, 0x80, 0x00, 0x00, 
    0x1F, 0x80, 0x00, 0x00, 
    0x1F, 0x80, 0x00, 0x00, 
    0x00, 0x00, 0x00, 0x00, 
    0x00, 0x00, 0x00, 0x00, 
    0x00, 0x00, 0x00, 0x00, 
    0x1F, 0x80, 0x00, 0x00, 
    0x1F, 0x80, 0x00, 0x00, 
    0x1F, 0x80, 0x00, 0x00, 
    0x00, 0x00, 0x00, 0x00, 
    // '@' (ASCII 64)
    0x00, 0x00, 0x00, 0x00, 
    0x00, 0x00, 0x00, 0x00, 
    0x00, 0x00, 0x00, 0x00, 
    0x00, 0x00, 0x00, 0x00, 
    0x00, 0x00, 0x00, 0x00, 
    0x1F, 0xFE, 0x00, 0x00, 
    0x1F, 0xFE, 0x00, 0x00, 
    0x1F, 0xFE, 0x00, 0x00, 
    0xFC, 0x0F, 0xC0, 0x00, 
    0xFC, 0x0F, 0xC0, 0x00, 
    0xFC, 0x0F, 0xC0, 0x00, 
    0xFF, 0xFF, 0xC0, 0x00, 
    0xFF, 0xFF, 0xC0, 0x00, 
    0xFF, 0xFF, 0xC0, 0x00, 
    0xFC, 0x7F, 0xC0, 0x00, 
    0xFC, 0x7F, 0xC0, 0x00, 
    0xFC, 0x7F, 0xC0, 0x00, 
    0xFF, 0xFF, 0xC0, 0x00, 
    0xFF, 0xFF, 0xC0, 0x00, 
    0xFF, 0xFF, 0xC0, 0x00, 
    0xFC, 0x00, 0x00, 0x00, 
    0xFC, 0x00, 0x00, 0x00, 
    0xFC, 0x00, 0x00, 0x00, 
    0x1F, 0xFE, 0x00, 0x00, 
    // 'A' (ASCII 65)
    0x00, 0x00, 0x00, 0x00, 
    0x00, 0x00, 0x00, 0x00, 
    0x1F, 0xF0, 0x00, 0x00, 
    0x1F, 0xF0, 0x00, 0x00, 
    0x1F, 0xF0, 0x00, 0x00, 
    0xFC, 0x7E, 0x00, 0x00, 
    0xFC, 0x7E, 0x00, 0x00, 
    0xFC, 0x7E, 0x00, 0x00, 
    0xFC, 0x7E, 0x00, 0x00, 
    0xFC, 0x7E, 0x00, 0x00, 
    0xFC, 0x7E, 0x00, 0x00, 
    0xFC, 0x7E, 0x00, 0x00, 
    0xFC, 0x7E, 0x00, 0x00, 
    0xFC, 0x7E, 0x00, 0x00, 
    0xFF, 0xFE, 0x00, 0x00, 
    0xFF, 0xFE, 0x00, 0x00, 
    0xFF, 0xFE, 0x00, 0x00, 
    0xFC, 0x7E, 0x00, 0x00, 
    0xFC, 0x7E, 0x00, 0x00, 
    0xFC, 0x7E, 0x00, 0x00, 
    0xFC, 0x7E, 0x00, 0x00, 
    0xFC, 0x7E, 0x00, 0x00, 
    0xFC, 0x7E, 0x00, 0x00, 
    0x00, 0x00, 0x00, 0x00, 
    // 'B' (ASCII 66)
    0x00, 0x00, 0x00, 0x00, 
    0x00, 0x00, 0x00, 0x00, 
    0xFF, 0xF0, 0x00, 0x00, 
    0xFF, 0xF0, 0x00, 0x00, 
    0xFF, 0xF0, 0x00, 0x00, 
    0xFC, 0x7E, 0x00, 0x00, 
    0xFC, 0x7E, 0x00, 0x00, 
    0xFC, 0x7E, 0x00, 0x00, 
    0xFF, 0xF0, 0x00, 0x00, 
    0xFF, 0xF0, 0x00, 0x00, 
    0xFF, 0xF0, 0x00, 0x00, 
    0xFC, 0x7E, 0x00, 0x00, 
    0xFC, 0x7E, 0x00, 0x00, 
    0xFC, 0x7E, 0x00, 0x00, 
    0xFC, 0x7E, 0x00, 0x00, 
    0xFC, 0x7E, 0x00, 0x00, 
    0xFC, 0x7E, 0x00, 0x00, 
    0xFC, 0x7E, 0x00, 0x00, 
    0xFC, 0x7E, 0x00, 0x00, 
    0xFC, 0x7E, 0x00, 0x00, 
    0xFF, 0xF0, 0x00, 0x00, 
    0xFF, 0xF0, 0x00, 0x00, 
    0xFF, 0xF0, 0x00, 0x00, 
    0x00, 0x00, 0x00, 0x00, 
    // 'C' (ASCII 67)
    0x00, 0x00, 0x00, 0x00, 
    0x00, 0x00, 0x00, 0x00, 
    0x1F, 0xFE, 0x00, 0x00, 
    0x1F, 0xFE, 0x00, 0x00, 
    0x1F, 0xFE, 0x00, 0x00, 
    0xFC, 0x00, 0x00, 0x00, 
    0xFC, 0x00, 0x00, 0x00, 
    0xFC, 0x00, 0x00, 0x00, 
    0xFC, 0x00, 0x00, 0x00, 
    0xFC, 0x00, 0x00, 0x00, 
    0xFC, 0x00, 0x00, 0x00, 
    0xFC, 0x00, 0x00, 0x00, 
    0xFC, 0x00, 0x00, 0x00, 
    0xFC, 0x00, 0x00, 0x00, 
    0xFC, 0x00, 0x00, 0x00, 
    0xFC, 0x00, 0x00, 0x00, 
    0xFC, 0x00, 0x00, 0x00, 
    0xFC, 0x00, 0x00, 0x00, 
    0xFC, 0x00, 0x00, 0x00, 
    0xFC, 0x00, 0x00, 0x00, 
    0x1F, 0xFE, 0x00, 0x00, 
    0x1F, 0xFE, 0x00, 0x00, 
    0x1F, 0xFE, 0x00, 0x00, 
    0x00, 0x00, 0x00, 0x00, 
    // 'D' (ASCII 68)
    0x00, 0x00, 0x00, 0x00, 
    0x00, 0x00, 0x00, 0x00, 
    0xFF, 0xF0, 0x00, 0x00, 
    0xFF, 0xF0, 0x00, 0x00, 
    0xFF, 0xF0, 0x00, 0x00, 
    0xFC, 0x7E, 0x00, 0x00, 
    0xFC, 0x7E, 0x00, 0x00, 
    0xFC, 0x7E, 0x00, 0x00, 
    0xFC, 0x7E, 0x00, 0x00, 
    0xFC, 0x7E, 0x00, 0x00, 
    0xFC, 0x7E, 0x00, 0x00, 
    0xFC, 0x7E, 0x00, 0x00, 
    0xFC, 0x7E, 0x00, 0x00, 
    0xFC, 0x7E, 0x00, 0x00, 
    0xFC, 0x7E, 0x00, 0x00, 
    0xFC, 0x7E, 0x00, 0x00, 
    0xFC, 0x7E, 0x00, 0x00, 
    0xFC, 0x7E, 0x00, 0x00, 
    0xFC, 0x7E, 0x00, 0x00, 
    0xFC, 0x7E, 0x00, 0x00, 
    0xFF, 0xF0, 0x00, 0x00, 
    0xFF, 0xF0, 0x00, 0x00, 
    0xFF, 0xF0, 0x00, 0x00, 
    0x00, 0x00, 0x00, 0x00, 
    // 'E' (ASCII 69)
    0x00, 0x00, 0x00, 0x00, 
    0x00, 0x00, 0x00, 0x00, 
    0xFF, 0xFE, 0x00, 0x00, 
    0xFF, 0xFE, 0x00, 0x00, 
    0xFF, 0xFE, 0x00, 0x00, 
    0xFC, 0x00, 0x00, 0x00, 
    0xFC, 0x00, 0x00, 0x00, 
    0xFC, 0x00, 0x00, 0x00, 
    0xFF, 0xF0, 0x00, 0x00, 
    0xFF, 0xF0, 0x00, 0x00, 
    0xFF, 0xF0, 0x00, 0x00, 
    0xFC, 0x00, 0x00, 0x00, 
    0xFC, 0x00, 0x00, 0x00, 
    0xFC, 0x00, 0x00, 0x00, 
    0xFC, 0x00, 0x00, 0x00, 
    0xFC, 0x00, 0x00, 0x00, 
    0xFC, 0x00, 0x00, 0x00, 
    0xFC, 0x00, 0x00, 0x00, 
    0xFC, 0x00, 0x00, 0x00, 
    0xFC, 0x00, 0x00, 0x00, 
    0xFF, 0xFE, 0x00, 0x00, 
    0xFF, 0xFE, 0x00, 0x00, 
    0xFF, 0xFE, 0x00, 0x00, 
    0x00, 0x00, 0x00, 0x00, 
    // 'F' (ASCII 70)
    0x00, 0x00, 0x00, 0x00, 
    0x00, 0x00, 0x00, 0x00, 
    0xFF, 0xFE, 0x00, 0x00, 
    0xFF, 0xFE, 0x00, 0x00, 
    0xFF, 0xFE, 0x00, 0x00, 
    0xFC, 0x00, 0x00, 0x00, 
    0xFC, 0x00, 0x00, 0x00, 
    0xFC, 0x00, 0x00, 0x00, 
    0xFF, 0xF0, 0x00, 0x00, 
    0xFF, 0xF0, 0x00, 0x00, 
    0xFF, 0xF0, 0x00, 0x00, 
    0xFC, 0x00, 0x00, 0x00, 
    0xFC, 0x00, 0x00, 0x00, 
    0xFC, 0x00, 0x00, 0x00, 
    0xFC, 0x00, 0x00, 0x00, 
    0xFC, 0x00, 0x00, 0x00, 
    0xFC, 0x00, 0x00, 0x00, 
    0xFC, 0x00, 0x00, 0x00, 
    0xFC, 0x00, 0x00, 0x00, 
    0xFC, 0x00, 0x00, 0x00, 
    0xFC, 0x00, 0x00, 0x00, 
    0xFC, 0x00, 0x00, 0x00, 
    0xFC, 0x00, 0x00, 0x00, 
    0x00, 0x00, 0x00, 0x00, 
    // 'G' (ASCII 71)
    0x00, 0x00, 0x00, 0x00, 
    0x00, 0x00, 0x00, 0x00, 
    0x1F, 0xF0, 0x00, 0x00, 
    0x1F, 0xF0, 0x00, 0x00, 
    0x1F, 0xF0, 0x00, 0x00, 
    0xFC, 0x00, 0x00, 0x00, 
    0xFC, 0x00, 0x00, 0x00, 
    0xFC, 0x00, 0x00, 0x00, 
    0xFC, 0x00, 0x00, 0x00, 
    0xFC, 0x00, 0x00, 0x00, 
    0xFC, 0x00, 0x00, 0x00, 
    0xFC, 0x7E, 0x00, 0x00, 
    0xFC, 0x7E, 0x00, 0x00, 
    0xFC, 0x7E, 0x00, 0x00, 
    0xFC, 0x7E, 0x00, 0x00, 
    0xFC, 0x7E, 0x00, 0x00, 
    0xFC, 0x7E, 0x00, 0x00, 
    0xFC, 0x7E, 0x00, 0x00, 
    0xFC, 0x7E, 0x00, 0x00, 
    0xFC, 0x7E, 0x00, 0x00, 
    0x1F, 0xFE, 0x00, 0x00, 
    0x1F, 0xFE, 0x00, 0x00, 
    0x1F, 0xFE, 0x00, 0x00, 
    0x00, 0x00, 0x00, 0x00, 
    // 'H' (ASCII 72)
    0x00, 0x00, 0x00, 0x00, 
    0x00, 0x00, 0x00, 0x00, 
    0xFC, 0x7E, 0x00, 0x00, 
    0xFC, 0x7E, 0x00, 0x00, 
    0xFC, 0x7E, 0x00, 0x00, 
    0xFC, 0x7E, 0x00, 0x00, 
    0xFC, 0x7E, 0x00, 0x00, 
    0xFC, 0x7E, 0x00, 0x00, 
    0xFF, 0xFE, 0x00, 0x00, 
    0xFF, 0xFE, 0x00, 0x00, 
    0xFF, 0xFE, 0x00, 0x00, 
    0xFC, 0x7E, 0x00, 0x00, 
    0xFC, 0x7E, 0x00, 0x00, 
    0xFC, 0x7E, 0x00, 0x00, 
    0xFC, 0x7E, 0x00, 0x00, 
    0xFC, 0x7E, 0x00, 0x00, 
    0xFC, 0x7E, 0x00, 0x00, 
    0xFC, 0x7E, 0x00, 0x00, 
    0xFC, 0x7E, 0x00, 0x00, 
    0xFC, 0x7E, 0x00, 0x00, 
    0xFC, 0x7E, 0x00, 0x00, 
    0xFC, 0x7E, 0x00, 0x00, 
    0xFC, 0x7E, 0x00, 0x00, 
    0x00, 0x00, 0x00, 0x00, 
    // 'I' (ASCII 73)
    0x00, 0x00, 0x00, 0x00, 
    0x00, 0x00, 0x00, 0x00, 
    0xFC, 0x00, 0x00, 0x00, 
    0xFC, 0x00, 0x00, 0x00, 
    0xFC, 0x00, 0x00, 0x00, 
    0xFC, 0x00, 0x00, 0x00, 
    0xFC, 0x00, 0x00, 0x00, 
    0xFC, 0x00, 0x00, 0x00, 
    0xFC, 0x00, 0x00, 0x00, 
    0xFC, 0x00, 0x00, 0x00, 
    0xFC, 0x00, 0x00, 0x00, 
    0xFC, 0x00, 0x00, 0x00, 
    0xFC, 0x00, 0x00, 0x00, 
    0xFC, 0x00, 0x00, 0x00, 
    0xFC, 0x00, 0x00, 0x00, 
    0xFC, 0x00, 0x00, 0x00, 
    0xFC, 0x00, 0x00, 0x00, 
    0xFC, 0x00, 0x00, 0x00, 
    0xFC, 0x00, 0x00, 0x00, 
    0xFC, 0x00, 0x00, 0x00, 
    0xFC, 0x00, 0x00, 0x00, 
    0xFC, 0x00, 0x00, 0x00, 
    0xFC, 0x00, 0x00, 0x00, 
    0x00, 0x00, 0x00, 0x00, 
    // 'J' (ASCII 74)
    0x00, 0x00, 0x00, 0x00, 
    0x00, 0x00, 0x00, 0x00, 
    0x03, 0xF0, 0x00, 0x00, 
    0x03, 0xF0, 0x00, 0x00, 
    0x03, 0xF0, 0x00, 0x00, 
    0x03, 0xF0, 0x00, 0x00, 
    0x03, 0xF0, 0x00, 0x00, 
    0x03, 0xF0, 0x00, 0x00, 
    0x03, 0xF0, 0x00, 0x00, 
    0x03, 0xF0, 0x00, 0x00, 
    0x03, 0xF0, 0x00, 0x00, 
    0x03, 0xF0, 0x00, 0x00, 
    0x03, 0xF0, 0x00, 0x00, 
    0x03, 0xF0, 0x00, 0x00, 
    0x03, 0xF0, 0x00, 0x00, 
    0x03, 0xF0, 0x00, 0x00, 
    0x03, 0xF0, 0x00, 0x00, 
    0x03, 0xF0, 0x00, 0x00, 
    0x03, 0xF0, 0x00, 0x00, 
    0x03, 0xF0, 0x00, 0x00, 
    0xFF, 0x80, 0x00, 0x00, 
    0xFF, 0x80, 0x00, 0x00, 
    0xFF, 0x80, 0x00, 0x00, 
    0x00, 0x00, 0x00, 0x00, 
    // 'K' (ASCII 75)
    0x00, 0x00, 0x00, 0x00, 
    0x00, 0x00, 0x00, 0x00, 
    0xFC, 0x0F, 0xC0, 0x00, 
    0xFC, 0x0F, 0xC0, 0x00, 
    0xFC, 0x0F, 0xC0, 0x00, 
    0xFC, 0x7E, 0x00, 0x00, 
    0xFC, 0x7E, 0x00, 0x00, 
    0xFC, 0x7E, 0x00, 0x00, 
    0xFF, 0xF0, 0x00, 0x00, 
    0xFF, 0xF0, 0x00, 0x00, 
    0xFF, 0xF0, 0x00, 0x00, 
    0xFF, 0x80, 0x00, 0x00, 
    0xFF, 0x80, 0x00, 0x00, 
    0xFF, 0x80, 0x00, 0x00, 
    0xFF, 0xF0, 0x00, 0x00, 
    0xFF, 0xF0, 0x00, 0x00, 
    0xFF, 0xF0, 0x00, 0x00, 
    0xFC, 0x7E, 0x00, 0x00, 
    0xFC, 0x7E, 0x00, 0x00, 
    0xFC, 0x7E, 0x00, 0x00, 
    0xFC, 0x0F, 0xC0, 0x00, 
    0xFC, 0x0F, 0xC0, 0x00, 
    0xFC, 0x0F, 0xC0, 0x00, 
    0x00, 0x00, 0x00, 0x00, 
    // 'L' (ASCII 76)
    0x00, 0x00, 0x00, 0x00, 
    0x00, 0x00, 0x00, 0x00, 
    0xFC, 0x00, 0x00, 0x00, 
    0xFC, 0x00, 0x00, 0x00, 
    0xFC, 0x00, 0x00, 0x00, 
    0xFC, 0x00, 0x00, 0x00, 
    0xFC, 0x00, 0x00, 0x00, 
    0xFC, 0x00, 0x00, 0x00, 
    0xFC, 0x00, 0x00, 0x00, 
    0xFC, 0x00, 0x00, 0x00, 
    0xFC, 0x00, 0x00, 0x00, 
    0xFC, 0x00, 0x00, 0x00, 
    0xFC, 0x00, 0x00, 0x00, 
    0xFC, 0x00, 0x00, 0x00, 
    0xFC, 0x00, 0x00, 0x00, 
    0xFC, 0x00, 0x00, 0x00, 
    0xFC, 0x00, 0x00, 0x00, 
    0xFC, 0x00, 0x00, 0x00, 
    0xFC, 0x00, 0x00, 0x00, 
    0xFC, 0x00, 0x00, 0x00, 
    0xFF, 0xF0, 0x00, 0x00, 
    0xFF, 0xF0, 0x00, 0x00, 
    0xFF, 0xF0, 0x00, 0x00, 
    0x00, 0x00, 0x00, 0x00, 
    // 'M' (ASCII 77)
    0x00, 0x00, 0x00, 0x00, 
    0x00, 0x00, 0x00, 0x00, 
    0xE0, 0x00, 0x38, 0x00, 
    0xE0, 0x00, 0x38, 0x00, 
    0xE0, 0x00, 0x38, 0x00, 
    0xFC, 0x01, 0xF8, 0x00, 
    0xFC, 0x01, 0xF8, 0x00, 
    0xFC, 0x01, 0xF8, 0x00, 
    0xFF, 0x8F, 0xF8, 0x00, 
    0xFF, 0x8F, 0xF8, 0x00, 
    0xFF, 0x8F, 0xF8, 0x00, 
    0xFF, 0xFF, 0xF8, 0x00, 
    0xFF, 0xFF, 0xF8, 0x00, 
    0xFF, 0xFF, 0xF8, 0x00, 
    0xFC, 0x71, 0xF8, 0x00, 
    0xFC, 0x71, 0xF8, 0x00, 
    0xFC, 0x71, 0xF8, 0x00, 
    0xFC, 0x01, 0xF8, 0x00, 
    0xFC, 0x01, 0xF8, 0x00, 
    0xFC, 0x01, 0xF8, 0x00, 
    0xFC, 0x01, 0xF8, 0x00, 
    0xFC, 0x01, 0xF8, 0x00, 
    0xFC, 0x01, 0xF8, 0x00, 
    0x00, 0x00, 0x00, 0x00, 
    // 'N' (ASCII 78)
    0x00, 0x00, 0x00, 0x00, 
    0x00, 0x00, 0x00, 0x00, 
    0xE0, 0x0F, 0xC0, 0x00, 
    0xE0, 0x0F, 0xC0, 0x00, 
    0xE0, 0x0F, 0xC0, 0x00, 
    0xFC, 0x0F, 0xC0, 0x00, 
    0xFC, 0x0F, 0xC0, 0x00, 
    0xFC, 0x0F, 0xC0, 0x00, 
    0xFF, 0x8F, 0xC0, 0x00, 
    0xFF, 0x8F, 0xC0, 0x00, 
    0xFF, 0x8F, 0xC0, 0x00, 
    0xFF, 0xFF, 0xC0, 0x00, 
    0xFF, 0xFF, 0xC0, 0x00, 
    0xFF, 0xFF, 0xC0, 0x00, 
    0xFC, 0x7F, 0xC0, 0x00, 
    0xFC, 0x7F, 0xC0, 0x00, 
    0xFC, 0x7F, 0xC0, 0x00, 
    0xFC, 0x0F, 0xC0, 0x00, 
    0xFC, 0x0F, 0xC0, 0x00, 
    0xFC, 0x0F, 0xC0, 0x00, 
    0xFC, 0x01, 0xC0, 0x00, 
    0xFC, 0x01, 0xC0, 0x00, 
    0xFC, 0x01, 0xC0, 0x00, 
    0x00, 0x00, 0x00, 0x00, 
    // 'O' (ASCII 79)
    0x00, 0x00, 0x00, 0x00, 
    0x00, 0x00, 0x00, 0x00, 
    0x1F, 0xFE, 0x00, 0x00, 
    0x1F, 0xFE, 0x00, 0x00, 
    0x1F, 0xFE, 0x00, 0x00, 
    0xFC, 0x0F, 0xC0, 0x00, 
    0xFC, 0x0F, 0xC0, 0x00, 
    0xFC, 0x0F, 0xC0, 0x00, 
    0xFC, 0x0F, 0xC0, 0x00, 
    0xFC, 0x0F, 0xC0, 0x00, 
    0xFC, 0x0F, 0xC0, 0x00, 
    0xFC, 0x0F, 0xC0, 0x00, 
    0xFC, 0x0F, 0xC0, 0x00, 
    0xFC, 0x0F, 0xC0, 0x00, 
    0xFC, 0x0F, 0xC0, 0x00, 
    0xFC, 0x0F, 0xC0, 0x00, 
    0xFC, 0x0F, 0xC0, 0x00, 
    0xFC, 0x0F, 0xC0, 0x00, 
    0xFC, 0x0F, 0xC0, 0x00, 
    0xFC, 0x0F, 0xC0, 0x00, 
    0x1F, 0xFE, 0x00, 0x00, 
    0x1F, 0xFE, 0x00, 0x00, 
    0x1F, 0xFE, 0x00, 0x00, 
    0x00, 0x00, 0x00, 0x00, 
    // 'P' (ASCII 80)
    0x00, 0x00, 0x00, 0x00, 
    0x00, 0x00, 0x00, 0x00, 
    0xFF, 0xF0, 0x00, 0x00, 
    0xFF, 0xF0, 0x00, 0x00, 
    0xFF, 0xF0, 0x00, 0x00, 
    0xFC, 0x7E, 0x00, 0x00, 
    0xFC, 0x7E, 0x00, 0x00, 
    0xFC, 0x7E, 0x00, 0x00, 
    0xFC, 0x7E, 0x00, 0x00, 
    0xFC, 0x7E, 0x00, 0x00, 
    0xFC, 0x7E, 0x00, 0x00, 
    0xFC, 0x7E, 0x00, 0x00, 
    0xFC, 0x7E, 0x00, 0x00, 
    0xFC, 0x7E, 0x00, 0x00, 
    0xFF, 0xF0, 0x00, 0x00, 
    0xFF, 0xF0, 0x00, 0x00, 
    0xFF, 0xF0, 0x00, 0x00, 
    0xFC, 0x00, 0x00, 0x00, 
    0xFC, 0x00, 0x00, 0x00, 
    0xFC, 0x00, 0x00, 0x00, 
    0xFC, 0x00, 0x00, 0x00, 
    0xFC, 0x00, 0x00, 0x00, 
    0xFC, 0x00, 0x00, 0x00, 
    0x00, 0x00, 0x00, 0x00, 
    // 'Q' (ASCII 81)
    0x00, 0x00, 0x00, 0x00, 
    0x00, 0x00, 0x00, 0x00, 
    0x1F, 0xFE, 0x00, 0x00, 
    0x1F, 0xFE, 0x00, 0x00, 
    0x1F, 0xFE, 0x00, 0x00, 
    0xFC, 0x0F, 0xC0, 0x00, 
    0xFC, 0x0F, 0xC0, 0x00, 
    0xFC, 0x0F, 0xC0, 0x00, 
    0xFC, 0x0F, 0xC0, 0x00, 
    0xFC, 0x0F, 0xC0, 0x00, 
    0xFC, 0x0F, 0xC0, 0x00, 
    0xFC, 0x0F, 0xC0, 0x00, 
    0xFC, 0x0F, 0xC0, 0x00, 
    0xFC, 0x0F, 0xC0, 0x00, 
    0xFC, 0x0F, 0xC0, 0x00, 
    0xFC, 0x0F, 0xC0, 0x00, 
    0xFC, 0x0F, 0xC0, 0x00, 
    0xFC, 0x7F, 0xC0, 0x00, 
    0xFC, 0x7F, 0xC0, 0x00, 
    0xFC, 0x7F, 0xC0, 0x00, 
    0x1F, 0xFE, 0x00, 0x00, 
    0x1F, 0xFE, 0x00, 0x00, 
    0x1F, 0xFE, 0x00, 0x00, 
    0x00, 0x0F, 0xC0, 0x00, 
    // 'R' (ASCII 82)
    0x00, 0x00, 0x00, 0x00, 
    0x00, 0x00, 0x00, 0x00, 
    0xFF, 0xF0, 0x00, 0x00, 
    0xFF, 0xF0, 0x00, 0x00, 
    0xFF, 0xF0, 0x00, 0x00, 
    0xFC, 0x7E, 0x00, 0x00, 
    0xFC, 0x7E, 0x00, 0x00, 
    0xFC, 0x7E, 0x00, 0x00, 
    0xFC, 0x7E, 0x00, 0x00, 
    0xFC, 0x7E, 0x00, 0x00, 
    0xFC, 0x7E, 0x00, 0x00, 
    0xFC, 0x7E, 0x00, 0x00, 
    0xFC, 0x7E, 0x00, 0x00, 
    0xFC, 0x7E, 0x00, 0x00, 
    0xFF, 0xF0, 0x00, 0x00, 
    0xFF, 0xF0, 0x00, 0x00, 
    0xFF, 0xF0, 0x00, 0x00, 
    0xFC, 0x70, 0x00, 0x00, 
    0xFC, 0x70, 0x00, 0x00, 
    0xFC, 0x70, 0x00, 0x00, 
    0xFC, 0x7E, 0x00, 0x00, 
    0xFC, 0x7E, 0x00, 0x00, 
    0xFC, 0x7E, 0x00, 0x00, 
    0x00, 0x00, 0x00, 0x00, 
    // 'S' (ASCII 83)
    0x00, 0x00, 0x00, 0x00, 
    0x00, 0x00, 0x00, 0x00, 
    0x1F, 0xF0, 0x00, 0x00, 
    0x1F, 0xF0, 0x00, 0x00, 
    0x1F, 0xF0, 0x00, 0x00, 
    0xFC, 0x00, 0x00, 0x00, 
    0xFC, 0x00, 0x00, 0x00, 
    0xFC, 0x00, 0x00, 0x00, 
    0xFC, 0x00, 0x00, 0x00, 
    0xFC, 0x00, 0x00, 0x00, 
    0xFC, 0x00, 0x00, 0x00, 
    0x1F, 0x80, 0x00, 0x00, 
    0x1F, 0x80, 0x00, 0x00, 
    0x1F, 0x80, 0x00, 0x00, 
    0x03, 0xF0, 0x00, 0x00, 
    0x03, 0xF0, 0x00, 0x00, 
    0x03, 0xF0, 0x00, 0x00, 
    0x03, 0xF0, 0x00, 0x00, 
    0x03, 0xF0, 0x00, 0x00, 
    0x03, 0xF0, 0x00, 0x00, 
    0xFF, 0x80, 0x00, 0x00, 
    0xFF, 0x80, 0x00, 0x00, 
    0xFF, 0x80, 0x00, 0x00, 
    0x00, 0x00, 0x00, 0x00, 
    // 'T' (ASCII 84)
    0x00, 0x00, 0x00, 0x00, 
    0x00, 0x00, 0x00, 0x00, 
    0xFF, 0xFF, 0xC0, 0x00, 
    0xFF, 0xFF, 0xC0, 0x00, 
    0xFF, 0xFF, 0xC0, 0x00, 
    0x03, 0xF0, 0x00, 0x00, 
    0x03, 0xF0, 0x00, 0x00, 
    0x03, 0xF0, 0x00, 0x00, 
    0x03, 0xF0, 0x00, 0x00, 
    0x03, 0xF0, 0x00, 0x00, 
    0x03, 0xF0, 0x00, 0x00, 
    0x03, 0xF0, 0x00, 0x00, 
    0x03, 0xF0, 0x00, 0x00, 
    0x03, 0xF0, 0x00, 0x00, 
    0x03, 0xF0, 0x00, 0x00, 
    0x03, 0xF0, 0x00, 0x00, 
    0x03, 0xF0, 0x00, 0x00, 
    0x03, 0xF0, 0x00, 0x00, 
    0x03, 0xF0, 0x00, 0x00, 
    0x03, 0xF0, 0x00, 0x00, 
    0x03, 0xF0, 0x00, 0x00, 
    0x03, 0xF0, 0x00, 0x00, 
    0x03, 0xF0, 0x00, 0x00, 
    0x00, 0x00, 0x00, 0x00, 
    // 'U' (ASCII 85)
    0x00, 0x00, 0x00, 0x00, 
    0x00, 0x00, 0x00, 0x00, 
    0xFC, 0x7E, 0x00, 0x00, 
    0xFC, 0x7E, 0x00, 0x00, 
    0xFC, 0x7E, 0x00, 0x00, 
    0xFC, 0x7E, 0x00, 0x00, 
    0xFC, 0x7E, 0x00, 0x00, 
    0xFC, 0x7E, 0x00, 0x00, 
    0xFC, 0x7E, 0x00, 0x00, 
    0xFC, 0x7E, 0x00, 0x00, 
    0xFC, 0x7E, 0x00, 0x00, 
    0xFC, 0x7E, 0x00, 0x00, 
    0xFC, 0x7E, 0x00, 0x00, 
    0xFC, 0x7E, 0x00, 0x00, 
    0xFC, 0x7E, 0x00, 0x00, 
    0xFC, 0x7E, 0x00, 0x00, 
    0xFC, 0x7E, 0x00, 0x00, 
    0xFC, 0x7E, 0x00, 0x00, 
    0xFC, 0x7E, 0x00, 0x00, 
    0xFC, 0x7E, 0x00, 0x00, 
    0x1F, 0xF0, 0x00, 0x00, 
    0x1F, 0xF0, 0x00, 0x00, 
    0x1F, 0xF0, 0x00, 0x00, 
    0x00, 0x00, 0x00, 0x00, 
    // 'V' (ASCII 86)
    0x00, 0x00, 0x00, 0x00, 
    0x00, 0x00, 0x00, 0x00, 
    0xFC, 0x0F, 0xC0, 0x00, 
    0xFC, 0x0F, 0xC0, 0x00, 
    0xFC, 0x0F, 0xC0, 0x00, 
    0xFC, 0x0F, 0xC0, 0x00, 
    0xFC, 0x0F, 0xC0, 0x00, 
    0xFC, 0x0F, 0xC0, 0x00, 
    0xFC, 0x0F, 0xC0, 0x00, 
    0xFC, 0x0F, 0xC0, 0x00, 
    0xFC, 0x0F, 0xC0, 0x00, 
    0x1F, 0xFE, 0x00, 0x00, 
    0x1F, 0xFE, 0x00, 0x00, 
    0x1F, 0xFE, 0x00, 0x00, 
    0x1F, 0xFE, 0x00, 0x00, 
    0x1F, 0xFE, 0x00, 0x00, 
    0x1F, 0xFE, 0x00, 0x00, 
    0x03, 0xF0, 0x00, 0x00, 
    0x03, 0xF0, 0x00, 0x00, 
    0x03, 0xF0, 0x00, 0x00, 
    0x03, 0xF0, 0x00, 0x00, 
    0x03, 0xF0, 0x00, 0x00, 
    0x03, 0xF0, 0x00, 0x00, 
    0x00, 0x00, 0x00, 0x00, 
    // 'W' (ASCII 87)
    0x00, 0x00, 0x00, 0x00, 
    0x00, 0x00, 0x00, 0x00, 
    0xFC, 0x01, 0xF8, 0x00, 
    0xFC, 0x01, 0xF8, 0x00, 
    0xFC, 0x01, 0xF8, 0x00, 
    0xFC, 0x01, 0xF8, 0x00, 
    0xFC, 0x01, 0xF8, 0x00, 
    0xFC, 0x01, 0xF8, 0x00, 
    0xFC, 0x71, 0xF8, 0x00, 
    0xFC, 0x71, 0xF8, 0x00, 
    0xFC, 0x71, 0xF8, 0x00, 
    0xFF, 0xFF, 0xF8, 0x00, 
    0xFF, 0xFF, 0xF8, 0x00, 
    0xFF, 0xFF, 0xF8, 0x00, 
    0x1F, 0xFF, 0xC0, 0x00, 
    0x1F, 0xFF, 0xC0, 0x00, 
    0x1F, 0xFF, 0xC0, 0x00, 
    0x1F, 0xFF, 0xC0, 0x00, 
    0x1F, 0xFF, 0xC0, 0x00, 
    0x1F, 0xFF, 0xC0, 0x00, 
    0x1F, 0x8F, 0xC0, 0x00, 
    0x1F, 0x8F, 0xC0, 0x00, 
    0x1F, 0x8F, 0xC0, 0x00, 
    0x00, 0x00, 0x00, 0x00, 
    // 'X' (ASCII 88)
    0x00, 0x00, 0x00, 0x00, 
    0x00, 0x00, 0x00, 0x00, 
    0xFC, 0x0F, 0xC0, 0x00, 
    0xFC, 0x0F, 0xC0, 0x00, 
    0xFC, 0x0F, 0xC0, 0x00, 
    0xFC, 0x0F, 0xC0, 0x00, 
    0xFC, 0x0F, 0xC0, 0x00, 
    0xFC, 0x0F, 0xC0, 0x00, 
    0x1F, 0xFE, 0x00, 0x00, 
    0x1F, 0xFE, 0x00, 0x00, 
    0x1F, 0xFE, 0x00, 0x00, 
    0x03, 0xF0, 0x00, 0x00, 
    0x03, 0xF0, 0x00, 0x00, 
    0x03, 0xF0, 0x00, 0x00, 
    0x1F, 0xFE, 0x00, 0x00, 
    0x1F, 0xFE, 0x00, 0x00, 
    0x1F, 0xFE, 0x00, 0x00, 
    0xFC, 0x0F, 0xC0, 0x00, 
    0xFC, 0x0F, 0xC0, 0x00, 
    0xFC, 0x0F, 0xC0, 0x00, 
    0xFC, 0x0F, 0xC0, 0x00, 
    0xFC, 0x0F, 0xC0, 0x00, 
    0xFC, 0x0F, 0xC0, 0x00, 
    0x00, 0x00, 0x00, 0x00, 
    // 'Y' (ASCII 89)
    0x00, 0x00, 0x00, 0x00, 
    0x00, 0x00, 0x00, 0x00, 
    0xFC, 0x0F, 0xC0, 0x00, 
    0xFC, 0x0F, 0xC0, 0x00, 
    0xFC, 0x0F, 0xC0, 0x00, 
    0xFC, 0x0F, 0xC0, 0x00, 
    0xFC, 0x0F, 0xC0, 0x00, 
    0xFC, 0x0F, 0xC0, 0x00, 
    0x1F, 0xFE, 0x00, 0x00, 
    0x1F, 0xFE, 0x00, 0x00, 
    0x1F, 0xFE, 0x00, 0x00, 
    0x03, 0xF0, 0x00, 0x00, 
    0x03, 0xF0, 0x00, 0x00, 
    0x03, 0xF0, 0x00, 0x00, 
    0x03, 0xF0, 0x00, 0x00, 
    0x03, 0xF0, 0x00, 0x00, 
    0x03, 0xF0, 0x00, 0x00, 
    0x03, 0xF0, 0x00, 0x00, 
    0x03, 0xF0, 0x00, 0x00, 
    0x03, 0xF0, 0x00, 0x00, 
    0x03, 0xF0, 0x00, 0x00, 
    0x03, 0xF0, 0x00, 0x00, 
    0x03, 0xF0, 0x00, 0x00, 
    0x00, 0x00, 0x00, 0x00, 
    // 'Z' (ASCII 90)
    0x00, 0x00, 0x00, 0x00, 
    0x00, 0x00, 0x00, 0x00, 
    0xFF, 0xFE, 0x00, 0x00, 
    0xFF, 0xFE, 0x00, 0x00, 
    0xFF, 0xFE, 0x00, 0x00, 
    0x00, 0x7E, 0x00, 0x00, 
    0x00, 0x7E, 0x00, 0x00, 
    0x00, 0x7E, 0x00, 0x00, 
    0x03, 0xFE, 0x00, 0x00, 
    0x03, 0xFE, 0x00, 0x00, 
    0x03, 0xFE, 0x00, 0x00, 
    0x1F, 0xF0, 0x00, 0x00, 
    0x1F, 0xF0, 0x00, 0x00, 
    0x1F, 0xF0, 0x00, 0x00, 
    0xFF, 0x80, 0x00, 0x00, 
    0xFF, 0x80, 0x00, 0x00, 
    0xFF, 0x80, 0x00, 0x00, 
    0xFC, 0x00, 0x00, 0x00, 
    0xFC, 0x00, 0x00, 0x00, 
    0xFC, 0x00, 0x00, 0x00, 
    0xFF, 0xFE, 0x00, 0x00, 
    0xFF, 0xFE, 0x00, 0x00, 
    0xFF, 0xFE, 0x00, 0x00, 
    0x00, 0x00, 0x00, 0x00, 
    // '[' (ASCII 91)
    0x00, 0x00, 0x00, 0x00, 
    0x00, 0x00, 0x00, 0x00, 
    0xFF, 0x80, 0x00, 0x00, 
    0xFF, 0x80, 0x00, 0x00, 
    0xFF, 0x80, 0x00, 0x00, 
    0xFC, 0x00, 0x00, 0x00, 
    0xFC, 0x00, 0x00, 0x00, 
    0xFC, 0x00, 0x00, 0x00, 
    0xFC, 0x00, 0x00, 0x00, 
    0xFC, 0x00, 0x00, 0x00, 
    0xFC, 0x00, 0x00, 0x00, 
    0xFC, 0x00, 0x00, 0x00, 
    0xFC, 0x00, 0x00, 0x00, 
    0xFC, 0x00, 0x00, 0x00, 
    0xFC, 0x00, 0x00, 0x00, 
    0xFC, 0x00, 0x00, 0x00, 
    0xFC, 0x00, 0x00, 0x00, 
    0xFC, 0x00, 0x00, 0x00, 
    0xFC, 0x00, 0x00, 0x00, 
    0xFC, 0x00, 0x00, 0x00, 
    0xFC, 0x00, 0x00, 0x00, 
    0xFC, 0x00, 0x00, 0x00, 
    0xFC, 0x00, 0x00, 0x00, 
    0xFF, 0x80, 0x00, 0x00, 
    // '\' (ASCII 92)
    0x00, 0x00, 0x00, 0x00, 
    0x00, 0x00, 0x00, 0x00, 
    0xE0, 0x00, 0x00, 0x00, 
    0xE0, 0x00, 0x00, 0x00, 
    0xE0, 0x00, 0x00, 0x00, 
    0xE0, 0x00, 0x00, 0x00, 
    0xE0, 0x00, 0x00, 0x00, 
    0xE0, 0x00, 0x00, 0x00, 
    0xFC, 0x00, 0x00, 0x00, 
    0xFC, 0x00, 0x00, 0x00, 
    0xFC, 0x00, 0x00, 0x00, 
    0x1C, 0x00, 0x00, 0x00, 
    0x1C, 0x00, 0x00, 0x00, 
    0x1C, 0x00, 0x00, 0x00, 
    0x1F, 0x80, 0x00, 0x00, 
    0x1F, 0x80, 0x00, 0x00, 
    0x1F, 0x80, 0x00, 0x00, 
    0x03, 0x80, 0x00, 0x00, 
    0x03, 0x80, 0x00, 0x00, 
    0x03, 0x80, 0x00, 0x00, 
    0x03, 0x80, 0x00, 0x00, 
    0x03, 0x80, 0x00, 0x00, 
    0x03, 0x80, 0x00, 0x00, 
    0x00, 0x00, 0x00, 0x00, 
    // ']' (ASCII 93)
    0x00, 0x00, 0x00, 0x00, 
    0x00, 0x00, 0x00, 0x00, 
    0xFF, 0x80, 0x00, 0x00, 
    0xFF, 0x80, 0x00, 0x00, 
    0xFF, 0x80, 0x00, 0x00, 
    0x1F, 0x80, 0x00, 0x00, 
    0x1F, 0x80, 0x00, 0x00, 
    0x1F, 0x80, 0x00, 0x00, 
    0x1F, 0x80, 0x00, 0x00, 
    0x1F, 0x80, 0x00, 0x00, 
    0x1F, 0x80, 0x00, 0x00, 
    0x1F, 0x80, 0x00, 0x00, 
    0x1F, 0x80, 0x00, 0x00, 
    0x1F, 0x80, 0x00, 0x00, 
    0x1F, 0x80, 0x00, 0x00, 
    0x1F, 0x80, 0x00, 0x00, 
    0x1F, 0x80, 0x00, 0x00, 
    0x1F, 0x80, 0x00, 0x00, 
    0x1F, 0x80, 0x00, 0x00, 
    0x1F, 0x80, 0x00, 0x00, 
    0x1F, 0x80, 0x00, 0x00, 
    0x1F, 0x80, 0x00, 0x00, 
    0x1F, 0x80, 0x00, 0x00, 
    0xFF, 0x80, 0x00, 0x00, 
    // '^' (ASCII 94)
    0x00, 0x00, 0x00, 0x00, 
    0x00, 0x00, 0x00, 0x00, 
    0x1C, 0x00, 0x00, 0x00, 
    0x1C, 0x00, 0x00, 0x00, 
    0x1C, 0x00, 0x00, 0x00, 
    0xFF, 0x80, 0x00, 0x00, 
    0xFF, 0x80, 0x00, 0x00, 
    0xFF, 0x80, 0x00, 0x00, 
    0xE3, 0x80, 0x00, 0x00, 
    0xE3, 0x80, 0x00, 0x00, 
    0xE3, 0x80, 0x00, 0x00, 
    0x00, 0x00, 0x00, 0x00, 
    0x00, 0x00, 0x00, 0x00, 
    0x00, 0x00, 0x00, 0x00, 
    0x00, 0x00, 0x00, 0x00, 
    0x00, 0x00, 0x00, 0x00, 
    0x00, 0x00, 0x00, 0x00, 
    0x00, 0x00, 0x00, 0x00, 
    0x00, 0x00, 0x00, 0x00, 
    0x00, 0x00, 0x00, 0x00, 
    0x00, 0x00, 0x00, 0x00, 
    0x00, 0x00, 0x00, 0x00, 
    0x00, 0x00, 0x00, 0x00, 
    0x00, 0x00, 0x00, 0x00, 
    // '_' (ASCII 95)
    0x00, 0x00, 0x00, 0x00, 
    0x00, 0x00, 0x00, 0x00, 
    0x00, 0x00, 0x00, 0x00, 
    0x00, 0x00, 0x00, 0x00, 
    0x00, 0x00, 0x00, 0x00, 
    0x00, 0x00, 0x00, 0x00, 
    0x00, 0x00, 0x00, 0x00, 
    0x00, 0x00, 0x00, 0x00, 
    0x00, 0x00, 0x00, 0x00, 
    0x00, 0x00, 0x00, 0x00, 
    0x00, 0x00, 0x00, 0x00, 
    0x00, 0x00, 0x00, 0x00, 
    0x00, 0x00, 0x00, 0x00, 
    0x00, 0x00, 0x00, 0x00, 
    0x00, 0x00, 0x00, 0x00, 
    0x00, 0x00, 0x00, 0x00, 
    0x00, 0x00, 0x00, 0x00, 
    0x00, 0x00, 0x00, 0x00, 
    0x00, 0x00, 0x00, 0x00, 
    0x00, 0x00, 0x00, 0x00, 
    0xFF, 0xFF, 0xC0, 0x00, 
    0xFF, 0xFF, 0xC0, 0x00, 
    0xFF, 0xFF, 0xC0, 0x00, 
    0x00, 0x00, 0x00, 0x00, 
    // '`' (ASCII 96)
    0x00, 0x00, 0x00, 0x00, 
    0x00, 0x00, 0x00, 0x00, 
    0xE0, 0x00, 0x00, 0x00, 
    0xE0, 0x00, 0x00, 0x00, 
    0xE0, 0x00, 0x00, 0x00, 
    0x1C, 0x00, 0x00, 0x00, 
    0x1C, 0x00, 0x00, 0x00, 
    0x1C, 0x00, 0x00, 0x00, 
    0x00, 0x00, 0x00, 0x00, 
    0x00, 0x00, 0x00, 0x00, 
    0x00, 0x00, 0x00, 0x00, 
    0x00, 0x00, 0x00, 0x00, 
    0x00, 0x00, 0x00, 0x00, 
    0x00, 0x00, 0x00, 0x00, 
    0x00, 0x00, 0x00, 0x00, 
    0x00, 0x00, 0x00, 0x00, 
    0x00, 0x00, 0x00, 0x00, 
    0x00, 0x00, 0x00, 0x00, 
    0x00, 0x00, 0x00, 0x00, 
    0x00, 0x00, 0x00, 0x00, 
    0x00, 0x00, 0x00, 0x00, 
    0x00, 0x00, 0x00, 0x00, 
    0x00, 0x00, 0x00, 0x00, 
    0x00, 0x00, 0x00, 0x00, 
    // 'a' (ASCII 97)
    0x00, 0x00, 0x00, 0x00, 
    0x00, 0x00, 0x00, 0x00, 
    0x00, 0x00, 0x00, 0x00, 
    0x00, 0x00, 0x00, 0x00, 
    0x00, 0x00, 0x00, 0x00, 
    0x00, 0x00, 0x00, 0x00, 
    0x00, 0x00, 0x00, 0x00, 
    0x00, 0x00, 0x00, 0x00, 
    0x1F, 0xF0, 0x00, 0x00, 
    0x1F, 0xF0, 0x00, 0x00, 
    0x1F, 0xF0, 0x00, 0x00, 
    0x00, 0x7E, 0x00, 0x00, 
    0x00, 0x7E, 0x00, 0x00, 
    0x00, 0x7E, 0x00, 0x00, 
    0x1F, 0xFE, 0x00, 0x00, 
    0x1F, 0xFE, 0x00, 0x00, 
    0x1F, 0xFE, 0x00, 0x00, 
    0xFC, 0x7E, 0x00, 0x00, 
    0xFC, 0x7E, 0x00, 0x00, 
    0xFC, 0x7E, 0x00, 0x00, 
    0x1F, 0xFE, 0x00, 0x00, 
    0x1F, 0xFE, 0x00, 0x00, 
    0x1F, 0xFE, 0x00, 0x00, 
    0x00, 0x00, 0x00, 0x00, 
    // 'b' (ASCII 98)
    0x00, 0x00, 0x00, 0x00, 
    0x00, 0x00, 0x00, 0x00, 
    0xFC, 0x00, 0x00, 0x00, 
    0xFC, 0x00, 0x00, 0x00, 
    0xFC, 0x00, 0x00, 0x00, 
    0xFC, 0x00, 0x00, 0x00, 
    0xFC, 0x00, 0x00, 0x00, 
    0xFC, 0x00, 0x00, 0x00, 
    0xFF, 0xF0, 0x00, 0x00, 
    0xFF, 0xF0, 0x00, 0x00, 
    0xFF, 0xF0, 0x00, 0x00, 
    0xFC, 0x7E, 0x00, 0x00, 
    0xFC, 0x7E, 0x00, 0x00, 
    0xFC, 0x7E, 0x00, 0x00, 
    0xFC, 0x7E, 0x00, 0x00, 
    0xFC, 0x7E, 0x00, 0x00, 
    0xFC, 0x7E, 0x00, 0x00, 
    0xFC, 0x7E, 0x00, 0x00, 
    0xFC, 0x7E, 0x00, 0x00, 
    0xFC, 0x7E, 0x00, 0x00, 
    0xFF, 0xF0, 0x00, 0x00, 
    0xFF, 0xF0, 0x00, 0x00, 
    0xFF, 0xF0, 0x00, 0x00, 
    0x00, 0x00, 0x00, 0x00, 
    // 'c' (ASCII 99)
    0x00, 0x00, 0x00, 0x00, 
    0x00, 0x00, 0x00, 0x00, 
    0x00, 0x00, 0x00, 0x00, 
    0x00, 0x00, 0x00, 0x00, 
    0x00, 0x00, 0x00, 0x00, 
    0x00, 0x00, 0x00, 0x00, 
    0x00, 0x00, 0x00, 0x00, 
    0x00, 0x00, 0x00, 0x00, 
    0x1F, 0xF0, 0x00, 0x00, 
    0x1F, 0xF0, 0x00, 0x00, 
    0x1F, 0xF0, 0x00, 0x00, 
    0xFC, 0x00, 0x00, 0x00, 
    0xFC, 0x00, 0x00, 0x00, 
    0xFC, 0x00, 0x00, 0x00, 
    0xFC, 0x00, 0x00, 0x00, 
    0xFC, 0x00, 0x00, 0x00, 
    0xFC, 0x00, 0x00, 0x00, 
    0xFC, 0x00, 0x00, 0x00, 
    0xFC, 0x00, 0x00, 0x00, 
    0xFC, 0x00, 0x00, 0x00, 
    0x1F, 0xF0, 0x00, 0x00, 
    0x1F, 0xF0, 0x00, 0x00, 
    0x1F, 0xF0, 0x00, 0x00, 
    0x00, 0x00, 0x00, 0x00, 
    // 'd' (ASCII 100)
    0x00, 0x00, 0x00, 0x00, 
    0x00, 0x00, 0x00, 0x00, 
    0x00, 0x7E, 0x00, 0x00, 
    0x00, 0x7E, 0x00, 0x00, 
    0x00, 0x7E, 0x00, 0x00, 
    0x00, 0x7E, 0x00, 0x00, 
    0x00, 0x7E, 0x00, 0x00, 
    0x00, 0x7E, 0x00, 0x00, 
    0x1F, 0xFE, 0x00, 0x00, 
    0x1F, 0xFE, 0x00, 0x00, 
    0x1F, 0xFE, 0x00, 0x00, 
    0xFC, 0x7E, 0x00, 0x00, 
    0xFC, 0x7E, 0x00, 0x00, 
    0xFC, 0x7E, 0x00, 0x00, 
    0xFC, 0x7E, 0x00, 0x00, 
    0xFC, 0x7E, 0x00, 0x00, 
    0xFC, 0x7E, 0x00, 0x00, 
    0xFC, 0x7E, 0x00, 0x00, 
    0xFC, 0x7E, 0x00, 0x00, 
    0xFC, 0x7E, 0x00, 0x00, 
    0x1F, 0xFE, 0x00, 0x00, 
    0x1F, 0xFE, 0x00, 0x00, 
    0x1F, 0xFE, 0x00, 0x00, 
    0x00, 0x00, 0x00, 0x00, 
    // 'e' (ASCII 101)
    0x00, 0x00, 0x00, 0x00, 
    0x00, 0x00, 0x00, 0x00, 
    0x00, 0x00, 0x00, 0x00, 
    0x00, 0x00, 0x00, 0x00, 
    0x00, 0x00, 0x00, 0x00, 
    0x00, 0x00, 0x00, 0x00, 
    0x00, 0x00, 0x00, 0x00, 
    0x00, 0x00, 0x00, 0x00, 
    0x1F, 0xF0, 0x00, 0x00, 
    0x1F, 0xF0, 0x00, 0x00, 
    0x1F, 0xF0, 0x00, 0x00, 
    0xFC, 0x7E, 0x00, 0x00, 
    0xFC, 0x7E, 0x00, 0x00, 
    0xFC, 0x7E, 0x00, 0x00, 
    0xFF, 0xFE, 0x00, 0x00, 
    0xFF, 0xFE, 0x00, 0x00, 
    0xFF, 0xFE, 0x00, 0x00, 
    0xFC, 0x00, 0x00, 0x00, 
    0xFC, 0x00, 0x00, 0x00, 
    0xFC, 0x00, 0x00, 0x00, 
    0x1F, 0xFE, 0x00, 0x00, 
    0x1F, 0xFE, 0x00, 0x00, 
    0x1F, 0xFE, 0x00, 0x00, 
    0x00, 0x00, 0x00, 0x00, 
    // 'f' (ASCII 102)
    0x00, 0x00, 0x00, 0x00, 
    0x00, 0x00, 0x00, 0x00, 
    0x1F, 0x80, 0x00, 0x00, 
    0x1F, 0x80, 0x00, 0x00, 
    0x1F, 0x80, 0x00, 0x00, 
    0xFC, 0x00, 0x00, 0x00, 
    0xFC, 0x00, 0x00, 0x00, 
    0xFC, 0x00, 0x00, 0x00, 
    0xFF, 0x80, 0x00, 0x00, 
    0xFF, 0x80, 0x00, 0x00, 
    0xFF, 0x80, 0x00, 0x00, 
    0xFC, 0x00, 0x00, 0x00, 
    0xFC, 0x00, 0x00, 0x00, 
    0xFC, 0x00, 0x00, 0x00, 
    0xFC, 0x00, 0x00, 0x00, 
    0xFC, 0x00, 0x00, 0x00, 
    0xFC, 0x00, 0x00, 0x00, 
    0xFC, 0x00, 0x00, 0x00, 
    0xFC, 0x00, 0x00, 0x00, 
    0xFC, 0x00, 0x00, 0x00, 
    0xFC, 0x00, 0x00, 0x00, 
    0xFC, 0x00, 0x00, 0x00, 
    0xFC, 0x00, 0x00, 0x00, 
    0x00, 0x00, 0x00, 0x00, 
    // 'g' (ASCII 103)
    0x00, 0x00, 0x00, 0x00, 
    0x00, 0x00, 0x00, 0x00, 
    0x00, 0x00, 0x00, 0x00, 
    0x00, 0x00, 0x00, 0x00, 
    0x00, 0x00, 0x00, 0x00, 
    0x00, 0x00, 0x00, 0x00, 
    0x00, 0x00, 0x00, 0x00, 
    0x00, 0x00, 0x00, 0x00, 
    0x1F, 0xFE, 0x00, 0x00, 
    0x1F, 0xFE, 0x00, 0x00, 
    0x1F, 0xFE, 0x00, 0x00, 
    0xFC, 0x7E, 0x00, 0x00, 
    0xFC, 0x7E, 0x00, 0x00, 
    0xFC, 0x7E, 0x00, 0x00, 
    0xFC, 0x7E, 0x00, 0x00, 
    0xFC, 0x7E, 0x00, 0x00, 
    0xFC, 0x7E, 0x00, 0x00, 
    0x1F, 0xFE, 0x00, 0x00, 
    0x1F, 0xFE, 0x00, 0x00, 
    0x1F, 0xFE, 0x00, 0x00, 
    0x00, 0x7E, 0x00, 0x00, 
    0x00, 0x7E, 0x00, 0x00, 
    0x00, 0x7E, 0x00, 0x00, 
    0x1F, 0xF0, 0x00, 0x00, 
    // 'h' (ASCII 104)
    0x00, 0x00, 0x00, 0x00, 
    0x00, 0x00, 0x00, 0x00, 
    0xFC, 0x00, 0x00, 0x00, 
    0xFC, 0x00, 0x00, 0x00, 
    0xFC, 0x00, 0x00, 0x00, 
    0xFC, 0x00, 0x00, 0x00, 
    0xFC, 0x00, 0x00, 0x00, 
    0xFC, 0x00, 0x00, 0x00, 
    0xFF, 0xF0, 0x00, 0x00, 
    0xFF, 0xF0, 0x00, 0x00, 
    0xFF, 0xF0, 0x00, 0x00, 
    0xFC, 0x7E, 0x00, 0x00, 
    0xFC, 0x7E, 0x00, 0x00, 
    0xFC, 0x7E, 0x00, 0x00, 
    0xFC, 0x7E, 0x00, 0x00, 
    0xFC, 0x7E, 0x00, 0x00, 
    0xFC, 0x7E, 0x00, 0x00, 
    0xFC, 0x7E, 0x00, 0x00, 
    0xFC, 0x7E, 0x00, 0x00, 
    0xFC, 0x7E, 0x00, 0x00, 
    0xFC, 0x7E, 0x00, 0x00, 
    0xFC, 0x7E, 0x00, 0x00, 
    0xFC, 0x7E, 0x00, 0x00, 
    0x00, 0x00, 0x00, 0x00, 
    // 'i' (ASCII 105)
    0x00, 0x00, 0x00, 0x00, 
    0x00, 0x00, 0x00, 0x00, 
    0xFC, 0x00, 0x00, 0x00, 
    0xFC, 0x00, 0x00, 0x00, 
    0xFC, 0x00, 0x00, 0x00, 
    0x00, 0x00, 0x00, 0x00, 
    0x00, 0x00, 0x00, 0x00, 
    0x00, 0x00, 0x00, 0x00, 
    0xFC, 0x00, 0x00, 0x00, 
    0xFC, 0x00, 0x00, 0x00, 
    0xFC, 0x00, 0x00, 0x00, 
    0xFC, 0x00, 0x00, 0x00, 
    0xFC, 0x00, 0x00, 0x00, 
    0xFC, 0x00, 0x00, 0x00, 
    0xFC, 0x00, 0x00, 0x00, 
    0xFC, 0x00, 0x00, 0x00, 
    0xFC, 0x00, 0x00, 0x00, 
    0xFC, 0x00, 0x00, 0x00, 
    0xFC, 0x00, 0x00, 0x00, 
    0xFC, 0x00, 0x00, 0x00, 
    0xFC, 0x00, 0x00, 0x00, 
    0xFC, 0x00, 0x00, 0x00, 
    0xFC, 0x00, 0x00, 0x00, 
    0x00, 0x00, 0x00, 0x00, 
    // 'j' (ASCII 106)
    0x00, 0x00, 0x00, 0x00, 
    0x00, 0x00, 0x00, 0x00, 
    0x1F, 0x80, 0x00, 0x00, 
    0x1F, 0x80, 0x00, 0x00, 
    0x1F, 0x80, 0x00, 0x00, 
    0x00, 0x00, 0x00, 0x00, 
    0x00, 0x00, 0x00, 0x00, 
    0x00, 0x00, 0x00, 0x00, 
    0x1F, 0x80, 0x00, 0x00, 
    0x1F, 0x80, 0x00, 0x00, 
    0x1F, 0x80, 0x00, 0x00, 
    0x1F, 0x80, 0x00, 0x00, 
    0x1F, 0x80, 0x00, 0x00, 
    0x1F, 0x80, 0x00, 0x00, 
    0x1F, 0x80, 0x00, 0x00, 
    0x1F, 0x80, 0x00, 0x00, 
    0x1F, 0x80, 0x00, 0x00, 
    0x1F, 0x80, 0x00, 0x00, 
    0x1F, 0x80, 0x00, 0x00, 
    0x1F, 0x80, 0x00, 0x00, 
    0x1F, 0x80, 0x00, 0x00, 
    0x1F, 0x80, 0x00, 0x00, 
    0x1F, 0x80, 0x00, 0x00, 
    0xFC, 0x00, 0x00, 0x00, 
    // 'k' (ASCII 107)
    0x00, 0x00, 0x00, 0x00, 
    0x00, 0x00, 0x00, 0x00, 
    0xFC, 0x00, 0x00, 0x00, 
    0xFC, 0x00, 0x00, 0x00, 
    0xFC, 0x00, 0x00, 0x00, 
    0xFC, 0x00, 0x00, 0x00, 
    0xFC, 0x00, 0x00, 0x00, 
    0xFC, 0x00, 0x00, 0x00, 
    0xFC, 0x7E, 0x00, 0x00, 
    0xFC, 0x7E, 0x00, 0x00, 
    0xFC, 0x7E, 0x00, 0x00, 
    0xFF, 0xF0, 0x00, 0x00, 
    0xFF, 0xF0, 0x00, 0x00, 
    0xFF, 0xF0, 0x00, 0x00, 
    0xFF, 0x80, 0x00, 0x00, 
    0xFF, 0x80, 0x00, 0x00, 
    0xFF, 0x80, 0x00, 0x00, 
    0xFF, 0xF0, 0x00, 0x00, 
    0xFF, 0xF0, 0x00, 0x00, 
    0xFF, 0xF0, 0x00, 0x00, 
    0xFC, 0x7E, 0x00, 0x00, 
    0xFC, 0x7E, 0x00, 0x00, 
    0xFC, 0x7E, 0x00, 0x00, 
    0x00, 0x00, 0x00, 0x00, 
    // 'l' (ASCII 108)
    0x00, 0x00, 0x00, 0x00, 
    0x00, 0x00, 0x00, 0x00, 
    0xFC, 0x00, 0x00, 0x00, 
    0xFC, 0x00, 0x00, 0x00, 
    0xFC, 0x00, 0x00, 0x00, 
    0xFC, 0x00, 0x00, 0x00, 
    0xFC, 0x00, 0x00, 0x00, 
    0xFC, 0x00, 0x00, 0x00, 
    0xFC, 0x00, 0x00, 0x00, 
    0xFC, 0x00, 0x00, 0x00, 
    0xFC, 0x00, 0x00, 0x00, 
    0xFC, 0x00, 0x00, 0x00, 
    0xFC, 0x00, 0x00, 0x00, 
    0xFC, 0x00, 0x00, 0x00, 
    0xFC, 0x00, 0x00, 0x00, 
    0xFC, 0x00, 0x00, 0x00, 
    0xFC, 0x00, 0x00, 0x00, 
    0xFC, 0x00, 0x00, 0x00, 
    0xFC, 0x00, 0x00, 0x00, 
    0xFC, 0x00, 0x00, 0x00, 
    0xFC, 0x00, 0x00, 0x00, 
    0xFC, 0x00, 0x00, 0x00, 
    0xFC, 0x00, 0x00, 0x00, 
    0x00, 0x00, 0x00, 0x00, 
    // 'm' (ASCII 109)
    0x00, 0x00, 0x00, 0x00, 
    0x00, 0x00, 0x00, 0x00, 
    0x00, 0x00, 0x00, 0x00, 
    0x00, 0x00, 0x00, 0x00, 
    0x00, 0x00, 0x00, 0x00, 
    0x00, 0x00, 0x00, 0x00, 
    0x00, 0x00, 0x00, 0x00, 
    0x00, 0x00, 0x00, 0x00, 
    0xFF, 0xFF, 0xF8, 0x00, 
    0xFF, 0xFF, 0xF8, 0x00, 
    0xFF, 0xFF, 0xF8, 0x00, 
    0xFC, 0x7E, 0x3F, 0x00, 
    0xFC, 0x7E, 0x3F, 0x00, 
    0xFC, 0x7E, 0x3F, 0x00, 
    0xFC, 0x7E, 0x3F, 0x00, 
    0xFC, 0x7E, 0x3F, 0x00, 
    0xFC, 0x7E, 0x3F, 0x00, 
    0xFC, 0x7E, 0x3F, 0x00, 
    0xFC, 0x7E, 0x3F, 0x00, 
    0xFC, 0x7E, 0x3F, 0x00, 
    0xFC, 0x7E, 0x3F, 0x00, 
    0xFC, 0x7E, 0x3F, 0x00, 
    0xFC, 0x7E, 0x3F, 0x00, 
    0x00, 0x00, 0x00, 0x00, 
    // 'n' (ASCII 110)
    0x00, 0x00, 0x00, 0x00, 
    0x00, 0x00, 0x00, 0x00, 
    0x00, 0x00, 0x00, 0x00, 
    0x00, 0x00, 0x00, 0x00, 
    0x00, 0x00, 0x00, 0x00, 
    0x00, 0x00, 0x00, 0x00, 
    0x00, 0x00, 0x00, 0x00, 
    0x00, 0x00, 0x00, 0x00, 
    0xFF, 0xF0, 0x00, 0x00, 
    0xFF, 0xF0, 0x00, 0x00, 
    0xFF, 0xF0, 0x00, 0x00, 
    0xFC, 0x7E, 0x00, 0x00, 
    0xFC, 0x7E, 0x00, 0x00, 
    0xFC, 0x7E, 0x00, 0x00, 
    0xFC, 0x7E, 0x00, 0x00, 
    0xFC, 0x7E, 0x00, 0x00, 
    0xFC, 0x7E, 0x00, 0x00, 
    0xFC, 0x7E, 0x00, 0x00, 
    0xFC, 0x7E, 0x00, 0x00, 
    0xFC, 0x7E, 0x00, 0x00, 
    0xFC, 0x7E, 0x00, 0x00, 
    0xFC, 0x7E, 0x00, 0x00, 
    0xFC, 0x7E, 0x00, 0x00, 
    0x00, 0x00, 0x00, 0x00, 
    // 'o' (ASCII 111)
    0x00, 0x00, 0x00, 0x00, 
    0x00, 0x00, 0x00, 0x00, 
    0x00, 0x00, 0x00, 0x00, 
    0x00, 0x00, 0x00, 0x00, 
    0x00, 0x00, 0x00, 0x00, 
    0x00, 0x00, 0x00, 0x00, 
    0x00, 0x00, 0x00, 0x00, 
    0x00, 0x00, 0x00, 0x00, 
    0x1F, 0xF0, 0x00, 0x00, 
    0x1F, 0xF0, 0x00, 0x00, 
    0x1F, 0xF0, 0x00, 0x00, 
    0xFC, 0x7E, 0x00, 0x00, 
    0xFC, 0x7E, 0x00, 0x00, 
    0xFC, 0x7E, 0x00, 0x00, 
    0xFC, 0x7E, 0x00, 0x00, 
    0xFC, 0x7E, 0x00, 0x00, 
    0xFC, 0x7E, 0x00, 0x00, 
    0xFC, 0x7E, 0x00, 0x00, 
    0xFC, 0x7E, 0x00, 0x00, 
    0xFC, 0x7E, 0x00, 0x00, 
    0x1F, 0xF0, 0x00, 0x00, 
    0x1F, 0xF0, 0x00, 0x00, 
    0x1F, 0xF0, 0x00, 0x00, 
    0x00, 0x00, 0x00, 0x00, 
    // 'p' (ASCII 112)
    0x00, 0x00, 0x00, 0x00, 
    0x00, 0x00, 0x00, 0x00, 
    0x00, 0x00, 0x00, 0x00, 
    0x00, 0x00, 0x00, 0x00, 
    0x00, 0x00, 0x00, 0x00, 
    0x00, 0x00, 0x00, 0x00, 
    0x00, 0x00, 0x00, 0x00, 
    0x00, 0x00, 0x00, 0x00, 
    0xFF, 0xF0, 0x00, 0x00, 
    0xFF, 0xF0, 0x00, 0x00, 
    0xFF, 0xF0, 0x00, 0x00, 
    0xFC, 0x7E, 0x00, 0x00, 
    0xFC, 0x7E, 0x00, 0x00, 
    0xFC, 0x7E, 0x00, 0x00, 
    0xFC, 0x7E, 0x00, 0x00, 
    0xFC, 0x7E, 0x00, 0x00, 
    0xFC, 0x7E, 0x00, 0x00, 
    0xFF, 0xF0, 0x00, 0x00, 
    0xFF, 0xF0, 0x00, 0x00, 
    0xFF, 0xF0, 0x00, 0x00, 
    0xFC, 0x00, 0x00, 0x00, 
    0xFC, 0x00, 0x00, 0x00, 
    0xFC, 0x00, 0x00, 0x00, 
    0xFC, 0x00, 0x00, 0x00, 
    // 'q' (ASCII 113)
    0x00, 0x00, 0x00, 0x00, 
    0x00, 0x00, 0x00, 0x00, 
    0x00, 0x00, 0x00, 0x00, 
    0x00, 0x00, 0x00, 0x00, 
    0x00, 0x00, 0x00, 0x00, 
    0x00, 0x00, 0x00, 0x00, 
    0x00, 0x00, 0x00, 0x00, 
    0x00, 0x00, 0x00, 0x00, 
    0x1F, 0xFE, 0x00, 0x00, 
    0x1F, 0xFE, 0x00, 0x00, 
    0x1F, 0xFE, 0x00, 0x00, 
    0xFC, 0x7E, 0x00, 0x00, 
    0xFC, 0x7E, 0x00, 0x00, 
    0xFC, 0x7E, 0x00, 0x00, 
    0xFC, 0x7E, 0x00, 0x00, 
    0xFC, 0x7E, 0x00, 0x00, 
    0xFC, 0x7E, 0x00, 0x00, 
    0x1F, 0xFE, 0x00, 0x00, 
    0x1F, 0xFE, 0x00, 0x00, 
    0x1F, 0xFE, 0x00, 0x00, 
    0x00, 0x7E, 0x00, 0x00, 
    0x00, 0x7E, 0x00, 0x00, 
    0x00, 0x7E, 0x00, 0x00, 
    0x00, 0x7E, 0x00, 0x00, 
    // 'r' (ASCII 114)
    0x00, 0x00, 0x00, 0x00, 
    0x00, 0x00, 0x00, 0x00, 
    0x00, 0x00, 0x00, 0x00, 
    0x00, 0x00, 0x00, 0x00, 
    0x00, 0x00, 0x00, 0x00, 
    0x00, 0x00, 0x00, 0x00, 
    0x00, 0x00, 0x00, 0x00, 
    0x00, 0x00, 0x00, 0x00, 
    0xFC, 0x70, 0x00, 0x00, 
    0xFC, 0x70, 0x00, 0x00, 
    0xFC, 0x70, 0x00, 0x00, 
    0xFF, 0xF0, 0x00, 0x00, 
    0xFF, 0xF0, 0x00, 0x00, 
    0xFF, 0xF0, 0x00, 0x00, 
    0xFC, 0x00, 0x00, 0x00, 
    0xFC, 0x00, 0x00, 0x00, 
    0xFC, 0x00, 0x00, 0x00, 
    0xFC, 0x00, 0x00, 0x00, 
    0xFC, 0x00, 0x00, 0x00, 
    0xFC, 0x00, 0x00, 0x00, 
    0xFC, 0x00, 0x00, 0x00, 
    0xFC, 0x00, 0x00, 0x00, 
    0xFC, 0x00, 0x00, 0x00, 
    0x00, 0x00, 0x00, 0x00, 
    // 's' (ASCII 115)
    0x00, 0x00, 0x00, 0x00, 
    0x00, 0x00, 0x00, 0x00, 
    0x00, 0x00, 0x00, 0x00, 
    0x00, 0x00, 0x00, 0x00, 
    0x00, 0x00, 0x00, 0x00, 
    0x00, 0x00, 0x00, 0x00, 
    0x00, 0x00, 0x00, 0x00, 
    0x00, 0x00, 0x00, 0x00, 
    0x1F, 0xF0, 0x00, 0x00, 
    0x1F, 0xF0, 0x00, 0x00, 
    0x1F, 0xF0, 0x00, 0x00, 
    0xFC, 0x00, 0x00, 0x00, 
    0xFC, 0x00, 0x00, 0x00, 
    0xFC, 0x00, 0x00, 0x00, 
    0xFF, 0xF0, 0x00, 0x00, 
    0xFF, 0xF0, 0x00, 0x00, 
    0xFF, 0xF0, 0x00, 0x00, 
    0x03, 0xF0, 0x00, 0x00, 
    0x03, 0xF0, 0x00, 0x00, 
    0x03, 0xF0, 0x00, 0x00, 
    0xFF, 0x80, 0x00, 0x00, 
    0xFF, 0x80, 0x00, 0x00, 
    0xFF, 0x80, 0x00, 0x00, 
    0x00, 0x00, 0x00, 0x00, 
    // 't' (ASCII 116)
    0x00, 0x00, 0x00, 0x00, 
    0x00, 0x00, 0x00, 0x00, 
    0xFC, 0x00, 0x00, 0x00, 
    0xFC, 0x00, 0x00, 0x00, 
    0xFC, 0x00, 0x00, 0x00, 
    0xFC, 0x00, 0x00, 0x00, 
    0xFC, 0x00, 0x00, 0x00, 
    0xFC, 0x00, 0x00, 0x00, 
    0xFF, 0x80, 0x00, 0x00, 
    0xFF, 0x80, 0x00, 0x00, 
    0xFF, 0x80, 0x00, 0x00, 
    0xFC, 0x00, 0x00, 0x00, 
    0xFC, 0x00, 0x00, 0x00, 
    0xFC, 0x00, 0x00, 0x00, 
    0xFC, 0x00, 0x00, 0x00, 
    0xFC, 0x00, 0x00, 0x00, 
    0xFC, 0x00, 0x00, 0x00, 
    0xFC, 0x00, 0x00, 0x00, 
    0xFC, 0x00, 0x00, 0x00, 
    0xFC, 0x00, 0x00, 0x00, 
    0x1F, 0x80, 0x00, 0x00, 
    0x1F, 0x80, 0x00, 0x00, 
    0x1F, 0x80, 0x00, 0x00, 
    0x00, 0x00, 0x00, 0x00, 
    // 'u' (ASCII 117)
    0x00, 0x00, 0x00, 0x00, 
    0x00, 0x00, 0x00, 0x00, 
    0x00, 0x00, 0x00, 0x00, 
    0x00, 0x00, 0x00, 0x00, 
    0x00, 0x00, 0x00, 0x00, 
    0x00, 0x00, 0x00, 0x00, 
    0x00, 0x00, 0x00, 0x00, 
    0x00, 0x00, 0x00, 0x00, 
    0xFC, 0x7E, 0x00, 0x00, 
    0xFC, 0x7E, 0x00, 0x00, 
    0xFC, 0x7E, 0x00, 0x00, 
    0xFC, 0x7E, 0x00, 0x00, 
    0xFC, 0x7E, 0x00, 0x00, 
    0xFC, 0x7E, 0x00, 0x00, 
    0xFC, 0x7E, 0x00, 0x00, 
    0xFC, 0x7E, 0x00, 0x00, 
    0xFC, 0x7E, 0x00, 0x00, 
    0xFC, 0x7E, 0x00, 0x00, 
    0xFC, 0x7E, 0x00, 0x00, 
    0xFC, 0x7E, 0x00, 0x00, 
    0x1F, 0xFE, 0x00, 0x00, 
    0x1F, 0xFE, 0x00, 0x00, 
    0x1F, 0xFE, 0x00, 0x00, 
    0x00, 0x00, 0x00, 0x00, 
    // 'v' (ASCII 118)
    0x00, 0x00, 0x00, 0x00, 
    0x00, 0x00, 0x00, 0x00, 
    0x00, 0x00, 0x00, 0x00, 
    0x00, 0x00, 0x00, 0x00, 
    0x00, 0x00, 0x00, 0x00, 
    0x00, 0x00, 0x00, 0x00, 
    0x00, 0x00, 0x00, 0x00, 
    0x00, 0x00, 0x00, 0x00, 
    0xFC, 0x7E, 0x00, 0x00, 
    0xFC, 0x7E, 0x00, 0x00, 
    0xFC, 0x7E, 0x00, 0x00, 
    0xFC, 0x7E, 0x00, 0x00, 
    0xFC, 0x7E, 0x00, 0x00, 
    0xFC, 0x7E, 0x00, 0x00, 
    0x1F, 0xF0, 0x00, 0x00, 
    0x1F, 0xF0, 0x00, 0x00, 
    0x1F, 0xF0, 0x00, 0x00, 
    0x1F, 0xF0, 0x00, 0x00, 
    0x1F, 0xF0, 0x00, 0x00, 
    0x1F, 0xF0, 0x00, 0x00, 
    0x03, 0x80, 0x00, 0x00, 
    0x03, 0x80, 0x00, 0x00, 
    0x03, 0x80, 0x00, 0x00, 
    0x00, 0x00, 0x00, 0x00, 
    // 'w' (ASCII 119)
    0x00, 0x00, 0x00, 0x00, 
    0x00, 0x00, 0x00, 0x00, 
    0x00, 0x00, 0x00, 0x00, 
    0x00, 0x00, 0x00, 0x00, 
    0x00, 0x00, 0x00, 0x00, 
    0x00, 0x00, 0x00, 0x00, 
    0x00, 0x00, 0x00, 0x00, 
    0x00, 0x00, 0x00, 0x00, 
    0xFC, 0x01, 0xF8, 0x00, 
    0xFC, 0x01, 0xF8, 0x00, 
    0xFC, 0x01, 0xF8, 0x00, 
    0xFC, 0x71, 0xF8, 0x00, 
    0xFC, 0x71, 0xF8, 0x00, 
    0xFC, 0x71, 0xF8, 0x00, 
    0xFC, 0x71, 0xF8, 0x00, 
    0xFC, 0x71, 0xF8, 0x00, 
    0xFC, 0x71, 0xF8, 0x00, 
    0x1F, 0xFF, 0xC0, 0x00, 
    0x1F, 0xFF, 0xC0, 0x00, 
    0x1F, 0xFF, 0xC0, 0x00, 
    0x1F, 0x8F, 0xC0, 0x00, 
    0x1F, 0x8F, 0xC0, 0x00, 
    0x1F, 0x8F, 0xC0, 0x00, 
    0x00, 0x00, 0x00, 0x00, 
    // 'x' (ASCII 120)
    0x00, 0x00, 0x00, 0x00, 
    0x00, 0x00, 0x00, 0x00, 
    0x00, 0x00, 0x00, 0x00, 
    0x00, 0x00, 0x00, 0x00, 
    0x00, 0x00, 0x00, 0x00, 
    0x00, 0x00, 0x00, 0x00, 
    0x00, 0x00, 0x00, 0x00, 
    0x00, 0x00, 0x00, 0x00, 
    0xFC, 0x7E, 0x00, 0x00, 
    0xFC, 0x7E, 0x00, 0x00, 
    0xFC, 0x7E, 0x00, 0x00, 
    0xFC, 0x7E, 0x00, 0x00, 
    0xFC, 0x7E, 0x00, 0x00, 
    0xFC, 0x7E, 0x00, 0x00, 
    0x1F, 0xF0, 0x00, 0x00, 
    0x1F, 0xF0, 0x00, 0x00, 
    0x1F, 0xF0, 0x00, 0x00, 
    0xFC, 0x7E, 0x00, 0x00, 
    0xFC, 0x7E, 0x00, 0x00, 
    0xFC, 0x7E, 0x00, 0x00, 
    0xFC, 0x7E, 0x00, 0x00, 
    0xFC, 0x7E, 0x00, 0x00, 
    0xFC, 0x7E, 0x00, 0x00, 
    0x00, 0x00, 0x00, 0x00, 
    // 'y' (ASCII 121)
    0x00, 0x00, 0x00, 0x00, 
    0x00, 0x00, 0x00, 0x00, 
    0x00, 0x00, 0x00, 0x00, 
    0x00, 0x00, 0x00, 0x00, 
    0x00, 0x00, 0x00, 0x00, 
    0x00, 0x00, 0x00, 0x00, 
    0x00, 0x00, 0x00, 0x00, 
    0x00, 0x00, 0x00, 0x00, 
    0xFC, 0x7E, 0x00, 0x00, 
    0xFC, 0x7E, 0x00, 0x00, 
    0xFC, 0x7E, 0x00, 0x00, 
    0xFC, 0x7E, 0x00, 0x00, 
    0xFC, 0x7E, 0x00, 0x00, 
    0xFC, 0x7E, 0x00, 0x00, 
    0xFC, 0x7E, 0x00, 0x00, 
    0xFC, 0x7E, 0x00, 0x00, 
    0xFC, 0x7E, 0x00, 0x00, 
    0x1F, 0xFE, 0x00, 0x00, 
    0x1F, 0xFE, 0x00, 0x00, 
    0x1F, 0xFE, 0x00, 0x00, 
    0x00, 0x7E, 0x00, 0x00, 
    0x00, 0x7E, 0x00, 0x00, 
    0x00, 0x7E, 0x00, 0x00, 
    0x1F, 0xF0, 0x00, 0x00, 
    // 'z' (ASCII 122)
    0x00, 0x00, 0x00, 0x00, 
    0x00, 0x00, 0x00, 0x00, 
    0x00, 0x00, 0x00, 0x00, 
    0x00, 0x00, 0x00, 0x00, 
    0x00, 0x00, 0x00, 0x00, 
    0x00, 0x00, 0x00, 0x00, 
    0x00, 0x00, 0x00, 0x00, 
    0x00, 0x00, 0x00, 0x00, 
    0xFF, 0xFE, 0x00, 0x00, 
    0xFF, 0xFE, 0x00, 0x00, 
    0xFF, 0xFE, 0x00, 0x00, 
    0x03, 0xF0, 0x00, 0x00, 
    0x03, 0xF0, 0x00, 0x00, 
    0x03, 0xF0, 0x00, 0x00, 
    0x1F, 0x80, 0x00, 0x00, 
    0x1F, 0x80, 0x00, 0x00, 
    0x1F, 0x80, 0x00, 0x00, 
    0xFC, 0x00, 0x00, 0x00, 
    0xFC, 0x00, 0x00, 0x00, 
    0xFC, 0x00, 0x00, 0x00, 
    0xFF, 0xFE, 0x00, 0x00, 
    0xFF, 0xFE, 0x00, 0x00, 
    0xFF, 0xFE, 0x00, 0x00, 
    0x00, 0x00, 0x00, 0x00, 
    // '{' (ASCII 123)
    0x00, 0x00, 0x00, 0x00, 
    0x00, 0x00, 0x00, 0x00, 
    0xFF, 0x80, 0x00, 0x00, 
    0xFF, 0x80, 0x00, 0x00, 
    0xFF, 0x80, 0x00, 0x00, 
    0xFC, 0x00, 0x00, 0x00, 
    0xFC, 0x00, 0x00, 0x00, 
    0xFC, 0x00, 0x00, 0x00, 
    0xFC, 0x00, 0x00, 0x00, 
    0xFC, 0x00, 0x00, 0x00, 
    0xFC, 0x00, 0x00, 0x00, 
    0xFC, 0x00, 0x00, 0x00, 
    0xFC, 0x00, 0x00, 0x00, 
    0xFC, 0x00, 0x00, 0x00, 
    0xFC, 0x00, 0x00, 0x00, 
    0xFC, 0x00, 0x00, 0x00, 
    0xFC, 0x00, 0x00, 0x00, 
    0xFC, 0x00, 0x00, 0x00, 
    0xFC, 0x00, 0x00, 0x00, 
    0xFC, 0x00, 0x00, 0x00, 
    0xFC, 0x00, 0x00, 0x00, 
    0xFC, 0x00, 0x00, 0x00, 
    0xFC, 0x00, 0x00, 0x00, 
    0xFF, 0x80, 0x00, 0x00, 
    // '|' (ASCII 124)
    0x00, 0x00, 0x00, 0x00, 
    0x00, 0x00, 0x00, 0x00, 
    0xFC, 0x00, 0x00, 0x00, 
    0xFC, 0x00, 0x00, 0x00, 
    0xFC, 0x00, 0x00, 0x00, 
    0xFC, 0x00, 0x00, 0x00, 
    0xFC, 0x00, 0x00, 0x00, 
    0xFC, 0x00, 0x00, 0x00, 
    0xFC, 0x00, 0x00, 0x00, 
    0xFC, 0x00, 0x00, 0x00, 
    0xFC, 0x00, 0x00, 0x00, 
    0xFC, 0x00, 0x00, 0x00, 
    0xFC, 0x00, 0x00, 0x00, 
    0xFC, 0x00, 0x00, 0x00, 
    0xFC, 0x00, 0x00, 0x00, 
    0xFC, 0x00, 0x00, 0x00, 
    0xFC, 0x00, 0x00, 0x00, 
    0xFC, 0x00, 0x00, 0x00, 
    0xFC, 0x00, 0x00, 0x00, 
    0xFC, 0x00, 0x00, 0x00, 
    0xFC, 0x00, 0x00, 0x00, 
    0xFC, 0x00, 0x00, 0x00, 
    0xFC, 0x00, 0x00, 0x00, 
    0xFC, 0x00, 0x00, 0x00, 
    // '}' (ASCII 125)
    0x00, 0x00, 0x00, 0x00, 
    0x00, 0x00, 0x00, 0x00, 
    0xFF, 0x80, 0x00, 0x00, 
    0xFF, 0x80, 0x00, 0x00, 
    0xFF, 0x80, 0x00, 0x00, 
    0x1F, 0x80, 0x00, 0x00, 
    0x1F, 0x80, 0x00, 0x00, 
    0x1F, 0x80, 0x00, 0x00, 
    0x1F, 0x80, 0x00, 0x00, 
    0x1F, 0x80, 0x00, 0x00, 
    0x1F, 0x80, 0x00, 0x00, 
    0x1F, 0x80, 0x00, 0x00, 
    0x1F, 0x80, 0x00, 0x00, 
    0x1F, 0x80, 0x00, 0x00, 
    0x1F, 0x80, 0x00, 0x00, 
    0x1F, 0x80, 0x00, 0x00, 
    0x1F, 0x80, 0x00, 0x00, 
    0x1F, 0x80, 0x00, 0x00, 
    0x1F, 0x80, 0x00, 0x00, 
    0x1F, 0x80, 0x00, 0x00, 
    0x1F, 0x80, 0x00, 0x00, 
    0x1F, 0x80, 0x00, 0x00, 
    0x1F, 0x80, 0x00, 0x00, 
    0xFF, 0x80, 0x00, 0x00, 
    // '~' (ASCII 126)
    0x00, 0x00, 0x00, 0x00, 
    0x00, 0x00, 0x00, 0x00, 
    0x1F, 0x8E, 0x00, 0x00, 
    0x1F, 0x8E, 0x00, 0x00, 
    0x1F, 0x8E, 0x00, 0x00, 
    0xE3, 0xF0, 0x00, 0x00, 
    0xE3, 0xF0, 0x00, 0x00, 
    0xE3, 0xF0, 0x00, 0x00, 
    0x00, 0x00, 0x00, 0x00, 
    0x00, 0x00, 0x00, 0x00, 
    0x00, 0x00, 0x00, 0x00, 
    0x00, 0x00, 0x00, 0x00, 
    0x00, 0x00, 0x00, 0x00, 
    0x00, 0x00, 0x00, 0x00, 
    0x00, 0x00, 0x00, 0x00, 
    0x00, 0x00, 0x00, 0x00, 
    0x00, 0x00, 0x00, 0x00, 
    0x00, 0x00, 0x00, 0x00, 
    0x00, 0x00, 0x00, 0x00, 
    0x00, 0x00, 0x00, 0x00, 
    0x00, 0x00, 0x00, 0x00, 
    0x00, 0x00, 0x00, 0x00, 
    0x00, 0x00, 0x00, 0x00, 
    0x00, 0x00, 0x00, 0x00, 
};

sFONT Font_nokia_24 = {
  Font_nokia_24_Table,
  25, // Width
  24  // Height
};

